name,price,wholesale,link,dataparser
Аккумулятор для Samsung Galaxy A34 5G (A346B)/A35 5G (A356E)/A54 5G (A546E)/A25 5G (A256E) (EB-BA546ABY) - Battery Collection (Премиум),750 ₽,625 ₽,/catalog/akkumulyatory-dlya-mobilnykh-ustroystv/akkumulyator-dlya-samsung-galaxy-a34-5g-a346b-a35-5g-a356e-a54-5g-a546e-a25-5g-a256e-eb-ba546aby-bat/,2026-09-11 10:47:59
Аккумулятор для iPhone 11 - Battery Collection - усиленная 3510 mAh,950 ₽,780 ₽,/catalog/akkumulyatory-dlya-mobilnykh-ustroystv/akkumulyator-dlya-iphone-11-battery-collection-usilennaya-3510-mah/,2026-09-11 10:47:59
Аккумулятор для Xiaomi Redmi Note 10 Pro 4G/Redmi Note 9 Pro (BN53) - Battery Collection (Премиум),750 ₽,600 ₽,/catalog/akkumulyatory-dlya-mobilnykh-ustroystv/akkumulyator-dlya-xiaomi-redmi-note-10-pro-4g-redmi-note-9-pro-bn53-battery-collection-premium/,2026-09-11 10:47:59
Аккумулятор для Nokia 1100/130/130 Dual/150/205 (BL-5C) - Battery Collection (Премиум),300 ₽,215 ₽,/catalog/akkumulyatory-dlya-mobilnykh-ustroystv/akkumulyator-dlya-nokia-1100-130-130-dual-150-205-bl-5c-battery-collection-premium/,2026-09-11 10:47:59
Аккумулятор для iPhone 11 - Battery Collection,900 ₽,735 ₽,/catalog/akkumulyatory-dlya-mobilnykh-ustroystv/akkumulyator-dlya-iphone-11-battery-collection/,2026-09-11 10:47:59
Аккумулятор для Xiaomi 13T/Note 13 Pro 4G/14S/Poco M6 Pro 4G/X6 Pro 5G/14T (BM5T) - Battery Collection (Премиум),1200 ₽,965 ₽,/catalog/akkumulyatory-dlya-mobilnykh-ustroystv/akkumulyator-dlya-xiaomi-13t-note-13-pro-4g-14s-poco-m6-pro-4g-x6-pro-5g-14t-bm5t-battery-collection/,2026-09-11 10:47:59
Аккумулятор для Xiaomi Poco M3/Redmi 9T (BN62) - Battery Collection (Премиум),800 ₽,670 ₽,/catalog/akkumulyatory-dlya-mobilnykh-ustroystv/akkumulyator-dlya-xiaomi-poco-m3-redmi-9t-bn62-battery-collection-premium/,2026-09-11 10:47:59
Аккумулятор для iPhone 12/12 Pro - Battery Collection с верификацией - усиленная 3310 mAh,1500 ₽,1200 ₽,/catalog/akkumulyatory-dlya-mobilnykh-ustroystv/akkumulyator-dlya-iphone-12-12-pro-battery-collection-s-verifikatsiey-usilennaya-3310-mah/,2026-09-11 10:47:59
Аккумулятор для Xiaomi Poco X3 NFC/X3 Pro (BN57) - Battery Collection (Премиум),850 ₽,715 ₽,/catalog/akkumulyatory-dlya-mobilnykh-ustroystv/akkumulyator-dlya-xiaomi-poco-x3-nfc-x3-pro-bn57-battery-collection-premium/,2026-09-11 10:47:59
Аккумулятор для Xiaomi Redmi Note 13 4G/5G (BN5P) - Battery Collection (Премиум),850 ₽,715 ₽,/catalog/akkumulyatory-dlya-mobilnykh-ustroystv/akkumulyator-dlya-xiaomi-redmi-note-13-4g-5g-bn5p-battery-collection-premium/,2026-09-11 10:47:59
Аккумулятор для iPhone 13 - Battery Collection с верификацией - усиленная 3500 mAh,1600 ₽,1300 ₽,/catalog/akkumulyatory-dlya-mobilnykh-ustroystv/akkumulyator-dlya-iphone-13-battery-collection-s-verifikatsiey-usilennaya-3500-mah/,2026-09-11 10:47:59
Аккумулятор для Xiaomi Mi 11 Lite 4G/5G/11 Lite 5G NE (BP42) - Battery Collection (Премиум),800 ₽,670 ₽,/catalog/akkumulyatory-dlya-mobilnykh-ustroystv/akkumulyator-dlya-xiaomi-mi-11-lite-4g-5g-11-lite-5g-ne-bp42-battery-collection-premium/,2026-09-11 10:47:59
Аккумулятор для Samsung Galaxy S20 FE (G780F) /A52 (A525F) (EB-BG781ABY) - Battery Collection (Премиум),700 ₽,570 ₽,/catalog/akkumulyatory-dlya-mobilnykh-ustroystv/akkumulyator-dlya-samsung-galaxy-s20-fe-g780f-a52-a525f-eb-bg781aby-battery-collection-premium/,2026-09-11 10:47:59
Аккумулятор для iPhone 13 - Battery Collection,950 ₽,780 ₽,/catalog/akkumulyatory-dlya-mobilnykh-ustroystv/akkumulyator-dlya-iphone-13-battery-collection/,2026-09-11 10:47:59
Аккумулятор для Samsung Galaxy S23 Ultra (S918B) (EB-BS918ABY) - Battery Collection (Премиум),800 ₽,670 ₽,/catalog/akkumulyatory-dlya-mobilnykh-ustroystv/akkumulyator-dlya-samsung-galaxy-s23-ultra-s918b-eb-bs918aby-battery-collection-premium/,2026-09-11 10:47:59
Аккумулятор для iPhone 14 Pro - Battery Collection с верификацией,1800 ₽,1520 ₽,/catalog/akkumulyatory-dlya-mobilnykh-ustroystv/akkumulyator-dlya-iphone-14-pro-battery-collection-s-verifikatsiey/,2026-09-11 10:47:59
Аккумулятор для Tecno Spark 10 4G/10 Pro/10C/20/20C (BL-49ST) - Battery Collection (Премиум),850 ₽,705 ₽,/catalog/akkumulyatory-dlya-mobilnykh-ustroystv/akkumulyator-dlya-tecno-spark-10-4g-10-pro-10c-20-20c-bl-49st-battery-collection-premium/,2026-09-11 10:47:59
Аккумулятор для Samsung Galaxy S23 (S911B) (EB-BS912ABY) - Battery Collection (Премиум),700 ₽,570 ₽,/catalog/akkumulyatory-dlya-mobilnykh-ustroystv/akkumulyator-dlya-samsung-galaxy-s23-s911b-eb-bs912aby-battery-collection-premium/,2026-09-11 10:47:59
Аккумулятор для iPhone 13 Pro - Battery Collection с верификацией - усиленная 3300 mAh,1800 ₽,1460 ₽,/catalog/akkumulyatory-dlya-mobilnykh-ustroystv/akkumulyator-dlya-iphone-13-pro-battery-collection-s-verifikatsiey-usilennaya-3300-mah/,2026-09-11 10:47:59
Аккумулятор для Samsung Galaxy S22 (S901B) (EB-BS901ABY) - Battery Collection (Премиум),650 ₽,535 ₽,/catalog/akkumulyatory-dlya-mobilnykh-ustroystv/akkumulyator-dlya-samsung-galaxy-s22-s901b-eb-bs901aby-battery-collection-premium/,2026-09-11 10:47:59
Аккумулятор для Realme 8i/C30/C30s/C31/C33/C35/Narzo 50i Prime/V20 5G/Note 50 (BLP877) - Battery Collection (Премиум),800 ₽,670 ₽,/catalog/akkumulyatory-dlya-mobilnykh-ustroystv/akkumulyator-dlya-realme-8i-c30-c30s-c31-c33-c35-narzo-50i-prime-v20-5g-note-50-blp877-battery-colle/,2026-09-11 10:47:59
Аккумулятор для Xiaomi Redmi Note 11/11S 4G/12S/Xiaomi Poco M4 Pro 4G (BN5D) - Battery Collection (Премиум),850 ₽,705 ₽,/catalog/akkumulyatory-dlya-mobilnykh-ustroystv/akkumulyator-dlya-xiaomi-redmi-note-11-11s-4g-12s-xiaomi-poco-m4-pro-4g-bn5d-battery-collection-prem/,2026-09-11 10:47:59
Аккумулятор для Xiaomi Redmi 14C/Poco C75 (BN5X) - Battery Collection (Премиум),800 ₽,670 ₽,/catalog/akkumulyatory-dlya-mobilnykh-ustroystv/akkumulyator-dlya-xiaomi-redmi-14c-poco-c75-bn5x-battery-collection-premium/,2026-09-11 10:47:59
Аккумулятор для iPhone 12/12 Pro - Battery Collection,950 ₽,770 ₽,/catalog/akkumulyatory-dlya-mobilnykh-ustroystv/akkumulyator-dlya-iphone-12-12-pro-battery-collection/,2026-09-11 10:47:59
Аккумулятор для Samsung Galaxy A20 (A205F)/A30 (A305F)/A30s (A307F)/A50 (A505F) (EB-BA505ABU) - Battery Collection (Премиум),650 ₽,515 ₽,/catalog/akkumulyatory-dlya-mobilnykh-ustroystv/akkumulyator-dlya-samsung-galaxy-a20-a205f-a30-a305f-a30s-a307f-a50-a505f-eb-ba505abu-battery-collec/,2026-09-11 10:47:59
Аккумулятор для Samsung Galaxy S21 (G991B) (EB-BG991ABY) - Battery Collection (Премиум),650 ₽,525 ₽,/catalog/akkumulyatory-dlya-mobilnykh-ustroystv/akkumulyator-dlya-samsung-galaxy-s21-g991b-eb-bg991aby-battery-collection-premium/,2026-09-11 10:47:59
Аккумулятор для iPhone 13 - Battery Collection с верификацией,1400 ₽,1160 ₽,/catalog/akkumulyatory-dlya-mobilnykh-ustroystv/akkumulyator-dlya-iphone-13-battery-collection-s-verifikatsiey/,2026-09-11 10:47:59
Аккумулятор для Xiaomi Redmi 7/Note 8/8T/8 2021 (BN46) - Battery Collection (Премиум),700 ₽,560 ₽,/catalog/akkumulyatory-dlya-mobilnykh-ustroystv/akkumulyator-dlya-xiaomi-redmi-7-note-8-8t-8-2021-bn46-battery-collection-premium/,2026-09-11 10:47:59
Аккумулятор для Samsung Galaxy S21 FE (G990B) (EB-BG990ABY) - Battery Collection (Премиум),700 ₽,570 ₽,/catalog/akkumulyatory-dlya-mobilnykh-ustroystv/akkumulyator-dlya-samsung-galaxy-s21-fe-g990b-eb-bg990aby-battery-collection-premium/,2026-09-11 10:47:59
Аккумулятор для iPhone 12/12 Pro - Battery Collection - усиленная 3310 mAh,1100 ₽,875 ₽,/catalog/akkumulyatory-dlya-mobilnykh-ustroystv/akkumulyator-dlya-iphone-12-12-pro-battery-collection-usilennaya-3310-mah/,2026-09-11 10:47:59
Аккумулятор для Xiaomi Redmi 9/Note 9 (BN54) - Battery Collection (Премиум),750 ₽,610 ₽,/catalog/akkumulyatory-dlya-mobilnykh-ustroystv/akkumulyator-dlya-xiaomi-redmi-9-note-9-bn54-battery-collection-premium/,2026-09-11 10:47:59
Аккумулятор для iPhone 11 Pro - Battery Collection - усиленная 3410 mAh,1100 ₽,895 ₽,/catalog/akkumulyatory-dlya-mobilnykh-ustroystv/akkumulyator-dlya-iphone-11-pro-battery-collection-usilennaya-3410-mah/,2026-09-11 10:47:59
Аккумулятор для iPhone Xr - Battery Collection - усиленная 3510 mAh,850 ₽,705 ₽,/catalog/akkumulyatory-dlya-mobilnykh-ustroystv/akkumulyator-dlya-iphone-xr-battery-collection-usilennaya-3510-mah/,2026-09-11 10:47:59
Аккумулятор для Xiaomi Redmi Note 8 Pro (BM4J) - Battery Collection (Премиум),750 ₽,610 ₽,/catalog/akkumulyatory-dlya-mobilnykh-ustroystv/akkumulyator-dlya-xiaomi-redmi-note-8-pro-bm4j-battery-collection-premium/,2026-09-11 10:47:59
Аккумулятор для Infinix Hot 30i/40i/Smart 7/7 HD/8/8 Pro (BL-49NX) - Battery Collection (Премиум) - широкий коннектор,900 ₽,735 ₽,/catalog/akkumulyatory-dlya-mobilnykh-ustroystv/akkumulyator-dlya-infinix-hot-30i-40i-smart-7-7-hd-8-8-pro-bl-49nx-battery-collection-premium-shirok/,2026-09-11 10:47:59
Аккумулятор для iPhone 14 Pro - Battery Collection с верификацией - усиленная 3510 mAh - (Коробка + скотч + отвертка),2000 ₽,1640 ₽,/catalog/akkumulyatory-dlya-mobilnykh-ustroystv/akkumulyator-dlya-iphone-14-pro-battery-collection-s-verifikatsiey-usilennaya-3510-mah-korobka-skotch/,2026-09-11 10:47:59
Аккумулятор для iPhone 13 - Battery Collection - усиленная 3500 mAh,1100 ₽,885 ₽,/catalog/akkumulyatory-dlya-mobilnykh-ustroystv/akkumulyator-dlya-iphone-13-battery-collection-usilennaya-3500-mah/,2026-09-11 10:47:59
Аккумулятор для Xiaomi Redmi Note 10/10S/Poco M5s (BN59) - Battery Collection (Премиум),800 ₽,670 ₽,/catalog/akkumulyatory-dlya-mobilnykh-ustroystv/akkumulyator-dlya-xiaomi-redmi-note-10-10s-poco-m5s-bn59-battery-collection-premium/,2026-09-11 10:47:59
Аккумулятор для iPhone X - Battery Collection - усиленная 3210 mAh,950 ₽,780 ₽,/catalog/akkumulyatory-dlya-mobilnykh-ustroystv/akkumulyator-dlya-iphone-x-battery-collection-usilennaya-3210-mah/,2026-09-11 10:47:59
Аккумулятор для Samsung Galaxy A51 (A515F) (EB-BA515ABY) - Battery Collection (Премиум),700 ₽,570 ₽,/catalog/akkumulyatory-dlya-mobilnykh-ustroystv/akkumulyator-dlya-samsung-galaxy-a51-a515f-eb-ba515aby-battery-collection-premium/,2026-09-11 10:47:59
Аккумулятор для Xiaomi Poco X4 Pro 5G/Redmi Note 11 Pro 4G/5G/12 Pro 4G (BN5E) - Battery Collection (Премиум),1100 ₽,895 ₽,/catalog/akkumulyatory-dlya-mobilnykh-ustroystv/akkumulyator-dlya-xiaomi-poco-x4-pro-5g-redmi-note-11-pro-4g-5g-12-pro-4g-bn5e-battery-collection-pr/,2026-09-11 10:47:59
Аккумулятор для Samsung Galaxy A31 (A315F)/A32 4G (A325F)/A22 (A225F) (EB-BA315ABY) - Battery Collection (Премиум),750 ₽,610 ₽,/catalog/akkumulyatory-dlya-mobilnykh-ustroystv/akkumulyator-dlya-samsung-galaxy-a31-a315f-a32-4g-a325f-a22-a225f-eb-ba315aby-battery-collection-pre/,2026-09-11 10:47:59
Аккумулятор для Tecno Camon 20/20 Pro 4G/5G/30 5G/30S/Spark 20 Pro+ (BL-49OT) - Battery Collection (Премиум),750 ₽,635 ₽,/catalog/akkumulyatory-dlya-mobilnykh-ustroystv/akkumulyator-dlya-tecno-camon-20-20-pro-4g-5g-30-5g-30s-spark-20-pro-bl-49ot-battery-collection-prem/,2026-09-11 10:47:59
Аккумулятор для iPhone 7 - Battery Collection - усиленная 2300 mAh,700 ₽,570 ₽,/catalog/akkumulyatory-dlya-mobilnykh-ustroystv/akkumulyator-dlya-iphone-7-battery-collection-usilennaya-2300-mah/,2026-09-11 10:47:59
Аккумулятор для iPhone 15 Pro - Battery Collection с верификацией,1700 ₽,1380 ₽,/catalog/akkumulyatory-dlya-mobilnykh-ustroystv/akkumulyator-dlya-iphone-15-pro-battery-collection-s-verifikatsiey/,2026-09-11 10:47:59
Аккумулятор для Huawei Honor 10 Lite/10i/P Smart 2019/20e (HB396286ECW) - Battery Collection (Премиум),600 ₽,500 ₽,/catalog/akkumulyatory-dlya-mobilnykh-ustroystv/akkumulyator-dlya-huawei-honor-10-lite-10i-p-smart-2019-20e-hb396286ecw-battery-collection-premium/,2026-09-11 10:47:59
Аккумулятор для iPhone SE (2020) - Battery Collection,700 ₽,570 ₽,/catalog/akkumulyatory-dlya-mobilnykh-ustroystv/akkumulyator-dlya-iphone-se-2020-battery-collection/,2026-09-11 10:47:59
Аккумулятор для Samsung Galaxy S10 (G973F) (EB-BG973AB) - Battery Collection (Премиум),550 ₽,455 ₽,/catalog/akkumulyatory-dlya-mobilnykh-ustroystv/akkumulyator-dlya-samsung-galaxy-s10-g973f-eb-bg973ab-battery-collection-premium/,2026-09-11 10:47:59
Аккумулятор для Xiaomi 13 Lite (BP4E) - Battery Collection (Премиум),1100 ₽,895 ₽,/catalog/akkumulyatory-dlya-mobilnykh-ustroystv/akkumulyator-dlya-xiaomi-13-lite-bp4e-battery-collection-premium/,2026-09-11 10:47:59
Аккумулятор для Huawei Honor 7A/6A/6C/8A/8S/9S/Y5 2017/Nova (HB405979ECW) - Battery Collection (Премиум),550 ₽,445 ₽,/catalog/akkumulyatory-dlya-mobilnykh-ustroystv/akkumulyator-dlya-huawei-honor-7a-6a-6c-8a-8s-9s-y5-2017-nova-hb405979ecw-battery-collection-premium/,2026-09-11 10:47:59
Аккумулятор для Infinix Note 30i (BL-49OX) - Battery Collection (Премиум),800 ₽,670 ₽,/catalog/akkumulyatory-dlya-mobilnykh-ustroystv/akkumulyator-dlya-infinix-note-30i-bl-49ox-battery-collection-premium/,2026-09-11 10:47:59
Аккумулятор для Huawei Honor 8X/9X Lite (HB386590ECW) - Battery Collection (Премиум),700 ₽,570 ₽,/catalog/akkumulyatory-dlya-mobilnykh-ustroystv/akkumulyator-dlya-huawei-honor-8x-9x-lite-hb386590ecw-battery-collection-premium/,2026-09-11 10:47:59
"Аккумулятор для iPhone 13 - Battery Collection с верификацией ""Новая запчасть"" - усиленная 3510 mAh",2500 ₽,2120 ₽,/catalog/akkumulyatory-dlya-mobilnykh-ustroystv/akkumulyator-dlya-iphone-13-battery-collection-s-verifikatsiey-novaya-zapchast-usilennaya-3510-mah/,2026-09-11 10:47:59
Аккумулятор для Samsung Galaxy M52 5G (M526F)/A23 (A235F)/A73 5G (A736B)/M23 5G (M236B)/M33 5G (M336B)/M53 5G (M536B) (EB-BM526ABY) - Battery Collection (Премиум),800 ₽,655 ₽,/catalog/akkumulyatory-dlya-mobilnykh-ustroystv/akkumulyator-dlya-samsung-galaxy-m52-5g-m526f-a23-a235f-a73-5g-a736b-m23-5g-m236b-m33-5g-m336b-m53-5/,2026-09-11 10:47:59
Аккумулятор для Samsung Galaxy S22 Ultra (S908B) (EB-BS908ABY) - Battery Collection (Премиум),800 ₽,670 ₽,/catalog/akkumulyatory-dlya-mobilnykh-ustroystv/akkumulyator-dlya-samsung-galaxy-s22-ultra-s908b-eb-bs908aby-battery-collection-premium/,2026-09-11 10:47:59
Аккумулятор для Xiaomi Redmi Note 7/7 Pro (BN4A) - Battery Collection (Премиум),650 ₽,525 ₽,/catalog/akkumulyatory-dlya-mobilnykh-ustroystv/akkumulyator-dlya-xiaomi-redmi-note-7-7-pro-bn4a-battery-collection-premium/,2026-09-11 10:47:59
Аккумулятор для Xiaomi Poco X3 NFC/X3 Pro (BN57) - Battery Collection (Премиум) (Коробка + скотч),800 ₽,655 ₽,/catalog/akkumulyatory-dlya-mobilnykh-ustroystv/akkumulyator-dlya-xiaomi-poco-x3-nfc-x3-pro-bn57-battery-collection-premium-korobka-skotch/,2026-09-11 10:47:59
Аккумулятор для iPhone 13 Pro Max - Battery Collection с верификацией - усиленная 4700 mAh,2200 ₽,1820 ₽,/catalog/akkumulyatory-dlya-mobilnykh-ustroystv/akkumulyator-dlya-iphone-13-pro-max-battery-collection-s-verifikatsiey-usilennaya-4700-mah/,2026-09-11 10:47:59
Аккумулятор для iPhone 14 - Battery Collection с верификацией,1400 ₽,1160 ₽,/catalog/akkumulyatory-dlya-mobilnykh-ustroystv/akkumulyator-dlya-iphone-14-battery-collection-s-verifikatsiey/,2026-09-11 10:47:59
Аккумулятор для Samsung Galaxy S10e (G970F) (EB-BG970ABU) - Battery Collection (Премиум),850 ₽,705 ₽,/catalog/akkumulyatory-dlya-mobilnykh-ustroystv/akkumulyator-dlya-samsung-galaxy-s10e-g970f-eb-bg970abu-battery-collection-premium/,2026-09-11 10:47:59
Аккумулятор для iPhone 12/12 Pro - Battery Collection с верификацией,1400 ₽,1160 ₽,/catalog/akkumulyatory-dlya-mobilnykh-ustroystv/akkumulyator-dlya-iphone-12-12-pro-battery-collection-s-verifikatsiey/,2026-09-11 10:47:59
Аккумулятор для iPhone SE - Battery Collection - усиленная 2010 mAh,650 ₽,550 ₽,/catalog/akkumulyatory-dlya-mobilnykh-ustroystv/akkumulyator-dlya-iphone-se-battery-collection-usilennaya-2010-mah/,2026-09-11 10:47:59
Аккумулятор для iPhone 13 Pro - Battery Collection - усиленная 3300 mAh,1300 ₽,1100 ₽,/catalog/akkumulyatory-dlya-mobilnykh-ustroystv/akkumulyator-dlya-iphone-13-pro-battery-collection-usilennaya-3300-mah/,2026-09-11 10:47:59
Аккумулятор для Samsung Galaxy A33 5G (A336B)/A53 5G (A536B) (EB-BA536ABY) - Battery Collection (Премиум),700 ₽,570 ₽,/catalog/akkumulyatory-dlya-mobilnykh-ustroystv/akkumulyator-dlya-samsung-galaxy-a33-5g-a336b-a53-5g-a536b-eb-ba536aby-battery-collection-premium/,2026-09-11 10:47:59
Аккумулятор для iPhone 8 - Battery Collection - усиленная 2210 mAh,650 ₽,525 ₽,/catalog/akkumulyatory-dlya-mobilnykh-ustroystv/akkumulyator-dlya-iphone-8-battery-collection-usilennaya-2210-mah/,2026-09-11 10:47:59
Аккумулятор для Samsung X200/X160/C3010/E1232/E1070/E1080/E2210 (AB463446BU) - Battery Collection (Премиум),300 ₽,220 ₽,/catalog/akkumulyatory-dlya-mobilnykh-ustroystv/akkumulyator-dlya-samsung-x200-x160-c3010-e1232-e1070-e1080-e2210-ab463446bu-battery-collection-prem/,2026-09-11 10:47:59
Аккумулятор для Xiaomi 12/12X (BP46) - Battery Collection (Премиум),1100 ₽,895 ₽,/catalog/akkumulyatory-dlya-mobilnykh-ustroystv/akkumulyator-dlya-xiaomi-12-12x-bp46-battery-collection-premium/,2026-09-11 10:47:59
Аккумулятор для Tecno Camon 17P/18/19 Neo/Spark 9 Pro (BL-49GT) - Battery Collection (Премиум),950 ₽,780 ₽,/catalog/akkumulyatory-dlya-mobilnykh-ustroystv/akkumulyator-dlya-tecno-camon-17p-18-19-neo-spark-9-pro-bl-49gt-battery-collection-premium/,2026-09-11 10:47:59
Аккумулятор для iPhone 14 Pro Max - Battery Collection с верификацией,2200 ₽,1800 ₽,/catalog/akkumulyatory-dlya-mobilnykh-ustroystv/akkumulyator-dlya-iphone-14-pro-max-battery-collection-s-verifikatsiey/,2026-09-11 10:47:59
Аккумулятор для iPhone 13 Pro - Battery Collection с верификацией,1600 ₽,1360 ₽,/catalog/akkumulyatory-dlya-mobilnykh-ustroystv/akkumulyator-dlya-iphone-13-pro-battery-collection-s-verifikatsiey/,2026-09-11 10:47:59
Аккумулятор для Tecno Pova 5 (BL-58ET) - Battery Collection (Премиум),800 ₽,670 ₽,/catalog/akkumulyatory-dlya-mobilnykh-ustroystv/akkumulyator-dlya-tecno-pova-5-bl-58et-battery-collection-premium/,2026-09-11 10:47:59
Аккумулятор для Samsung Galaxy A22s 5G (A226B)/A04 (A045F)/A04e (A042F)/A14 5G (A146B) (SCUD-WT-W1) - Battery Collection (Премиум),750 ₽,625 ₽,/catalog/akkumulyatory-dlya-mobilnykh-ustroystv/akkumulyator-dlya-samsung-galaxy-a22s-5g-a226b-a04-a045f-a04e-a042f-a14-5g-a146b-scud-wt-w1-battery-/,2026-09-11 10:47:59
Аккумулятор для Huawei Honor X8a 4G/X8b/90 Lite/200 Lite (HB416594EGW) - Battery Collection (Премиум),800 ₽,645 ₽,/catalog/akkumulyatory-dlya-mobilnykh-ustroystv/akkumulyator-dlya-huawei-honor-x8a-4g-x8b-90-lite-200-lite-hb416594egw-battery-collection-premium/,2026-09-11 10:47:59
Аккумулятор для Huawei P20 Pro/Mate 20/Honor View 20/20 Pro (HB436486ECW) - Battery Collection (Премиум),750 ₽,610 ₽,/catalog/akkumulyatory-dlya-mobilnykh-ustroystv/akkumulyator-dlya-huawei-p20-pro-mate-20-honor-view-20-20-pro-hb436486ecw-battery-collection-premium/,2026-09-11 10:47:59
Аккумулятор для Samsung Galaxy S21 Ultra (G998B) (EB-BG998ABY) - Battery Collection (Премиум),950 ₽,770 ₽,/catalog/akkumulyatory-dlya-mobilnykh-ustroystv/akkumulyator-dlya-samsung-galaxy-s21-ultra-g998b-eb-bg998aby-battery-collection-premium/,2026-09-11 10:47:59
"Аккумулятор для iPhone 14 Pro - Battery Collection с верификацией ""Новая запчасть"" - усиленная 3510 mAh",2900 ₽,2460 ₽,/catalog/akkumulyatory-dlya-mobilnykh-ustroystv/akkumulyator-dlya-iphone-14-pro-battery-collection-s-verifikatsiey-novaya-zapchast-usilennaya-3510-m/,2026-09-11 10:47:59
Аккумулятор для Huawei Nova 9/Honor 50 (HB476489EFW) - Battery Collection (Премиум),1600 ₽,1300 ₽,/catalog/akkumulyatory-dlya-mobilnykh-ustroystv/akkumulyator-dlya-huawei-nova-9-honor-50-hb476489efw-battery-collection-premium/,2026-09-11 10:47:59
Аккумулятор для Samsung Galaxy Note 20 Ultra (N985F) (EB-BN985ABY) - Battery Collection (Премиум),850 ₽,705 ₽,/catalog/akkumulyatory-dlya-mobilnykh-ustroystv/akkumulyator-dlya-samsung-galaxy-note-20-ultra-n985f-eb-bn985aby-battery-collection-premium/,2026-09-11 10:47:59
Аккумулятор для iPhone 6S - Battery Collection - усиленная 2200 mAh,650 ₽,525 ₽,/catalog/akkumulyatory-dlya-mobilnykh-ustroystv/akkumulyator-dlya-iphone-6s-battery-collection-usilennaya-2200-mah/,2026-09-11 10:47:59
Аккумулятор для iPhone 15 Pro Max - Battery Collection с верификацией,1800 ₽,1520 ₽,/catalog/akkumulyatory-dlya-mobilnykh-ustroystv/akkumulyator-dlya-iphone-15-pro-max-battery-collection-s-verifikatsiey/,2026-09-11 10:47:59
Аккумулятор для iPhone 12 Pro Max - Battery Collection с верификацией - усиленная 4310 mAh,1800 ₽,1520 ₽,/catalog/akkumulyatory-dlya-mobilnykh-ustroystv/akkumulyator-dlya-iphone-12-pro-max-battery-collection-s-verifikatsiey-usilennaya-4310-mah/,2026-09-11 10:47:59
Аккумулятор для Tecno Camon 18P/Spark 20 Pro/30 Pro (BL-49JT) - Battery Collection (Премиум),800 ₽,655 ₽,/catalog/akkumulyatory-dlya-mobilnykh-ustroystv/akkumulyator-dlya-tecno-camon-18p-spark-20-pro-30-pro-bl-49jt-battery-collection-premium/,2026-09-11 10:47:59
Аккумулятор для Samsung Galaxy M30s (M307F)/M31 (M315F)/M12 (M127F)/M21 (M215F) (EB-BM207ABY) - Battery Collection (Премиум),800 ₽,670 ₽,/catalog/akkumulyatory-dlya-mobilnykh-ustroystv/akkumulyator-dlya-samsung-galaxy-m30s-m307f-m31-m315f-m12-m127f-m21-m215f-eb-bm207aby-battery-collec/,2026-09-11 10:47:59
Аккумулятор для Huawei Honor X8 4G (HB416492EFW) - Battery Collection (Премиум),800 ₽,670 ₽,/catalog/akkumulyatory-dlya-mobilnykh-ustroystv/akkumulyator-dlya-huawei-honor-x8-4g-hb416492efw-battery-collection-premium/,2026-09-11 10:47:59
Аккумулятор для Samsung Galaxy A16 4G (A165F)/A16 5G (A166B)/A17 4G (A175F)/A26 5G (A266B) (EB-BA166ABY) - Battery Collection (Премиум),800 ₽,670 ₽,/catalog/akkumulyatory-dlya-mobilnykh-ustroystv/akkumulyator-dlya-samsung-galaxy-a16-4g-a165f-a16-5g-a166b-a17-4g-a175f-a26-5g-a266b-eb-ba166aby-bat/,2026-09-11 10:47:59
Аккумулятор для Huawei P20/Honor 10/20i (HB396285ECW) - Battery Collection (Премиум),550 ₽,455 ₽,/catalog/akkumulyatory-dlya-mobilnykh-ustroystv/akkumulyator-dlya-huawei-p20-honor-10-20i-hb396285ecw-battery-collection-premium/,2026-09-11 10:47:59
Аккумулятор для iPhone X - Battery Collection,900 ₽,750 ₽,/catalog/akkumulyatory-dlya-mobilnykh-ustroystv/akkumulyator-dlya-iphone-x-battery-collection/,2026-09-11 10:47:59
Аккумулятор для Samsung Galaxy J7 (J700F)/J7 Neo (J701F)/J4 2018 (J400F) (EB-BJ700CBE) - Battery Collection (Премиум),550 ₽,455 ₽,/catalog/akkumulyatory-dlya-mobilnykh-ustroystv/akkumulyator-dlya-samsung-galaxy-j7-j700f-j7-neo-j701f-j4-2018-j400f-eb-bj700cbe-battery-collection-/,2026-09-11 10:47:59
Аккумулятор для Xiaomi 11T Pro (BM58) - Battery Collection (Премиум),1500 ₽,1200 ₽,/catalog/akkumulyatory-dlya-mobilnykh-ustroystv/akkumulyator-dlya-xiaomi-11t-pro-bm58-battery-collection-premium/,2026-09-11 10:47:59
Аккумулятор для Xiaomi Poco M4 Pro 5G/Redmi Note 11S 5G (BN5C) - Battery Collection (Премиум),800 ₽,670 ₽,/catalog/akkumulyatory-dlya-mobilnykh-ustroystv/akkumulyator-dlya-xiaomi-poco-m4-pro-5g-redmi-note-11s-5g-bn5c-battery-collection-premium/,2026-09-11 10:47:59
Аккумулятор для iPhone SE - Battery Collection,550 ₽,455 ₽,/catalog/akkumulyatory-dlya-mobilnykh-ustroystv/akkumulyator-dlya-iphone-se-battery-collection/,2026-09-11 10:47:59
Аккумулятор для Xiaomi Redmi 13C 4G/Poco C65 (BN5Q) - Battery Collection (Премиум),800 ₽,670 ₽,/catalog/akkumulyatory-dlya-mobilnykh-ustroystv/akkumulyator-dlya-xiaomi-redmi-13c-4g-poco-c65-bn5q-battery-collection-premium/,2026-09-11 10:47:59
Аккумулятор для Tecno Spark 30 5G/4G/30C 4G (BL-5ABT) - Battery Collection (Премиум),800 ₽,670 ₽,/catalog/akkumulyatory-dlya-mobilnykh-ustroystv/akkumulyator-dlya-tecno-spark-30-5g-4g-30c-4g-bl-5abt-battery-collection-premium/,2026-09-11 10:47:59
Аккумулятор для Xiaomi Redmi 9A/9C/A1/A1+ (BN56) - Battery Collection (Премиум),750 ₽,600 ₽,/catalog/akkumulyatory-dlya-mobilnykh-ustroystv/akkumulyator-dlya-xiaomi-redmi-9a-9c-a1-a1-bn56-battery-collection-premium/,2026-09-11 10:47:59
Аккумулятор для iPhone 5S/5C - Battery Collection,500 ₽,420 ₽,/catalog/akkumulyatory-dlya-mobilnykh-ustroystv/akkumulyator-dlya-iphone-5s-5c-battery-collection/,2026-09-11 10:47:59
Аккумулятор для Huawei P Smart Z/Y9s/Honor 9X/9X Premium (HB446486ECW) - Battery Collection (Премиум),700 ₽,570 ₽,/catalog/akkumulyatory-dlya-mobilnykh-ustroystv/akkumulyator-dlya-huawei-p-smart-z-y9s-honor-9x-9x-premium-hb446486ecw-battery-collection-premium/,2026-09-11 10:47:59
Аккумулятор для Nokia 1280/1616/100/101/105 2013/2017 (BL-5CB) - Battery Collection (Премиум),250 ₽,180 ₽,/catalog/akkumulyatory-dlya-mobilnykh-ustroystv/akkumulyator-dlya-nokia-1280-1616-100-101-105-2013-2017-bl-5cb-battery-collection-premium/,2026-09-11 10:47:59
Аккумулятор для Huawei Honor 10 Lite/10i/P Smart 2019/20e (HB396286ECW) - Battery Collection (Премиум) (Коробка + скотч),550 ₽,455 ₽,/catalog/akkumulyatory-dlya-mobilnykh-ustroystv/akkumulyator-dlya-huawei-honor-10-lite-10i-p-smart-2019-20e-hb396286ecw-battery-collection-premium-k/,2026-09-11 10:47:59
Аккумулятор для iPhone 16 - Battery Collection,1400 ₽,1140 ₽,/catalog/akkumulyatory-dlya-mobilnykh-ustroystv/akkumulyator-dlya-iphone-16-battery-collection/,2026-09-11 10:47:59
Аккумулятор для Xiaomi Poco F3/Mi 11i (BM4Y) - Battery Collection (Премиум),800 ₽,645 ₽,/catalog/akkumulyatory-dlya-mobilnykh-ustroystv/akkumulyator-dlya-xiaomi-poco-f3-mi-11i-bm4y-battery-collection-premium/,2026-09-11 10:47:59
Аккумулятор для Xiaomi Poco X5 Pro 5G/F5/Redmi Note 12 Pro 5G (BP4K) - Battery Collection (Премиум),1100 ₽,940 ₽,/catalog/akkumulyatory-dlya-mobilnykh-ustroystv/akkumulyator-dlya-xiaomi-poco-x5-pro-5g-f5-redmi-note-12-pro-5g-bp4k-battery-collection-premium/,2026-09-11 10:47:59
Аккумулятор для Xiaomi 12 Lite (BP4B) - Battery Collection (Премиум),1100 ₽,940 ₽,/catalog/akkumulyatory-dlya-mobilnykh-ustroystv/akkumulyator-dlya-xiaomi-12-lite-bp4b-battery-collection-premium/,2026-09-11 10:47:59
Аккумулятор для Samsung Galaxy A21s (A217F)/A02 (A022G)/A12 (A125G)/A12 Nacho (A127F)/A13 (A135F/A137F)/A04s (A047F) (EB-BA217ABY) - Battery Collection (Премиум),750 ₽,610 ₽,/catalog/akkumulyatory-dlya-mobilnykh-ustroystv/akkumulyator-dlya-samsung-galaxy-a21s-a217f-a02-a022g-a12-a125g-a12-4c8586403b8611ec99a8000c294520cf/,2026-09-11 10:47:59
Аккумулятор для iPhone 14 Pro - Battery Collection,1400 ₽,1120 ₽,/catalog/akkumulyatory-dlya-mobilnykh-ustroystv/akkumulyator-dlya-iphone-14-pro-battery-collection/,2026-09-11 10:47:59
Аккумулятор для iPhone 15 - Battery Collection с верификацией,1600 ₽,1360 ₽,/catalog/akkumulyatory-dlya-mobilnykh-ustroystv/akkumulyator-dlya-iphone-15-battery-collection-s-verifikatsiey/,2026-09-11 10:47:59
Аккумулятор для iPhone 11 - Battery Collection - усиленная 3510 mAh - (Коробка + скотч + отвертка),1300 ₽,1060 ₽,/catalog/akkumulyatory-dlya-mobilnykh-ustroystv/akkumulyator-dlya-iphone-11-battery-collection-usilennaya-3510-mah-korobka-skotch-otvertka/,2026-09-11 10:47:59
Аккумулятор для iPhone 7 - Battery Collection,600 ₽,490 ₽,/catalog/akkumulyatory-dlya-mobilnykh-ustroystv/akkumulyator-dlya-iphone-7-battery-collection/,2026-09-11 10:47:59
Аккумулятор для iPhone 11 Pro Max - Battery Collection,1000 ₽,840 ₽,/catalog/akkumulyatory-dlya-mobilnykh-ustroystv/akkumulyator-dlya-iphone-11-pro-max-battery-collection/,2026-09-11 10:47:59
Аккумулятор для iPhone 14 Pro Max - Battery Collection,1500 ₽,1200 ₽,/catalog/akkumulyatory-dlya-mobilnykh-ustroystv/akkumulyator-dlya-iphone-14-pro-max-battery-collection/,2026-09-11 10:47:59
Аккумулятор для Xiaomi Poco M3 Pro 5G/Redmi Note 10T/10 5G/Redmi 10/10 2022 (BN5A) - Battery Collection (Премиум),800 ₽,670 ₽,/catalog/akkumulyatory-dlya-mobilnykh-ustroystv/akkumulyator-dlya-xiaomi-poco-m3-pro-5g-redmi-note-10t-10-5g-redmi-10-10-2022-bn5a-battery-collectio/,2026-09-11 10:47:59
Аккумулятор для Realme 5/C3/C11/C21/C11 2021/C21Y/Narzo 50i (BLP729) - Battery Collection (Премиум),800 ₽,655 ₽,/catalog/akkumulyatory-dlya-mobilnykh-ustroystv/akkumulyator-dlya-realme-5-c3-c11-c21-c11-2021-c21y-narzo-50i-blp729-battery-collection-premium/,2026-09-11 10:47:59
Аккумулятор для Nokia 6100/1202/1661/2220S/2650/2690/5100/6101/6125 (BL-4C) - Battery Collection (Премиум),400 ₽,315 ₽,/catalog/akkumulyatory-dlya-mobilnykh-ustroystv/akkumulyator-dlya-nokia-6100-1202-1661-2220s-2650-2690-5100-6101-6125-bl-4c-battery-collection-premi/,2026-09-11 10:47:59
Аккумулятор для iPhone 13 mini - Battery Collection с верификацией - усиленная 2500 mAh,1300 ₽,1100 ₽,/catalog/akkumulyatory-dlya-mobilnykh-ustroystv/akkumulyator-dlya-iphone-13-mini-battery-collection-s-verifikatsiey-usilennaya-2500-mah/,2026-09-11 10:47:59
Аккумулятор для OPPO A57s/Realme C51 (BLP923) - Battery Collection (Премиум),850 ₽,725 ₽,/catalog/akkumulyatory-dlya-mobilnykh-ustroystv/akkumulyator-dlya-oppo-a57s-realme-c51-blp923-battery-collection-premium/,2026-09-11 10:47:59
Аккумулятор для iPhone 12 mini - Battery Collection - усиленная 2400 mAh,950 ₽,780 ₽,/catalog/akkumulyatory-dlya-mobilnykh-ustroystv/akkumulyator-dlya-iphone-12-mini-battery-collection-usilennaya-2400-mah/,2026-09-11 10:47:59
Аккумулятор для Samsung Galaxy A72 (A725F)/M32 (M325F)/M22 (M225F) (EB-BA426ABY) - Battery Collection (Премиум),850 ₽,715 ₽,/catalog/akkumulyatory-dlya-mobilnykh-ustroystv/akkumulyator-dlya-samsung-galaxy-a72-a725f-m32-m325f-m22-m225f-eb-ba426aby-battery-collection-premiu/,2026-09-11 10:47:59
Аккумулятор для Samsung Galaxy A10s (A107F)/A20s (A207F)/A11 (A115F) (SCUD-WT-N6/HQ-70N) - Battery Collection (Премиум),650 ₽,535 ₽,/catalog/akkumulyatory-dlya-mobilnykh-ustroystv/akkumulyator-dlya-samsung-galaxy-a10s-a107f-a20s-a207f-a11-a115f-scud-wt-n6-hq-70n-battery-collectio/,2026-09-11 10:47:59
Аккумулятор для iPhone 12/12 Pro - Battery Collection с верификацией - усиленная 3310 mAh - (Коробка + скотч + отвертка),1700 ₽,1420 ₽,/catalog/akkumulyatory-dlya-mobilnykh-ustroystv/akkumulyator-dlya-iphone-12-12-pro-battery-collection-s-verifikatsiey-usilennaya-3310-mah-korobka-sk/,2026-09-11 10:47:59
Аккумулятор для Samsung Galaxy S20 (G980F) (EB-BG980ABY) - Battery Collection (Премиум),750 ₽,635 ₽,/catalog/akkumulyatory-dlya-mobilnykh-ustroystv/akkumulyator-dlya-samsung-galaxy-s20-g980f-eb-bg980aby-battery-collection-premium/,2026-09-11 10:47:59
Аккумулятор для Samsung Galaxy S9 (G960F) (EB-BG960ABE) - Battery Collection (Премиум),700 ₽,570 ₽,/catalog/akkumulyatory-dlya-mobilnykh-ustroystv/akkumulyator-dlya-samsung-galaxy-s9-g960f-eb-bg960abe-battery-collection-premium/,2026-09-11 10:47:59
Аккумулятор для Samsung Galaxy S23 FE (S711B) (EB-BS711ABY) - Battery Collection (Премиум),700 ₽,570 ₽,/catalog/akkumulyatory-dlya-mobilnykh-ustroystv/akkumulyator-dlya-samsung-galaxy-s23-fe-s711b-eb-bs711aby-battery-collection-premium/,2026-09-11 10:47:59
Аккумулятор для iPhone Xs - Battery Collection - усиленная 3010 mAh,1100 ₽,875 ₽,/catalog/akkumulyatory-dlya-mobilnykh-ustroystv/akkumulyator-dlya-iphone-xs-battery-collection-usilennaya-3010-mah/,2026-09-11 10:47:59
Аккумулятор для iPhone 6S - Battery Collection,550 ₽,455 ₽,/catalog/akkumulyatory-dlya-mobilnykh-ustroystv/akkumulyator-dlya-iphone-6s-battery-collection/,2026-09-11 10:47:59
Аккумулятор для iPhone 6 - Battery Collection,550 ₽,455 ₽,/catalog/akkumulyatory-dlya-mobilnykh-ustroystv/akkumulyator-dlya-iphone-6-battery-collection/,2026-09-11 10:47:59
Аккумулятор для Huawei Honor 5C/9 Lite/7C/7C Pro/7A Pro (HB366481ECW) - Battery Collection (Премиум),550 ₽,455 ₽,/catalog/akkumulyatory-dlya-mobilnykh-ustroystv/akkumulyator-dlya-huawei-honor-5c-9-lite-7c-7c-pro-7a-pro-hb366481ecw-battery-collection-premium/,2026-09-11 10:47:59
Аккумулятор для Infinix Note 11/12/12 Pro/12 2023 (BL-49KX ) - Battery Collection (Премиум),750 ₽,600 ₽,/catalog/akkumulyatory-dlya-mobilnykh-ustroystv/akkumulyator-dlya-infinix-note-11-12-12-pro-12-2023-bl-49kx-battery-collection-premium/,2026-09-11 10:47:59
Аккумулятор для iPhone Xr - Battery Collection,850 ₽,725 ₽,/catalog/akkumulyatory-dlya-mobilnykh-ustroystv/akkumulyator-dlya-iphone-xr-battery-collection/,2026-09-11 10:47:59
Аккумулятор для Huawei Honor X7/X5/X6/X8 5G/Nova Y61/Y71/Wiko T10 (HB496590EFW) - Battery Collection (Премиум),800 ₽,670 ₽,/catalog/akkumulyatory-dlya-mobilnykh-ustroystv/akkumulyator-dlya-huawei-honor-x7-x5-x6-x8-5g-nova-y61-y71-wiko-t10-hb496590efw-battery-collection-p/,2026-09-11 10:47:59
Аккумулятор для Samsung Galaxy A02s (A025F)/A03s (A037F) (HQ-50S) - Battery Collection (Премиум),850 ₽,705 ₽,/catalog/akkumulyatory-dlya-mobilnykh-ustroystv/akkumulyator-dlya-samsung-galaxy-a02s-a025f-a03s-a037f-hq-50s-battery-collection-premium/,2026-09-11 10:47:59
Аккумулятор для Huawei Nova Y91/14i (HB5470A3EHW-12) - Battery Collection (Премиум),900 ₽,735 ₽,/catalog/akkumulyatory-dlya-mobilnykh-ustroystv/akkumulyator-dlya-huawei-nova-y91-14i-hb5470a3ehw-12-battery-collection-premium/,2026-09-11 10:47:59
Аккумулятор для Xiaomi Redmi 10C/10A (BN5G) - Battery Collection (Премиум),850 ₽,705 ₽,/catalog/akkumulyatory-dlya-mobilnykh-ustroystv/akkumulyator-dlya-xiaomi-redmi-10c-10a-bn5g-battery-collection-premium/,2026-09-11 10:47:59
Аккумулятор для iPhone 12 mini - Battery Collection с верификацией - усиленная 2400 mAh,1400 ₽,1120 ₽,/catalog/akkumulyatory-dlya-mobilnykh-ustroystv/akkumulyator-dlya-iphone-12-mini-battery-collection-s-verifikatsiey-usilennaya-2400-mah/,2026-09-11 10:47:59
Аккумулятор для Tecno Pova Neo 2/3/6 Neo/7 Neo (BL-68BT) - Battery Collection (Премиум),1000 ₽,815 ₽,/catalog/akkumulyatory-dlya-mobilnykh-ustroystv/akkumulyator-dlya-tecno-pova-neo-2-3-6-neo-7-neo-bl-68bt-battery-collection-premium/,2026-09-11 10:47:59
Аккумулятор для Xiaomi Mi A3/9 Lite (BM4F) - Battery Collection (Премиум),700 ₽,560 ₽,/catalog/akkumulyatory-dlya-mobilnykh-ustroystv/akkumulyator-dlya-xiaomi-mi-a3-9-lite-bm4f-battery-collection-premium/,2026-09-11 10:47:59
"Аккумулятор для iPhone 13 Pro - Battery Collection с верификацией ""Новая запчасть"" - усиленная 3300 mAh",2900 ₽,2420 ₽,/catalog/akkumulyatory-dlya-mobilnykh-ustroystv/akkumulyator-dlya-iphone-13-pro-battery-collection-s-verifikatsiey-novaya-zapchast-usilennaya-3300-m/,2026-09-11 10:47:59
Аккумулятор для iPhone 13 mini - Battery Collection - усиленная 2500 mAh,1000 ₽,815 ₽,/catalog/akkumulyatory-dlya-mobilnykh-ustroystv/akkumulyator-dlya-iphone-13-mini-battery-collection-usilennaya-2500-mah/,2026-09-11 10:47:59
Аккумулятор для Realme GT Master Edition (BLP809) - Battery Collection (Премиум),1400 ₽,1120 ₽,/catalog/akkumulyatory-dlya-mobilnykh-ustroystv/akkumulyator-dlya-realme-gt-master-edition-blp809-battery-collection-premium/,2026-09-11 10:47:59
Аккумулятор для Realme 8 Pro/9 Pro+ (BLP837) - Battery Collection (Премиум),1000 ₽,825 ₽,/catalog/akkumulyatory-dlya-mobilnykh-ustroystv/akkumulyator-dlya-realme-8-pro-9-pro-blp837-battery-collection-premium/,2026-09-11 10:47:59
Аккумулятор для iPhone 8 - Battery Collection,650 ₽,525 ₽,/catalog/akkumulyatory-dlya-mobilnykh-ustroystv/akkumulyator-dlya-iphone-8-battery-collection/,2026-09-11 10:47:59
Аккумулятор для Realme GT Neo 2/3T/GT 2 Pro/OPPO Reno 13 F 4G (BLP887) - Battery Collection (Премиум),1300 ₽,1060 ₽,/catalog/akkumulyatory-dlya-mobilnykh-ustroystv/akkumulyator-dlya-realme-gt-neo-2-3t-gt-2-pro-oppo-reno-13-f-4g-blp887-battery-collection-premium/,2026-09-11 10:47:59
Аккумулятор для Tecno Spark 5 Air/6 Go/8C/8P/Go 2022/POP 5 LTE/POP 6 Pro/Camon 15/15 Air (BL-49FT) - Battery Collection (Премиум),700 ₽,570 ₽,/catalog/akkumulyatory-dlya-mobilnykh-ustroystv/akkumulyator-dlya-tecno-spark-5-air-6-go-8c-8p-go-2022-pop-5-lte-pop-6-pro-camon-15-15-air-bl-49ft-b/,2026-09-11 10:47:59
Аккумулятор для Samsung Galaxy A70 (A705F) (EB-BA705ABU) - Battery Collection (Премиум),750 ₽,610 ₽,/catalog/akkumulyatory-dlya-mobilnykh-ustroystv/akkumulyator-dlya-samsung-galaxy-a70-a705f-eb-ba705abu-battery-collection-premium/,2026-09-11 10:47:59
Аккумулятор для Samsung Galaxy S21+ (G996B) (EB-BG996ABY) - Battery Collection (Премиум),750 ₽,635 ₽,/catalog/akkumulyatory-dlya-mobilnykh-ustroystv/akkumulyator-dlya-samsung-galaxy-s21-g996b-eb-bg996aby-battery-collection-premium/,2026-09-11 10:47:59
Аккумулятор для Xiaomi Mi 5X/A1/Redmi S2/Note 5A/5A Prime (BN31) - Battery Collection (Премиум),650 ₽,515 ₽,/catalog/akkumulyatory-dlya-mobilnykh-ustroystv/akkumulyator-dlya-xiaomi-mi-5x-a1-redmi-s2-note-5a-5a-prime-bn31-battery-collection-premium/,2026-09-11 10:47:59
Аккумулятор для Xiaomi Redmi Note 12 4G (BN5M) - Battery Collection (Премиум),900 ₽,735 ₽,/catalog/akkumulyatory-dlya-mobilnykh-ustroystv/akkumulyator-dlya-xiaomi-redmi-note-12-4g-bn5m-battery-collection-premium/,2026-09-11 10:47:59
Аккумулятор для Samsung Galaxy Note 20 (N980F) (EB-BN980ABY) - Battery Collection (Премиум),700 ₽,570 ₽,/catalog/akkumulyatory-dlya-mobilnykh-ustroystv/akkumulyator-dlya-samsung-galaxy-note-20-n980f-eb-bn980aby-battery-collection-premium/,2026-09-11 10:47:59
Аккумулятор для Xiaomi Poco M4 5G/M5 (BN5H) - Battery Collection (Премиум),750 ₽,635 ₽,/catalog/akkumulyatory-dlya-mobilnykh-ustroystv/akkumulyator-dlya-xiaomi-poco-m4-5g-m5-bn5h-battery-collection-premium/,2026-09-11 10:47:59
Аккумулятор для Xiaomi 11T (BM59) - Battery Collection (Премиум),1100 ₽,875 ₽,/catalog/akkumulyatory-dlya-mobilnykh-ustroystv/akkumulyator-dlya-xiaomi-11t-bm59-battery-collection-premium/,2026-09-11 10:47:59
Аккумулятор для iPhone 13 Pro Max - Battery Collection - усиленная 4700 mAh,1600 ₽,1300 ₽,/catalog/akkumulyatory-dlya-mobilnykh-ustroystv/akkumulyator-dlya-iphone-13-pro-max-battery-collection-usilennaya-4700-mah/,2026-09-11 10:47:59
Аккумулятор для iPhone 15 Pro Max - Battery Collection,1500 ₽,1200 ₽,/catalog/akkumulyatory-dlya-mobilnykh-ustroystv/akkumulyator-dlya-iphone-15-pro-max-battery-collection/,2026-09-11 10:47:59
Аккумулятор для iPhone 4S - Battery Collection,550 ₽,445 ₽,/catalog/akkumulyatory-dlya-mobilnykh-ustroystv/akkumulyator-dlya-iphone-4s-battery-collection/,2026-09-11 10:47:59
Аккумулятор для iPhone 14 - Battery Collection,1300 ₽,1080 ₽,/catalog/akkumulyatory-dlya-mobilnykh-ustroystv/akkumulyator-dlya-iphone-14-battery-collection/,2026-09-11 10:47:59
Аккумулятор для Huawei Y7 2017/P40 Lite E/9C (HB406689ECW/HB396689ECW) - Battery Collection (Премиум),700 ₽,570 ₽,/catalog/akkumulyatory-dlya-mobilnykh-ustroystv/akkumulyator-dlya-huawei-y7-2017-p40-lite-e-9c-hb406689ecw-hb396689ecw-battery-collection-premium/,2026-09-11 10:47:59
Аккумулятор для Huawei Nova 2 Plus/2i/2s/3i/P30 Lite/Honor 20S/7X/Mate 10 Lite (HB356687ECW) - Battery Collection (Премиум),550 ₽,455 ₽,/catalog/akkumulyatory-dlya-mobilnykh-ustroystv/akkumulyator-dlya-huawei-nova-2-plus-2i-2s-3i-p30-lite-honor-20s-7x-mate-10-lite-hb356687ecw-battery/,2026-09-11 10:47:59
Аккумулятор для Samsung Galaxy S8+ (G955F) (EB-BG955ABE) - Battery Collection (Премиум),700 ₽,570 ₽,/catalog/akkumulyatory-dlya-mobilnykh-ustroystv/akkumulyator-dlya-samsung-galaxy-s8-g955f-eb-bg955abe-battery-collection-premium/,2026-09-11 10:47:59
Аккумулятор для Samsung Galaxy S7 (G930F) (EB-BG930ABE) - Battery Collection (Премиум),750 ₽,625 ₽,/catalog/akkumulyatory-dlya-mobilnykh-ustroystv/akkumulyator-dlya-samsung-galaxy-s7-g930f-eb-bg930abe-battery-collection-premium/,2026-09-11 10:47:59
Аккумулятор для Samsung Galaxy S9+ (G965F) (EB-BG965ABA) - Battery Collection (Премиум),850 ₽,725 ₽,/catalog/akkumulyatory-dlya-mobilnykh-ustroystv/akkumulyator-dlya-samsung-galaxy-s9-g965f-eb-bg965aba-battery-collection-premium/,2026-09-11 10:47:59
Аккумулятор для Samsung Galaxy Note 10+ (N975F) (EB-BN972ABU) - Battery Collection (Премиум),850 ₽,705 ₽,/catalog/akkumulyatory-dlya-mobilnykh-ustroystv/akkumulyator-dlya-samsung-galaxy-note-10-n975f-eb-bn972abu-battery-collection-premium/,2026-09-11 10:47:59
Аккумулятор для Realme 9 Pro/9i (BLP911) - Battery Collection (Премиум),1100 ₽,860 ₽,/catalog/akkumulyatory-dlya-mobilnykh-ustroystv/akkumulyator-dlya-realme-9-pro-9i-blp911-battery-collection-premium/,2026-09-11 10:47:59
Аккумулятор для iPhone 7 Plus - Battery Collection - усиленная 3410 mAh,800 ₽,670 ₽,/catalog/akkumulyatory-dlya-mobilnykh-ustroystv/akkumulyator-dlya-iphone-7-plus-battery-collection-usilennaya-3410-mah/,2026-09-11 10:47:59
Аккумулятор для Nokia 8800 Arte/206/206 Dual/3120/5250/5330 (BL-4U) - Battery Collection (Премиум),300 ₽,220 ₽,/catalog/akkumulyatory-dlya-mobilnykh-ustroystv/akkumulyator-dlya-nokia-8800-arte-206-206-dual-3120-5250-5330-bl-4u-battery-collection-premium/,2026-09-11 10:47:59
Аккумулятор для Infinix Note 30 Pro/30 VIP/Zero 30 4G/5G/GT 10 Pro (BL-49PX) - Battery Collection (Премиум),900 ₽,750 ₽,/catalog/akkumulyatory-dlya-mobilnykh-ustroystv/akkumulyator-dlya-infinix-note-30-pro-30-vip-zero-30-4g-5g-gt-10-pro-bl-49px-battery-collection-prem/,2026-09-11 10:47:59
Аккумулятор для Samsung Galaxy A6 2018 (A600F)/J6 2018 (J600F)/J8 2018 (J810F) (EB-BJ800ABE) - Battery Collection (Премиум),550 ₽,455 ₽,/catalog/akkumulyatory-dlya-mobilnykh-ustroystv/akkumulyator-dlya-samsung-galaxy-a6-2018-a600f-j6-2018-j600f-j8-2018-j810f-eb-bj800abe-battery-colle/,2026-09-11 10:47:59
Аккумулятор для iPhone 13 - Battery Collection с верификацией - усиленная 3500 mAh - (Коробка + скотч + отвертка),2100 ₽,1720 ₽,/catalog/akkumulyatory-dlya-mobilnykh-ustroystv/akkumulyator-dlya-iphone-13-battery-collection-s-verifikatsiey-usilennaya-3500-mah-korobka-skotch-ot/,2026-09-11 10:47:59
Аккумулятор для iPhone 6 - Battery Collection - усиленная 2200 mAh,700 ₽,570 ₽,/catalog/akkumulyatory-dlya-mobilnykh-ustroystv/akkumulyator-dlya-iphone-6-battery-collection-usilennaya-2200-mah/,2026-09-11 10:47:59
"Аккумулятор для iPhone 12/12 Pro - Battery Collection с верификацией ""Новая запчасть"" - усиленная 3310 mAh",2400 ₽,2040 ₽,/catalog/akkumulyatory-dlya-mobilnykh-ustroystv/akkumulyator-dlya-iphone-12-12-pro-battery-collection-s-verifikatsiey-novaya-zapchast-usilennaya-331/,2026-09-11 10:47:59
Аккумулятор для Xiaomi Mi 10T/10T Pro (BM53) - Battery Collection (Премиум),800 ₽,670 ₽,/catalog/akkumulyatory-dlya-mobilnykh-ustroystv/akkumulyator-dlya-xiaomi-mi-10t-10t-pro-bm53-battery-collection-premium/,2026-09-11 10:47:59
Аккумулятор для Xiaomi Mi 11 Pro/Mi 11 Ultra (BM55) - Battery Collection (Премиум),1100 ₽,895 ₽,/catalog/akkumulyatory-dlya-mobilnykh-ustroystv/akkumulyator-dlya-xiaomi-mi-11-pro-mi-11-ultra-bm55-battery-collection-premium/,2026-09-11 10:47:59
Ячейка (банка) Аккумулятора для iPhone 13 - Battery Collection,550 ₽,455 ₽,/catalog/yacheyki-banki-akkumulyatora/yacheyka-banka-akkumulyatora-dlya-iphone-13-battery-collection/,2026-09-11 10:47:59
Аккумулятор для iPhone 7 Plus - Battery Collection,700 ₽,570 ₽,/catalog/akkumulyatory-dlya-mobilnykh-ustroystv/akkumulyator-dlya-iphone-7-plus-battery-collection/,2026-09-11 10:47:59
Аккумулятор для iPhone Xs Max - Battery Collection,950 ₽,770 ₽,/catalog/akkumulyatory-dlya-mobilnykh-ustroystv/akkumulyator-dlya-iphone-xs-max-battery-collection/,2026-09-11 10:47:59
Аккумулятор для Xiaomi Mi Note 10/10 Lite/10 Pro (BM52) - Battery Collection (Премиум),950 ₽,780 ₽,/catalog/akkumulyatory-dlya-mobilnykh-ustroystv/akkumulyator-dlya-xiaomi-mi-note-10-10-lite-10-pro-bm52-battery-collection-premium/,2026-09-11 10:47:59
"Аккумулятор для iPhone 14 Pro Max - Battery Collection с верификацией ""Новая запчасть"" - усиленная 4750 mAh",3200 ₽,2700 ₽,/catalog/akkumulyatory-dlya-mobilnykh-ustroystv/akkumulyator-dlya-iphone-14-pro-max-battery-collection-s-verifikatsiey-novaya-zapchast-usilennaya-47/,2026-09-11 10:47:59
Аккумулятор для iPhone 16 Pro - Battery Collection,1500 ₽,1280 ₽,/catalog/akkumulyatory-dlya-mobilnykh-ustroystv/akkumulyator-dlya-iphone-16-pro-battery-collection/,2026-09-11 10:47:59
Аккумулятор для Huawei P10/Honor 9/9 Premium (HB386280ECW) - Battery Collection (Премиум),650 ₽,535 ₽,/catalog/akkumulyatory-dlya-mobilnykh-ustroystv/akkumulyator-dlya-huawei-p10-honor-9-9-premium-hb386280ecw-battery-collection-premium/,2026-09-11 10:47:59
Аккумулятор для iPhone 12 mini - Battery Collection,850 ₽,705 ₽,/catalog/akkumulyatory-dlya-mobilnykh-ustroystv/akkumulyator-dlya-iphone-12-mini-battery-collection/,2026-09-11 10:47:59
Аккумулятор для Samsung Galaxy A03 (A035F)/A14 4G (A145F/P) (HQ-50SD) - Battery Collection (Премиум),900 ₽,750 ₽,/catalog/akkumulyatory-dlya-mobilnykh-ustroystv/akkumulyator-dlya-samsung-galaxy-a03-a035f-a14-4g-a145f-p-hq-50sd-battery-collection-premium/,2026-09-11 10:47:59
Аккумулятор для Xiaomi Poco C40 (BN66) - Battery Collection (Премиум),1100 ₽,875 ₽,/catalog/akkumulyatory-dlya-mobilnykh-ustroystv/akkumulyator-dlya-xiaomi-poco-c40-bn66-battery-collection-premium/,2026-09-11 10:47:59
Аккумулятор для iPhone 8 Plus - Battery Collection - усиленная 3060 mAh,850 ₽,705 ₽,/catalog/akkumulyatory-dlya-mobilnykh-ustroystv/akkumulyator-dlya-iphone-8-plus-battery-collection-usilennaya-3060-mah/,2026-09-11 10:47:59
Аккумулятор для iPhone 8 Plus - Battery Collection,750 ₽,625 ₽,/catalog/akkumulyatory-dlya-mobilnykh-ustroystv/akkumulyator-dlya-iphone-8-plus-battery-collection/,2026-09-11 10:47:59
Аккумулятор для Samsung Galaxy A71 (A715F) (EB-BA715ABY) - Battery Collection (Премиум),750 ₽,635 ₽,/catalog/akkumulyatory-dlya-mobilnykh-ustroystv/akkumulyator-dlya-samsung-galaxy-a71-a715f-eb-ba715aby-battery-collection-premium/,2026-09-11 10:47:59
Аккумулятор для Samsung Galaxy S24 (S921B) (EB-BS922ABY) - Battery Collection (Премиум),750 ₽,600 ₽,/catalog/akkumulyatory-dlya-mobilnykh-ustroystv/akkumulyator-dlya-samsung-galaxy-s24-s921b-eb-bs922aby-battery-collection-premium/,2026-09-11 10:47:59
Аккумулятор для iPhone Xs - Battery Collection,1100 ₽,860 ₽,/catalog/akkumulyatory-dlya-mobilnykh-ustroystv/akkumulyator-dlya-iphone-xs-battery-collection/,2026-09-11 10:47:59
Аккумулятор для iPhone 13 Pro Max - Battery Collection,1400 ₽,1160 ₽,/catalog/akkumulyatory-dlya-mobilnykh-ustroystv/akkumulyator-dlya-iphone-13-pro-max-battery-collection/,2026-09-11 10:47:59
Аккумулятор для Xiaomi Mi 9 (BM3L) - Battery Collection (Премиум),650 ₽,515 ₽,/catalog/akkumulyatory-dlya-mobilnykh-ustroystv/akkumulyator-dlya-xiaomi-mi-9-bm3l-battery-collection-premium/,2026-09-11 10:47:59
Аккумулятор для Tecno Spark Go 2023/POP 7 (BL-49NT) - Battery Collection (Премиум) - широкий коннектор,750 ₽,625 ₽,/catalog/akkumulyatory-dlya-mobilnykh-ustroystv/akkumulyator-dlya-tecno-spark-go-2023-pop-7-bl-49nt-battery-collection-premium-shirokiy-konnektor/,2026-09-11 10:47:59
Аккумулятор для iPhone 11 Pro - Battery Collection,1100 ₽,895 ₽,/catalog/akkumulyatory-dlya-mobilnykh-ustroystv/akkumulyator-dlya-iphone-11-pro-battery-collection/,2026-09-11 10:47:59
Аккумулятор для iPhone 4 - Battery Collection,550 ₽,445 ₽,/catalog/akkumulyatory-dlya-mobilnykh-ustroystv/akkumulyator-dlya-iphone-4-battery-collection/,2026-09-11 10:47:59
Аккумулятор для iPhone Xs Max - Battery Collection - усиленная 3710 mAh,1100 ₽,895 ₽,/catalog/akkumulyatory-dlya-mobilnykh-ustroystv/akkumulyator-dlya-iphone-xs-max-battery-collection-usilennaya-3710-mah/,2026-09-11 10:47:59
Аккумулятор для Samsung Galaxy A8 2018 (A530F) (EB-BA530ABE) - Battery Collection (Премиум),550 ₽,455 ₽,/catalog/akkumulyatory-dlya-mobilnykh-ustroystv/akkumulyator-dlya-samsung-galaxy-a8-2018-a530f-eb-ba530abe-battery-collection-premium/,2026-09-11 10:47:59
Аккумулятор для Huawei Honor 90 (HB486591EHW) - Battery Collection (Премиум),1400 ₽,1160 ₽,/catalog/akkumulyatory-dlya-mobilnykh-ustroystv/akkumulyator-dlya-huawei-honor-90-hb486591ehw-battery-collection-pr-d250e9f4534011f1b33200155d59fe46/,2026-09-11 10:47:59
Аккумулятор для Tecno Pova 6 4G/6 Pro 5G (BL-58FT) - Battery Collection (Премиум),950 ₽,780 ₽,/catalog/akkumulyatory-dlya-mobilnykh-ustroystv/akkumulyator-dlya-tecno-pova-6-4g-6-pro-5g-bl-58ft-battery-collection-premium/,2026-09-11 10:47:59
Аккумулятор для Xiaomi Redmi Note 5/5 Pro (BN45) - Battery Collection (Премиум),750 ₽,625 ₽,/catalog/akkumulyatory-dlya-mobilnykh-ustroystv/akkumulyator-dlya-xiaomi-redmi-note-5-5-pro-bn45-battery-collection-premium/,2026-09-11 10:47:59
Аккумулятор для Realme Narzo 50 4G/C55 (BLP875) - Battery Collection (Премиум),950 ₽,780 ₽,/catalog/akkumulyatory-dlya-mobilnykh-ustroystv/akkumulyator-dlya-realme-narzo-50-4g-c55-blp875-battery-collection-premium/,2026-09-11 10:47:59
"Аккумулятор для iPhone 14 - Battery Collection с верификацией ""Новая запчасть"" - усиленная 3610 mAh",2600 ₽,2200 ₽,/catalog/akkumulyatory-dlya-mobilnykh-ustroystv/akkumulyator-dlya-iphone-14-battery-collection-s-verifikatsiey-novaya-zapchast-usilennaya-3610-mah/,2026-09-11 10:47:59
Аккумулятор для Samsung Galaxy A5 2017 (A520F)/J5 2017 (J530F) (EB-BA520ABE) - Battery Collection (Премиум),600 ₽,490 ₽,/catalog/akkumulyatory-dlya-mobilnykh-ustroystv/akkumulyator-dlya-samsung-galaxy-a5-2017-a520f-j5-2017-j530f-eb-ba520abe-battery-collection-premium/,2026-09-11 10:47:59
Аккумулятор для iPhone 13 Pro - Battery Collection с верификацией - усиленная 3300 mAh - (Коробка + скотч + отвертка),1900 ₽,1620 ₽,/catalog/akkumulyatory-dlya-mobilnykh-ustroystv/akkumulyator-dlya-iphone-13-pro-battery-collection-s-verifikatsiey-usilennaya-3300-mah-korobka-skotch/,2026-09-11 10:47:59
Аккумулятор для iPhone 5 - Battery Collection - усиленная 2010 mAh,600 ₽,490 ₽,/catalog/akkumulyatory-dlya-mobilnykh-ustroystv/akkumulyator-dlya-iphone-5-battery-collection-usilennaya-2010-mah/,2026-09-11 10:47:59
Аккумулятор для Xiaomi Mi 8 (BM3E) - Battery Collection (Премиум),600 ₽,500 ₽,/catalog/akkumulyatory-dlya-mobilnykh-ustroystv/akkumulyator-dlya-xiaomi-mi-8-bm3e-battery-collection-premium/,2026-09-11 10:47:59
Аккумулятор для iPhone 11 Pro Max - Battery Collection - усиленная 4500 mAh,1400 ₽,1120 ₽,/catalog/akkumulyatory-dlya-mobilnykh-ustroystv/akkumulyator-dlya-iphone-11-pro-max-battery-collection-usilennaya-4500-mah/,2026-09-11 10:47:59
Аккумулятор для iPhone 15 - Battery Collection,1200 ₽,995 ₽,/catalog/akkumulyatory-dlya-mobilnykh-ustroystv/akkumulyator-dlya-iphone-15-battery-collection/,2026-09-11 10:47:59
Аккумулятор для Samsung Galaxy S20 Ultra (G988B) (EB-BG988ABY) - Battery Collection (Премиум),900 ₽,735 ₽,/catalog/akkumulyatory-dlya-mobilnykh-ustroystv/akkumulyator-dlya-samsung-galaxy-s20-ultra-g988b-eb-bg988aby-battery-collection-premium/,2026-09-11 10:47:59
Аккумулятор для Nokia E71/E52/E6//E6-00/E61i/E63/E72/E90/Explay StarTV (BP-4L) - Battery Collection (Премиум),300 ₽,255 ₽,/catalog/akkumulyatory-dlya-mobilnykh-ustroystv/akkumulyator-dlya-nokia-e71-e52-e6-e6-00-e61i-e63-e72-e90-explay-startv-bp-4l-battery-collection-pre/,2026-09-11 10:47:59
Аккумулятор для Xiaomi Mi 9T (BP41) - Battery Collection (Премиум),700 ₽,570 ₽,/catalog/akkumulyatory-dlya-mobilnykh-ustroystv/akkumulyator-dlya-xiaomi-mi-9t-bp41-battery-collection-premium/,2026-09-11 10:47:59
Аккумулятор для Xiaomi Mi 9 SE (BM3M) - Battery Collection (Премиум),650 ₽,515 ₽,/catalog/akkumulyatory-dlya-mobilnykh-ustroystv/akkumulyator-dlya-xiaomi-mi-9-se-bm3m-battery-collection-premium/,2026-09-11 10:47:59
Аккумулятор для Xiaomi Redmi 12C (BN5K) - Battery Collection (Премиум),900 ₽,735 ₽,/catalog/akkumulyatory-dlya-mobilnykh-ustroystv/akkumulyator-dlya-xiaomi-redmi-12c-bn5k-battery-collection-premium/,2026-09-11 10:47:59
Аккумулятор для Samsung Galaxy G530H/G532F/J500H/J320F/J250F/J260F (EB-BG530CBE) - Battery Collection (Премиум),650 ₽,535 ₽,/catalog/akkumulyatory-dlya-mobilnykh-ustroystv/akkumulyator-dlya-samsung-galaxy-g530h-g532f-j500h-j320f-j250f-j260f-eb-bg530cbe-battery-collection-/,2026-09-11 10:47:59
Аккумулятор для iPhone X - Battery Collection - усиленная 3210 mAh - (Коробка + скотч + отвертка),1200 ₽,995 ₽,/catalog/akkumulyatory-dlya-mobilnykh-ustroystv/akkumulyator-dlya-iphone-x-battery-collection-usilennaya-3210-mah-k-ae46047dc9e411f0b32b00155d59fe46/,2026-09-11 10:47:59
Аккумулятор для iPhone 15 Pro - Battery Collection,1400 ₽,1180 ₽,/catalog/akkumulyatory-dlya-mobilnykh-ustroystv/akkumulyator-dlya-iphone-15-pro-battery-collection/,2026-09-11 10:47:59
Аккумулятор для Samsung Galaxy Note 10 (N970F) (EB-BN970ABU) - Battery Collection (Премиум),700 ₽,570 ₽,/catalog/akkumulyatory-dlya-mobilnykh-ustroystv/akkumulyator-dlya-samsung-galaxy-note-10-n970f-eb-bn970abu-battery-collection-premium/,2026-09-11 10:47:59
Аккумулятор для Samsung Galaxy A15 4G (A155F)/A15 5G (A156B) (EB-BA156ABY) - Battery Collection (Премиум),1000 ₽,815 ₽,/catalog/akkumulyatory-dlya-mobilnykh-ustroystv/akkumulyator-dlya-samsung-galaxy-a15-4g-a155f-a15-5g-a156b-eb-ba156aby-battery-collection-premium/,2026-09-11 10:47:59
Аккумулятор для Huawei Nova 10 SE/11/11 SE/12 SE/12s (HB456493EGW) - Battery Collection (Премиум),1800 ₽,1520 ₽,/catalog/akkumulyatory-dlya-mobilnykh-ustroystv/akkumulyator-dlya-huawei-nova-10-se-11-11-se-12-se-12s-hb456493egw-battery-collection-premium/,2026-09-11 10:47:59
Аккумулятор для iPhone SE (2022) - Battery Collection,1100 ₽,930 ₽,/catalog/akkumulyatory-dlya-mobilnykh-ustroystv/akkumulyator-dlya-iphone-se-2022-battery-collection/,2026-09-11 10:47:59
Аккумулятор для iPhone 15 - Battery Collection - усиленная 3520 mAh,1400 ₽,1120 ₽,/catalog/akkumulyatory-dlya-mobilnykh-ustroystv/akkumulyator-dlya-iphone-15-battery-collection-usilennaya-3520-mah/,2026-09-11 10:47:59
Аккумулятор для Samsung Galaxy S10+ (G975F) (EB-BG975ABU) - Battery Collection (Премиум),750 ₽,610 ₽,/catalog/akkumulyatory-dlya-mobilnykh-ustroystv/akkumulyator-dlya-samsung-galaxy-s10-g975f-eb-bg975abu-battery-collection-premium/,2026-09-11 10:47:59
Аккумулятор для Samsung Galaxy Note 10 Lite (N770F) (EB-BN770ABY) - Battery Collection (Премиум),750 ₽,610 ₽,/catalog/akkumulyatory-dlya-mobilnykh-ustroystv/akkumulyator-dlya-samsung-galaxy-note-10-lite-n770f-eb-bn770aby-battery-collection-premium/,2026-09-11 10:47:59
Ячейка (банка) Аккумулятора для iPhone 11 - усиленная 3510 mAh - Battery Collection,600 ₽,500 ₽,/catalog/yacheyki-banki-akkumulyatora/yacheyka-banka-akkumulyatora-dlya-iphone-11-usilennaya-3510-mah-battery-collection/,2026-09-11 10:47:59
Аккумулятор для Samsung Galaxy A7 2018 (A750F)/A10 (A105F)/M10 (M105F) (EB-BA750ABU) - Battery Collection (Премиум),650 ₽,515 ₽,/catalog/akkumulyatory-dlya-mobilnykh-ustroystv/akkumulyator-dlya-samsung-galaxy-a7-2018-a750f-a10-a105f-m10-m105f-eb-ba750abu-battery-collection-pr/,2026-09-11 10:47:59
Ячейка (банка) Аккумулятора для iPhone 12/12 Pro - усиленная 3210 mAh - Battery Collection,650 ₽,525 ₽,/catalog/yacheyki-banki-akkumulyatora/yacheyka-banka-akkumulyatora-dlya-iphone-12-12-pro-usilennaya-3210-mah-battery-collection/,2026-09-11 10:47:59
Аккумулятор для Samsung Galaxy A24 4G (A245F) (EB-BA245ABY) - Battery Collection (Премиум),800 ₽,655 ₽,/catalog/akkumulyatory-dlya-mobilnykh-ustroystv/akkumulyator-dlya-samsung-galaxy-a24-4g-a245f-eb-ba245aby-battery-collection-premium/,2026-09-11 10:47:59
Аккумулятор для Realme C61/Note 60 (BLPA75) - Battery Collection (Премиум),750 ₽,625 ₽,/catalog/akkumulyatory-dlya-mobilnykh-ustroystv/akkumulyator-dlya-realme-c61-note-60-blpa75-battery-collection-prem-61d7b047ae6011f0b32a00155d59fe46/,2026-09-11 10:47:59
Аккумулятор для iPhone 13 mini - Battery Collection,950 ₽,780 ₽,/catalog/akkumulyatory-dlya-mobilnykh-ustroystv/akkumulyator-dlya-iphone-13-mini-battery-collection/,2026-09-11 10:47:59
Аккумулятор для iPhone 13 Pro - Battery Collection,1300 ₽,1080 ₽,/catalog/akkumulyatory-dlya-mobilnykh-ustroystv/akkumulyator-dlya-iphone-13-pro-battery-collection/,2026-09-11 10:47:59
Аккумулятор для iPhone 13 Pro Max - Battery Collection с верификацией,2000 ₽,1700 ₽,/catalog/akkumulyatory-dlya-mobilnykh-ustroystv/akkumulyator-dlya-iphone-13-pro-max-battery-collection-s-verifikatsiey/,2026-09-11 10:47:59
Аккумулятор для iPhone 13 mini - Battery Collection с верификацией,1500 ₽,1260 ₽,/catalog/akkumulyatory-dlya-mobilnykh-ustroystv/akkumulyator-dlya-iphone-13-mini-battery-collection-s-verifikatsiey/,2026-09-11 10:47:59
Аккумулятор для Infinix Hot 10 Lite/10S/12i/20i/Smart 6/6 HD/6 Plus (BL-49FX) - Battery Collection (Премиум),800 ₽,670 ₽,/catalog/akkumulyatory-dlya-mobilnykh-ustroystv/akkumulyator-dlya-infinix-hot-10-lite-10s-12i-20i-smart-6-6-hd-6-plus-bl-49fx-battery-collection-pre/,2026-09-11 10:47:59
Аккумулятор для Infinix Note 30 4G/5G (BL-49TX) - Battery Collection (Премиум),850 ₽,715 ₽,/catalog/akkumulyatory-dlya-mobilnykh-ustroystv/akkumulyator-dlya-infinix-note-30-4g-5g-bl-49tx-battery-collection-premium/,2026-09-11 10:47:59
Аккумулятор для Xiaomi Redmi 7A (BN49) - Battery Collection (Премиум),750 ₽,625 ₽,/catalog/akkumulyatory-dlya-mobilnykh-ustroystv/akkumulyator-dlya-xiaomi-redmi-7a-bn49-battery-collection-premium/,2026-09-11 10:47:59
Аккумулятор для Realme C15/C25/C25s/Narzo 30A/50A (BLP793) - Battery Collection (Премиум),950 ₽,780 ₽,/catalog/akkumulyatory-dlya-mobilnykh-ustroystv/akkumulyator-dlya-realme-c15-c25-c25s-narzo-30a-50a-blp793-battery-collection-premium/,2026-09-11 10:47:59
Аккумулятор для Xiaomi Redmi 3/3S/3 Pro/4X (BM47) - Battery Collection (Премиум),700 ₽,570 ₽,/catalog/akkumulyatory-dlya-mobilnykh-ustroystv/akkumulyator-dlya-xiaomi-redmi-3-3s-3-pro-4x-bm47-battery-collection-premium/,2026-09-11 10:47:59
Аккумулятор для iPhone Xr - Battery Collection - усиленная 3510 mAh - (Коробка + скотч + отвертка),950 ₽,780 ₽,/catalog/akkumulyatory-dlya-mobilnykh-ustroystv/akkumulyator-dlya-iphone-xr-battery-collection-usilennaya-3510-mah-korobka-skotch-otvertka/,2026-09-11 10:47:59
Аккумулятор для Samsung Galaxy A40 (A405F) (EB-BA405ABE) - Battery Collection (Премиум),550 ₽,455 ₽,/catalog/akkumulyatory-dlya-mobilnykh-ustroystv/akkumulyator-dlya-samsung-galaxy-a40-a405f-eb-ba405abe-battery-collection-premium/,2026-09-11 10:47:59
Аккумулятор для Vivo Y31 2021 (V2036) (B-O8) - Battery Collection (Премиум),1000 ₽,825 ₽,/catalog/akkumulyatory-dlya-mobilnykh-ustroystv/akkumulyator-dlya-vivo-y31-2021-v2036-b-o8-battery-collection-premium/,2026-09-11 10:47:59
"Аккумулятор для iPhone 12 Pro Max - Battery Collection с верификацией ""Новая запчасть"" - усиленная 4310 mAh",2700 ₽,2280 ₽,/catalog/akkumulyatory-dlya-mobilnykh-ustroystv/akkumulyator-dlya-iphone-12-pro-max-battery-collection-s-verifikatsiey-novaya-zapchast-usilennaya-43/,2026-09-11 10:47:59
Аккумулятор для Samsung Galaxy S24 FE (S721B) (EB-BS721ABY) - Battery Collection (Премиум),900 ₽,760 ₽,/catalog/akkumulyatory-dlya-mobilnykh-ustroystv/akkumulyator-dlya-samsung-galaxy-s24-fe-s721b-eb-bs721aby-battery-c-c919897d6f6b11f1b33400155d59fe46/,2026-09-11 10:47:59
Аккумулятор для Google Pixel 7 (GZE8U) - Battery Collection (Премиум),800 ₽,670 ₽,/catalog/akkumulyatory-dlya-mobilnykh-ustroystv/akkumulyator-dlya-google-pixel-7-gze8u-battery-collection-premium-1c2591ff791b11f1b33400155d59fe46/,2026-09-11 10:47:59
Аккумулятор для Xiaomi Redmi A3/A3x/Poco C61 (BN5R) - Battery Collection (Премиум),750 ₽,600 ₽,/catalog/akkumulyatory-dlya-mobilnykh-ustroystv/akkumulyator-dlya-xiaomi-redmi-a3-a3x-poco-c61-bn5r-battery-collection-premium/,2026-09-11 10:47:59
Аккумулятор для iPhone 12 Pro Max - Battery Collection,1200 ₽,995 ₽,/catalog/akkumulyatory-dlya-mobilnykh-ustroystv/akkumulyator-dlya-iphone-12-pro-max-battery-collection/,2026-09-11 10:47:59
Аккумулятор для Xiaomi Redmi Note 6 Pro (BN48) - Battery Collection (Премиум),800 ₽,670 ₽,/catalog/akkumulyatory-dlya-mobilnykh-ustroystv/akkumulyator-dlya-xiaomi-redmi-note-6-pro-bn48-battery-collection-premium/,2026-09-11 10:47:59
Аккумулятор для Realme 6/6 Pro/6s (BLP757) - Battery Collection (Премиум),900 ₽,760 ₽,/catalog/akkumulyatory-dlya-mobilnykh-ustroystv/akkumulyator-dlya-realme-6-6-pro-6s-blp757-battery-collection-premium/,2026-09-11 10:47:59
Аккумулятор для Realme C53/C67 4G/12 5G/13 5G/C65 4G (BLPA17) - Battery Collection (Премиум),800 ₽,655 ₽,/catalog/akkumulyatory-dlya-mobilnykh-ustroystv/akkumulyator-dlya-realme-c53-c67-4g-12-5g-13-5g-c65-4g-blpa17-batte-e5452ad3ae5f11f0b32a00155d59fe46/,2026-09-11 10:47:59
Аккумулятор для Samsung L700/B3410/B5310/C3200/C3222/C3312/C3530 (AB463651BU) - Battery Collection (Премиум),400 ₽,315 ₽,/catalog/akkumulyatory-dlya-mobilnykh-ustroystv/akkumulyator-dlya-samsung-l700-b3410-b5310-c3200-c3222-c3312-c3530-ab463651bu-battery-collection-pre/,2026-09-11 10:47:59
Ячейка (банка) Аккумулятора для iPhone 11 - Battery Collection,600 ₽,490 ₽,/catalog/yacheyki-banki-akkumulyatora/yacheyka-banka-akkumulyatora-dlya-iphone-11-battery-collection/,2026-09-11 10:47:59
Аккумулятор для iPhone 12 mini - Battery Collection с верификацией,1400 ₽,1120 ₽,/catalog/akkumulyatory-dlya-mobilnykh-ustroystv/akkumulyator-dlya-iphone-12-mini-battery-collection-s-verifikatsiey/,2026-09-11 10:47:59
Аккумулятор для Tecno Camon 19 Pro (BL-49MT) - Battery Collection (Премиум),800 ₽,670 ₽,/catalog/akkumulyatory-dlya-mobilnykh-ustroystv/akkumulyator-dlya-tecno-camon-19-pro-bl-49mt-battery-collection-premium/,2026-09-11 10:47:59
Аккумулятор для Google Pixel 7 Pro (GMF5Z) - Battery Collection (Премиум),900 ₽,750 ₽,/catalog/akkumulyatory-dlya-mobilnykh-ustroystv/akkumulyator-dlya-google-pixel-7-pro-gmf5z-battery-collection-premi-8ddff256791b11f1b33400155d59fe46/,2026-09-11 10:47:59
Аккумулятор для Xiaomi Mi 9T Pro (BP40) - Battery Collection (Премиум),700 ₽,570 ₽,/catalog/akkumulyatory-dlya-mobilnykh-ustroystv/akkumulyator-dlya-xiaomi-mi-9t-pro-bp40-battery-collection-premium/,2026-09-11 10:47:59
Аккумулятор для Xiaomi Redmi 8/8A (BN51) - Battery Collection (Премиум),800 ₽,670 ₽,/catalog/akkumulyatory-dlya-mobilnykh-ustroystv/akkumulyator-dlya-xiaomi-redmi-8-8a-bn51-battery-collection-premium/,2026-09-11 10:47:59
Аккумулятор для iPhone 14 Pro - Battery Collection - усиленная 3510 mAh - (Коробка + скотч + отвертка),1600 ₽,1300 ₽,/catalog/akkumulyatory-dlya-mobilnykh-ustroystv/akkumulyator-dlya-iphone-14-pro-battery-collection-usilennaya-3510-mah-korobka-skotch-otvertka/,2026-09-11 10:47:59
Аккумулятор для iPhone 13 mini - Battery Collection с верификацией - усиленная 2500 mAh - (Коробка + скотч + отвертка),1700 ₽,1380 ₽,/catalog/akkumulyatory-dlya-mobilnykh-ustroystv/akkumulyator-dlya-iphone-13-mini-battery-collection-s-verifikatsiey-usilennaya-2500-mah-korobka-skot/,2026-09-11 10:47:59
Аккумулятор для iPhone 12 Pro Max - Battery Collection - усиленная 4310 mAh - (Коробка + скотч + отвертка),1200 ₽,965 ₽,/catalog/akkumulyatory-dlya-mobilnykh-ustroystv/akkumulyator-dlya-iphone-12-pro-max-battery-collection-usilennaya-4310-mah-korobka-skotch-otvertka/,2026-09-11 10:47:59
Аккумулятор для Xiaomi Redmi 6/6A (BN37) - Battery Collection (Премиум),650 ₽,535 ₽,/catalog/akkumulyatory-dlya-mobilnykh-ustroystv/akkumulyator-dlya-xiaomi-redmi-6-6a-bn37-battery-collection-premium/,2026-09-11 10:47:59
Аккумулятор для Huawei Honor X7b 4G/X7c (HB4966A2EGW) - Battery Collection (Премиум),850 ₽,715 ₽,/catalog/akkumulyatory-dlya-mobilnykh-ustroystv/akkumulyator-dlya-huawei-honor-x7b-4g-x7c-hb4966a2egw-battery-collection-premium/,2026-09-11 10:47:59
Аккумулятор для Samsung Galaxy A7 2017 (A720F)/J7 2017 (J730F) (EB-BA720ABE) - Battery Collection (Премиум),750 ₽,600 ₽,/catalog/akkumulyatory-dlya-mobilnykh-ustroystv/akkumulyator-dlya-samsung-galaxy-a7-2017-a720f-j7-2017-j730f-eb-ba720abe-battery-collection-premium/,2026-09-11 10:47:59
Аккумулятор для Xiaomi Mi 11 (BM4X) - Battery Collection (Премиум),800 ₽,670 ₽,/catalog/akkumulyatory-dlya-mobilnykh-ustroystv/akkumulyator-dlya-xiaomi-mi-11-bm4x-battery-collection-premium/,2026-09-11 10:47:59
Аккумулятор для Samsung Galaxy S22 (S901B) (EB-BS901ABY) - Battery Collection (Премиум) - (Коробка + скотч + отвертка),1000 ₽,825 ₽,/catalog/akkumulyatory-dlya-mobilnykh-ustroystv/akkumulyator-dlya-samsung-galaxy-s22-s901b-eb-bs901aby-battery-collection-premium-korobka-skotch-otv/,2026-09-11 10:47:59
Аккумулятор для Xiaomi Redmi Note 10/10S/Poco M5s (BN59) - Battery Collection (Премиум) - (Коробка + скотч + отвертка),1100 ₽,860 ₽,/catalog/akkumulyatory-dlya-mobilnykh-ustroystv/akkumulyator-dlya-xiaomi-redmi-note-10-10s-poco-m5s-bn59-battery-collection-premium-korobka-skotch-o/,2026-09-11 10:47:59
Аккумулятор для ZTE Blade V9/V9 Vita/V10/V10 Vita/A5 2020/A7 Vita/A7 2019 (Li3931T44P8h806139) - Battery Collection (Премиум),750 ₽,600 ₽,/catalog/akkumulyatory-dlya-mobilnykh-ustroystv/akkumulyator-dlya-zte-blade-v9-v9-vita-v10-v10-vita-a5-2020-a7-vita-a7-2019-li3931t44p8h806139-batte/,2026-09-11 10:47:59
"Аккумулятор для iPhone 15 - Battery Collection с верификацией ""Новая запчасть"" - усиленная 3520 mAh",2600 ₽,2220 ₽,/catalog/akkumulyatory-dlya-mobilnykh-ustroystv/akkumulyator-dlya-iphone-15-battery-collection-s-verifikatsiey-novaya-zapchast-usilennaya-3520-mah/,2026-09-11 10:47:59
Аккумулятор для Xiaomi Poco M6 4G/Redmi 13 4G (BN5T) - Battery Collection (Премиум),1100 ₽,895 ₽,/catalog/akkumulyatory-dlya-mobilnykh-ustroystv/akkumulyator-dlya-xiaomi-poco-m6-4g-redmi-13-4g-bn5t-battery-collection-premium/,2026-09-11 10:47:59
Аккумулятор для Samsung Galaxy A01 Core (A013F) (EB-BA013ABY) - Battery Collection (Премиум),550 ₽,455 ₽,/catalog/akkumulyatory-dlya-mobilnykh-ustroystv/akkumulyator-dlya-samsung-galaxy-a01-core-a013f-eb-ba013aby-battery-collection-premium/,2026-09-11 10:47:59
Аккумулятор для iPhone 12 Pro Max - Battery Collection - усиленная 4310 mAh,1400 ₽,1140 ₽,/catalog/akkumulyatory-dlya-mobilnykh-ustroystv/akkumulyator-dlya-iphone-12-pro-max-battery-collection-usilennaya-4310-mah/,2026-09-11 10:47:59
Аккумулятор для Infinix Hot 10 Play/11/11 Play/12 Play/20 Play/30 Play (BL-58BX) - Battery Collection (Премиум),1000 ₽,850 ₽,/catalog/akkumulyatory-dlya-mobilnykh-ustroystv/akkumulyator-dlya-infinix-hot-10-play-11-11-play-12-play-20-play-30-play-bl-58bx-battery-collection-/,2026-09-11 10:47:59
Ячейка (банка) Аккумулятора для iPhone 13 Pro - Battery Collection,650 ₽,535 ₽,/catalog/yacheyki-banki-akkumulyatora/yacheyka-banka-akkumulyatora-dlya-iphone-13-pro-battery-collection/,2026-09-11 10:47:59
Аккумулятор для Samsung Galaxy S25 Ultra (S938B) (EB-BS938ABY) - Battery Collection (Премиум),800 ₽,670 ₽,/catalog/akkumulyatory-dlya-mobilnykh-ustroystv/akkumulyator-dlya-samsung-galaxy-s25-ultra-s938b-eb-bs938aby-batter-188eab6b6eea11f1b33400155d59fe46/,2026-09-11 10:47:59
Аккумулятор для Xiaomi Mi 10 (BM4N) - Battery Collection (Премиум),850 ₽,725 ₽,/catalog/akkumulyatory-dlya-mobilnykh-ustroystv/akkumulyator-dlya-xiaomi-mi-10-bm4n-battery-collection-premium/,2026-09-11 10:47:59
Аккумулятор для Nokia 6060/3220/3230/5070/5140/5200/5300/5320/5500 (BL-5B) - Battery Collection (Премиум),300 ₽,220 ₽,/catalog/akkumulyatory-dlya-mobilnykh-ustroystv/akkumulyator-dlya-nokia-6060-3220-3230-5070-5140-5200-5300-5320-5500-bl-5b-battery-collection-premiu/,2026-09-11 10:47:59
Аккумулятор для iPhone 13 Pro Max - Battery Collection с верификацией - усиленная 4700 mAh - (Коробка + скотч + отвертка),2400 ₽,2020 ₽,/catalog/akkumulyatory-dlya-mobilnykh-ustroystv/akkumulyator-dlya-iphone-13-pro-max-battery-collection-s-verifikatsiey-usilennaya-4700-mah-korobka-s/,2026-09-11 10:47:59
Аккумулятор для Samsung Galaxy A51 (A515F) (EB-BA515ABY) - Battery Collection (Премиум) - (Коробка + скотч + отвертка),900 ₽,735 ₽,/catalog/akkumulyatory-dlya-mobilnykh-ustroystv/akkumulyator-dlya-samsung-galaxy-a51-a515f-eb-ba515aby-battery-collection-premium-korobka-skotch-otv/,2026-09-11 10:47:59
Аккумулятор для iPhone 11 Pro - Battery Collection - усиленная 3410 mAh - (Коробка + скотч + отвертка),1300 ₽,1040 ₽,/catalog/akkumulyatory-dlya-mobilnykh-ustroystv/akkumulyator-dlya-iphone-11-pro-battery-collection-usilennaya-3410-mah-korobka-skotch-otvertka/,2026-09-11 10:47:59
Аккумулятор для Samsung Galaxy S22+ (S906B) (EB-BS906ABY) - Battery Collection (Премиум),800 ₽,645 ₽,/catalog/akkumulyatory-dlya-mobilnykh-ustroystv/akkumulyator-dlya-samsung-galaxy-s22-s906b-eb-bs906aby-battery-collection-premium/,2026-09-11 10:47:59
Аккумулятор для iPhone 15 Pro Max - Battery Collection - усиленная 4770 mAh,1700 ₽,1420 ₽,/catalog/akkumulyatory-dlya-mobilnykh-ustroystv/akkumulyator-dlya-iphone-15-pro-max-battery-collection-usilennaya-4770-mah/,2026-09-11 10:47:59
Аккумулятор для Xiaomi Redmi Note 10 Pro 4G/Redmi Note 9 Pro (BN53) - Battery Collection (Премиум) - (Коробка + скотч + отвертка),1200 ₽,975 ₽,/catalog/akkumulyatory-dlya-mobilnykh-ustroystv/akkumulyator-dlya-xiaomi-redmi-note-10-pro-4g-redmi-note-9-pro-bn53-battery-collection-premium-korob/,2026-09-11 10:47:59
Аккумулятор для iPhone Xs - Battery Collection - усиленная 3010 mAh - (Коробка + скотч + отвертка),1000 ₽,825 ₽,/catalog/akkumulyatory-dlya-mobilnykh-ustroystv/akkumulyator-dlya-iphone-xs-battery-collection-usilennaya-3010-mah-korobka-skotch-otvertka/,2026-09-11 10:47:59
Аккумулятор для Xiaomi Redmi Note 12 Pro+ (BP4J) - Battery Collection (Премиум),1500 ₽,1200 ₽,/catalog/akkumulyatory-dlya-mobilnykh-ustroystv/akkumulyator-dlya-xiaomi-redmi-note-12-pro-bp4j-battery-collection-premium/,2026-09-11 10:47:59
Аккумулятор для Xiaomi Mi 11 Lite 4G/5G/11 Lite 5G NE (BP42) - Battery Collection (Премиум) - (Коробка + скотч + отвертка),1100 ₽,930 ₽,/catalog/akkumulyatory-dlya-mobilnykh-ustroystv/akkumulyator-dlya-xiaomi-mi-11-lite-4g-5g-11-lite-5g-ne-bp42-battery-collection-premium-korobka-skot/,2026-09-11 10:47:59
Аккумулятор для Xiaomi Poco C51/Redmi A2+ (BN5F) - Battery Collection (Премиум),900 ₽,735 ₽,/catalog/akkumulyatory-dlya-mobilnykh-ustroystv/akkumulyator-dlya-xiaomi-poco-c51-redmi-a2-bn5f-battery-collection-premium/,2026-09-11 10:47:59
Аккумулятор для Samsung Galaxy A5 2016 (A510F) (EB-BA510ABE) - Battery Collection (Премиум),550 ₽,455 ₽,/catalog/akkumulyatory-dlya-mobilnykh-ustroystv/akkumulyator-dlya-samsung-galaxy-a5-2016-a510f-eb-ba510abe-battery-collection-premium/,2026-09-11 10:47:59
Аккумулятор для Xiaomi Redmi Note 11/11S 4G/12S/Xiaomi Poco M4 Pro 4G (BN5D) - Battery Collection (Премиум) - (Коробка + скотч + отвертка),1100 ₽,875 ₽,/catalog/akkumulyatory-dlya-mobilnykh-ustroystv/akkumulyator-dlya-xiaomi-redmi-note-11-11s-4g-12s-xiaomi-poco-m4-pr-b24c7e9f16b611f1b33100155d59fe46/,2026-09-11 10:47:59
Аккумулятор для Samsung Galaxy A20 (A205F)/A30 (A305F)/A30s (A307F)/A50 (A505F) (EB-BA505ABU) - Battery Collection (Премиум) (Коробка + скотч),650 ₽,515 ₽,/catalog/akkumulyatory-dlya-mobilnykh-ustroystv/akkumulyator-dlya-samsung-galaxy-a20-a205f-a30-a305f-a30s-a307f-a50-03c8c4f8fe6a11eeb32100155d59fe46/,2026-09-11 10:47:59
Аккумулятор для Huawei Nova Y70/Y70 Plus/Y72/Y72S/Y63 (HB536896EFW) - Battery Collection (Премиум),950 ₽,770 ₽,/catalog/akkumulyatory-dlya-mobilnykh-ustroystv/akkumulyator-dlya-huawei-nova-y70-y70-plus-y72-y72s-y63-hb536896efw-battery-collection-premium/,2026-09-11 10:47:59
Аккумулятор для Xiaomi Redmi 7/Note 8/8T/8 2021 (BN46) - Battery Collection (Премиум) - (Коробка + скотч + отвертка),950 ₽,770 ₽,/catalog/akkumulyatory-dlya-mobilnykh-ustroystv/akkumulyator-dlya-xiaomi-redmi-7-note-8-8t-8-2021-bn46-battery-collection-premium-korobka-skotch-otv/,2026-09-11 10:47:59
Ячейка (банка) Аккумулятора для iPhone 12/12 Pro - Battery Collection,650 ₽,515 ₽,/catalog/yacheyki-banki-akkumulyatora/yacheyka-banka-akkumulyatora-dlya-iphone-12-12-pro-battery-collection/,2026-09-11 10:47:59
Аккумулятор для Samsung Galaxy S23+ (S916B) (EB-BS916ABY) - Battery Collection (Премиум),800 ₽,670 ₽,/catalog/akkumulyatory-dlya-mobilnykh-ustroystv/akkumulyator-dlya-samsung-galaxy-s23-s916b-eb-bs916aby-battery-collection-premium/,2026-09-11 10:47:59
Аккумулятор для iPhone 12 mini - Battery Collection с верификацией - усиленная 2400 mAh - (Коробка + скотч + отвертка),1600 ₽,1360 ₽,/catalog/akkumulyatory-dlya-mobilnykh-ustroystv/akkumulyator-dlya-iphone-12-mini-battery-collection-s-verifikatsiey-usilennaya-2400-mah-korobka-skot/,2026-09-11 10:47:59
Аккумулятор для iPhone 12 Pro Max - Battery Collection с верификацией,2000 ₽,1640 ₽,/catalog/akkumulyatory-dlya-mobilnykh-ustroystv/akkumulyator-dlya-iphone-12-pro-max-battery-collection-s-verifikatsiey/,2026-09-11 10:47:59
Аккумулятор для Infinix Smart 9/9 HD/10 (BL-49NX) - Battery Collection (Премиум) - узкий коннектор,850 ₽,705 ₽,/catalog/akkumulyatory-dlya-mobilnykh-ustroystv/akkumulyator-dlya-infinix-smart-9-9-hd-10-bl-49nx-battery-collection-premium-uzkiy-konnektor/,2026-09-11 10:47:59
Аккумулятор для iPhone 6S Plus - Battery Collection,700 ₽,570 ₽,/catalog/akkumulyatory-dlya-mobilnykh-ustroystv/akkumulyator-dlya-iphone-6s-plus-battery-collection/,2026-09-11 10:47:59
Аккумулятор для iPhone 13 mini - Battery Collection - усиленная 2500 mAh - (Коробка + скотч + отвертка),900 ₽,735 ₽,/catalog/akkumulyatory-dlya-mobilnykh-ustroystv/akkumulyator-dlya-iphone-13-mini-battery-collection-usilennaya-2500-mah-korobka-skotch-otvertka/,2026-09-11 10:47:59
"Аккумулятор для iPhone 13 mini - Battery Collection с верификацией ""Новая запчасть"" - усиленная 2550 mAh",2500 ₽,2060 ₽,/catalog/akkumulyatory-dlya-mobilnykh-ustroystv/akkumulyator-dlya-iphone-13-mini-battery-collection-s-verifikatsiey-novaya-zapchast-usilennaya-2550-/,2026-09-11 10:47:59
Аккумулятор для iPhone 12 Pro Max - Battery Collection с верификацией - усиленная 4310 mAh - (Коробка + скотч + отвертка),2100 ₽,1740 ₽,/catalog/akkumulyatory-dlya-mobilnykh-ustroystv/akkumulyator-dlya-iphone-12-pro-max-battery-collection-s-verifikatsiey-usilennaya-4310-mah-korobka-s/,2026-09-11 10:47:59
Аккумулятор для Samsung Galaxy S24 Ultra (S928B) (EB-BS928ABY) - Battery Collection (Премиум),800 ₽,655 ₽,/catalog/akkumulyatory-dlya-mobilnykh-ustroystv/akkumulyator-dlya-samsung-galaxy-s24-ultra-s928b-eb-bs928aby-battery-collection-premium/,2026-09-11 10:47:59
Аккумулятор для iPhone 13 Pro Max - Battery Collection - усиленная 4700 mAh - (Коробка + скотч + отвертка),1400 ₽,1160 ₽,/catalog/akkumulyatory-dlya-mobilnykh-ustroystv/akkumulyator-dlya-iphone-13-pro-max-battery-collection-usilennaya-4700-mah-korobka-skotch-otvertka/,2026-09-11 10:47:59
Аккумулятор для Samsung Galaxy Note 8 (N950F) (EB-BN950ABE) - Battery Collection (Премиум),700 ₽,570 ₽,/catalog/akkumulyatory-dlya-mobilnykh-ustroystv/akkumulyator-dlya-samsung-galaxy-note-8-n950f-eb-bn950abe-battery-collection-premium/,2026-09-11 10:47:59
Аккумулятор для Infinix Hot 50 4G/50i (BL-5ABX) - Battery Collection (Премиум),800 ₽,655 ₽,/catalog/akkumulyatory-dlya-mobilnykh-ustroystv/akkumulyator-dlya-infinix-hot-50-4g-50i-bl-5abx-battery-collection-premium/,2026-09-11 10:47:59
Аккумулятор для iPhone 12/12 Pro - Battery Collection - усиленная 3310 mAh - (Коробка + скотч + отвертка),1300 ₽,1060 ₽,/catalog/akkumulyatory-dlya-mobilnykh-ustroystv/akkumulyator-dlya-iphone-12-12-pro-battery-collection-usilennaya-33-da4538c7ca7611f0b32b00155d59fe46/,2026-09-11 10:47:59
Аккумулятор для Xiaomi 12/12X (BP46) - Battery Collection (Премиум) - (Коробка + скотч + отвертка),1300 ₽,1080 ₽,/catalog/akkumulyatory-dlya-mobilnykh-ustroystv/akkumulyator-dlya-xiaomi-12-12x-bp46-battery-collection-premium-korobka-skotch-otvertka/,2026-09-11 10:47:59
Аккумулятор для Xiaomi Mi Mix 2/Mi Mix 2S (BM3B) - Battery Collection (Премиум),700 ₽,560 ₽,/catalog/akkumulyatory-dlya-mobilnykh-ustroystv/akkumulyator-dlya-xiaomi-mi-mix-2-mi-mix-2s-bm3b-battery-collection-premium/,2026-09-11 10:47:59
Аккумулятор для Xiaomi 11T Pro (BM58) - Battery Collection (Премиум) - (Коробка + скотч + отвертка),1600 ₽,1300 ₽,/catalog/akkumulyatory-dlya-mobilnykh-ustroystv/akkumulyator-dlya-xiaomi-11t-pro-bm58-battery-collection-premium-korobka-skotch-otvertka/,2026-09-11 10:47:59
Аккумулятор для Xiaomi Mi 6 (BM39) - Battery Collection (Премиум),650 ₽,515 ₽,/catalog/akkumulyatory-dlya-mobilnykh-ustroystv/akkumulyator-dlya-xiaomi-mi-6-bm39-battery-collection-premium/,2026-09-11 10:47:59
Аккумулятор для Xiaomi Mi A2 Lite/Redmi 6 Pro (BN47) - Battery Collection (Премиум),700 ₽,590 ₽,/catalog/akkumulyatory-dlya-mobilnykh-ustroystv/akkumulyator-dlya-xiaomi-mi-a2-lite-redmi-6-pro-bn47-battery-collection-premium/,2026-09-11 10:47:59
Аккумулятор для Xiaomi Mi 6X/A2 (BN36) - Battery Collection (Премиум),700 ₽,570 ₽,/catalog/akkumulyatory-dlya-mobilnykh-ustroystv/akkumulyator-dlya-xiaomi-mi-6x-a2-bn36-battery-collection-premium/,2026-09-11 10:47:59
Аккумулятор для ZTE Blade A5 2019/A3 2020/L210 (Li3826T43P4h695950) - Battery Collection (Премиум),500 ₽,395 ₽,/catalog/akkumulyatory-dlya-mobilnykh-ustroystv/akkumulyator-dlya-zte-blade-a5-2019-a3-2020-l210-li3826t43p4h695950-battery-collection-premium/,2026-09-11 10:47:59
Аккумулятор для Realme 10 Pro 5G (BLP983) - Battery Collection (Премиум),950 ₽,780 ₽,/catalog/akkumulyatory-dlya-mobilnykh-ustroystv/akkumulyator-dlya-realme-10-pro-5g-blp983-battery-collection-premium/,2026-09-11 10:47:59
Аккумулятор для Xiaomi 11T (BM59) - Battery Collection (Премиум) - (Коробка + скотч + отвертка),1300 ₽,1060 ₽,/catalog/akkumulyatory-dlya-mobilnykh-ustroystv/akkumulyator-dlya-xiaomi-11t-bm59-battery-collection-premium-korobka-skotch-otvertka/,2026-09-11 10:47:59
Аккумулятор для Xiaomi Redmi Note 11 Pro+ 5G (BP47) - Battery Collection (Премиум),1500 ₽,1280 ₽,/catalog/akkumulyatory-dlya-mobilnykh-ustroystv/akkumulyator-dlya-xiaomi-redmi-note-11-pro-5g-bp47-battery-collection-premium/,2026-09-11 10:47:59
Аккумулятор для Samsung Galaxy A01 (A015F) (QL1695) - Battery Collection (Премиум),650 ₽,535 ₽,/catalog/akkumulyatory-dlya-mobilnykh-ustroystv/akkumulyator-dlya-samsung-galaxy-a01-a015f-ql1695-battery-collection-premium/,2026-09-11 10:47:59
Аккумулятор для Infinix Note 10 Pro/11 Pro/11S/Hot 30 4G/40/40 Pro/50 Pro (BL-49JX) - Battery Collection (Премиум),900 ₽,735 ₽,/catalog/akkumulyatory-dlya-mobilnykh-ustroystv/akkumulyator-dlya-infinix-note-10-pro-11-pro-11s-hot-30-4g-40-40-pro-50-pro-bl-49jx-battery-collecti/,2026-09-11 10:47:59
Аккумулятор для Samsung Galaxy S6 Edge (G925F) (EB-BG925ABE) - Battery Collection (Премиум),550 ₽,455 ₽,/catalog/akkumulyatory-dlya-mobilnykh-ustroystv/akkumulyator-dlya-samsung-galaxy-s6-edge-g925f-eb-bg925abe-battery-collection-premium/,2026-09-11 10:47:59
Аккумулятор для Xiaomi Mi Max 2 (BM50) - Battery Collection (Премиум),800 ₽,670 ₽,/catalog/akkumulyatory-dlya-mobilnykh-ustroystv/akkumulyator-dlya-xiaomi-mi-max-2-bm50-battery-collection-premium/,2026-09-11 10:47:59
Аккумулятор для iPhone 15 - Battery Collection с верификацией - усиленная 3520 mAh - (Коробка + скотч + отвертка),2100 ₽,1740 ₽,/catalog/akkumulyatory-dlya-mobilnykh-ustroystv/akkumulyator-dlya-iphone-15-battery-collection-s-verifikatsiey-usilennaya-3520-mah-korobka-skotch-ot/,2026-09-11 10:47:59
Ячейка (банка) Аккумулятора для iPhone 13 Pro - усиленная 3300 mAh - Battery Collection,800 ₽,645 ₽,/catalog/yacheyki-banki-akkumulyatora/yacheyka-banka-akkumulyatora-dlya-iphone-13-pro-usilennaya-3300-mah-battery-collection/,2026-09-11 10:47:59
Аккумулятор для Nokia 5220/3720/6303/C3-01/C5 (BL-5CT) - Battery Collection (Премиум),400 ₽,340 ₽,/catalog/akkumulyatory-dlya-mobilnykh-ustroystv/akkumulyator-dlya-nokia-5220-3720-6303-c3-01-c5-bl-5ct-battery-collection-premium/,2026-09-11 10:47:59
Аккумулятор для Samsung Galaxy i9300/i9082/i9060/i9300I (EB-L1G6LLU) - Battery Collection (Премиум),650 ₽,550 ₽,/catalog/akkumulyatory-dlya-mobilnykh-ustroystv/akkumulyator-dlya-samsung-galaxy-i9300-i9082-i9060-i9300i-eb-l1g6llu-battery-collection-premium/,2026-09-11 10:47:59
Аккумулятор для Nokia 5800/5230/C3-00/X6/200/302/520/525/530 Dual (BL-5J) - Battery Collection (Премиум),400 ₽,340 ₽,/catalog/akkumulyatory-dlya-mobilnykh-ustroystv/akkumulyator-dlya-nokia-5800-5230-c3-00-x6-200-302-520-525-530-dual-bl-5j-battery-collection-premium/,2026-09-11 10:47:59
Аккумулятор для Samsung Galaxy Note 9 (N960F) (EB-BN965ABU) - Battery Collection (Премиум),700 ₽,570 ₽,/catalog/akkumulyatory-dlya-mobilnykh-ustroystv/akkumulyator-dlya-samsung-galaxy-note-9-n960f-eb-bn965abu-battery-collection-premium/,2026-09-11 10:47:59
Аккумулятор для Samsung Galaxy M51 (M515F) (EB-BM415ABY) - Battery Collection (Премиум),1100 ₽,860 ₽,/catalog/akkumulyatory-dlya-mobilnykh-ustroystv/akkumulyator-dlya-samsung-galaxy-m51-m515f-eb-bm415aby-battery-collection-premium/,2026-09-11 10:47:59
Ячейка (банка) Аккумулятора для iPhone 12 Pro Max - Battery Collection,750 ₽,610 ₽,/catalog/yacheyki-banki-akkumulyatora/yacheyka-banka-akkumulyatora-dlya-iphone-12-pro-max-battery-collection/,2026-09-11 10:47:59
Аккумулятор для iPhone 5 - Battery Collection,550 ₽,430 ₽,/catalog/akkumulyatory-dlya-mobilnykh-ustroystv/akkumulyator-dlya-iphone-5-battery-collection/,2026-09-11 10:47:59
Ячейка (банка) Аккумулятора для iPhone 12 Pro Max - усиленная 4310 mAh - Battery Collection,900 ₽,735 ₽,/catalog/yacheyki-banki-akkumulyatora/yacheyka-banka-akkumulyatora-dlya-iphone-12-pro-max-usilennaya-4310-mah-battery-collection/,2026-09-11 10:47:59
Аккумулятор для iPhone 11 Pro Max - Battery Collection - усиленная 4500 mAh - (Коробка + скотч + отвертка),1500 ₽,1240 ₽,/catalog/akkumulyatory-dlya-mobilnykh-ustroystv/akkumulyator-dlya-iphone-11-pro-max-battery-collection-usilennaya-4500-mah-korobka-skotch-otvertka/,2026-09-11 10:47:59
Аккумулятор для Xiaomi Redmi Note 4X (BN43) - Battery Collection (Премиум),750 ₽,635 ₽,/catalog/akkumulyatory-dlya-mobilnykh-ustroystv/akkumulyator-dlya-xiaomi-redmi-note-4x-bn43-battery-collection-premium/,2026-09-11 10:47:59
Аккумулятор для Xiaomi 12 Pro (BP45) - Battery Collection (Премиум),1400 ₽,1120 ₽,/catalog/akkumulyatory-dlya-mobilnykh-ustroystv/akkumulyator-dlya-xiaomi-12-pro-bp45-battery-collection-premium/,2026-09-11 10:47:59
Аккумулятор для Samsung Galaxy A20 (A205F)/A30 (A305F)/A30s (A307F)/A50 (A505F) (EB-BA505ABU) - Battery Collection (Премиум) - (Коробка + скотч + отвертка),1000 ₽,825 ₽,/catalog/akkumulyatory-dlya-mobilnykh-ustroystv/akkumulyator-dlya-samsung-galaxy-a20-a205f-a30-a305f-a30s-a307f-a50-dad59e3b16c011f1b33100155d59fe46/,2026-09-11 10:47:59
Аккумулятор для iPhone Xs Max - Battery Collection - усиленная 3710 mAh - (Коробка + скотч + отвертка),1200 ₽,985 ₽,/catalog/akkumulyatory-dlya-mobilnykh-ustroystv/akkumulyator-dlya-iphone-xs-max-battery-collection-usilennaya-3710-mah-korobka-skotch-otvertka/,2026-09-11 10:47:59
Аккумулятор для Realme 9 5G (BLP909) - Battery Collection (Премиум),950 ₽,770 ₽,/catalog/akkumulyatory-dlya-mobilnykh-ustroystv/akkumulyator-dlya-realme-9-5g-blp909-battery-collection-premium/,2026-09-11 10:47:59
Аккумулятор для Xiaomi Pocophone F1 (BM4E) - Battery Collection (Премиум),700 ₽,590 ₽,/catalog/akkumulyatory-dlya-mobilnykh-ustroystv/akkumulyator-dlya-xiaomi-pocophone-f1-bm4e-battery-collection-premium/,2026-09-11 10:47:59
Аккумулятор для Xiaomi Poco M3/Redmi 9T (BN62) - Battery Collection (Премиум) - (Коробка + скотч + отвертка),1100 ₽,940 ₽,/catalog/akkumulyatory-dlya-mobilnykh-ustroystv/akkumulyator-dlya-xiaomi-poco-m3-redmi-9t-bn62-battery-collection-premium-korobka-skotch-otvertka/,2026-09-11 10:47:59
Аккумулятор для Xiaomi Redmi 9/Note 9 (BN54) - Battery Collection (Премиум) - (Коробка + скотч + отвертка),1000 ₽,825 ₽,/catalog/akkumulyatory-dlya-mobilnykh-ustroystv/akkumulyator-dlya-xiaomi-redmi-9-note-9-bn54-battery-collection-premium-korobka-skotch-otvertka/,2026-09-11 10:47:59
Аккумулятор для Xiaomi Redmi 5 Plus (BN44) - Battery Collection (Премиум),700 ₽,570 ₽,/catalog/akkumulyatory-dlya-mobilnykh-ustroystv/akkumulyator-dlya-xiaomi-redmi-5-plus-bn44-battery-collection-premium/,2026-09-11 10:47:59
Аккумулятор для Xiaomi Redmi Note 8 Pro (BM4J) - Battery Collection (Премиум) - (Коробка + скотч + отвертка),1100 ₽,895 ₽,/catalog/akkumulyatory-dlya-mobilnykh-ustroystv/akkumulyator-dlya-xiaomi-redmi-note-8-pro-bm4j-battery-collection-premium-korobka-skotch-otvertka/,2026-09-11 10:47:59
Аккумулятор для Infinix Note 12 VIP (BL-44FX) - Battery Collection (Премиум),1400 ₽,1140 ₽,/catalog/akkumulyatory-dlya-mobilnykh-ustroystv/akkumulyator-dlya-infinix-note-12-vip-bl-44fx-battery-collection-premium/,2026-09-11 10:47:59
Ячейка (банка) Аккумулятора для iPhone 11 Pro - усиленная 3410 mAh - Battery Collection,500 ₽,385 ₽,/catalog/yacheyki-banki-akkumulyatora/yacheyka-banka-akkumulyatora-dlya-iphone-11-pro-usilennaya-3410-mah-battery-collection/,2026-09-11 10:47:59
Аккумулятор для Samsung Galaxy A8+ 2018 (A730F) (EB-BA730ABE) - Battery Collection (Премиум),650 ₽,535 ₽,/catalog/akkumulyatory-dlya-mobilnykh-ustroystv/akkumulyator-dlya-samsung-galaxy-a8-2018-a730f-eb-ba730abe-battery-collection-premium/,2026-09-11 10:47:59
Аккумулятор для iPhone 6S Plus - Battery Collection - усиленная 3410 mAh,950 ₽,780 ₽,/catalog/akkumulyatory-dlya-mobilnykh-ustroystv/akkumulyator-dlya-iphone-6s-plus-battery-collection-usilennaya-3410-mah/,2026-09-11 10:47:59
Аккумулятор для Xiaomi Mi 5 (BM22) - Battery Collection (Премиум),550 ₽,455 ₽,/catalog/akkumulyatory-dlya-mobilnykh-ustroystv/akkumulyator-dlya-xiaomi-mi-5-bm22-battery-collection-premium/,2026-09-11 10:47:59
"Аккумулятор для iPhone 12 mini - Battery Collection с верификацией ""Новая запчасть"" - усиленная 2400 mAh",2400 ₽,2040 ₽,/catalog/akkumulyatory-dlya-mobilnykh-ustroystv/akkumulyator-dlya-iphone-12-mini-battery-collection-s-verifikatsiey-novaya-zapchast-usilennaya-2400-/,2026-09-11 10:47:59
Аккумулятор для Xiaomi Poco X5 Pro 5G/F5/Redmi Note 12 Pro 5G (BP4K) - Battery Collection (Премиум) - (Коробка + скотч + отвертка),1400 ₽,1120 ₽,/catalog/akkumulyatory-dlya-mobilnykh-ustroystv/akkumulyator-dlya-xiaomi-poco-x5-pro-5g-f5-redmi-note-12-pro-5g-bp4k-battery-collection-premium-koro/,2026-09-11 10:47:59
Аккумулятор для iPhone 14 - Battery Collection с верификацией - усиленная 3610 mAh - (Коробка + скотч + отвертка),2000 ₽,1680 ₽,/catalog/akkumulyatory-dlya-mobilnykh-ustroystv/akkumulyator-dlya-iphone-14-battery-collection-s-verifikatsiey-usilennaya-3610-mah-korobka-skotch-ot/,2026-09-11 10:47:59
Аккумулятор для Samsung Galaxy A3 2016 (A310F) (EB-BA310ABE) - Battery Collection (Премиум),500 ₽,410 ₽,/catalog/akkumulyatory-dlya-mobilnykh-ustroystv/akkumulyator-dlya-samsung-galaxy-a3-2016-a310f-eb-ba310abe-battery-collection-premium/,2026-09-11 10:47:59
Аккумулятор для ZTE Blade A3 2019/L8/L9/A31 Lite (Li3820T43P4h695945) - Battery Collection (Премиум),400 ₽,315 ₽,/catalog/akkumulyatory-dlya-mobilnykh-ustroystv/akkumulyator-dlya-zte-blade-a3-2019-l8-l9-a31-lite-li3820t43p4h695945-battery-collection-premium/,2026-09-11 10:47:59
Ячейка (банка) Аккумулятора для iPhone 13 Pro Max - Battery Collection,850 ₽,705 ₽,/catalog/yacheyki-banki-akkumulyatora/yacheyka-banka-akkumulyatora-dlya-iphone-13-pro-max-battery-collection/,2026-09-11 10:47:59
Аккумулятор для Realme 8 5G/Narzo 30 5G (BLP803) - Battery Collection (Премиум),850 ₽,705 ₽,/catalog/akkumulyatory-dlya-mobilnykh-ustroystv/akkumulyator-dlya-realme-8-5g-narzo-30-5g-blp803-battery-collection-premium/,2026-09-11 10:47:59
Аккумулятор для iPhone 11 - JCID усиленная 3500 mAh,1000 ₽,815 ₽,/catalog/akkumulyatory-dlya-mobilnykh-ustroystv/akkumulyator-dlya-iphone-11-jcid-usilennaya-3500-mah/,2026-09-11 10:47:59
Аккумулятор для iPhone 13 - JCID усиленная 3500 mAh,1100 ₽,930 ₽,/catalog/akkumulyatory-dlya-mobilnykh-ustroystv/akkumulyator-dlya-iphone-13-jcid-usilennaya-3500-mah/,2026-09-11 10:47:59
Аккумулятор для iPhone 12/12 Pro - JCID усиленная 3200 mAh,1100 ₽,875 ₽,/catalog/akkumulyatory-dlya-mobilnykh-ustroystv/akkumulyator-dlya-iphone-12-12-pro-jcid-usilennaya-3200-mah/,2026-09-11 10:47:59
Аккумулятор для iPhone 13 Pro - JCID усиленная 3300 mAh,1500 ₽,1200 ₽,/catalog/akkumulyatory-dlya-mobilnykh-ustroystv/akkumulyator-dlya-iphone-13-pro-jcid-usilennaya-3300-mah/,2026-09-11 10:47:59
Аккумулятор для iPhone 14 Pro - JCID усиленная 3400 mAh,1700 ₽,1380 ₽,/catalog/akkumulyatory-dlya-mobilnykh-ustroystv/akkumulyator-dlya-iphone-14-pro-jcid-usilennaya-3400-mah/,2026-09-11 10:47:59
Аккумулятор для iPhone X - JCID усиленная 3100 mAh,950 ₽,780 ₽,/catalog/akkumulyatory-dlya-mobilnykh-ustroystv/akkumulyator-dlya-iphone-x-jcid-usilennaya-3100-mah/,2026-09-11 10:47:59
Аккумулятор для iPhone Xr - JCID усиленная 3500 mAh,1100 ₽,895 ₽,/catalog/akkumulyatory-dlya-mobilnykh-ustroystv/akkumulyator-dlya-iphone-xr-jcid-usilennaya-3500-mah/,2026-09-11 10:47:59
Аккумулятор для iPhone 14 Pro Max - JCID усиленная 4770 mAh,1800 ₽,1495 ₽,/catalog/akkumulyatory-dlya-mobilnykh-ustroystv/akkumulyator-dlya-iphone-14-pro-max-jcid-usilennaya-4770-mah/,2026-09-11 10:47:59
Аккумулятор для Xiaomi Poco X3 NFC/X3 Pro (BN57) - Zevo,850 ₽,725 ₽,/catalog/akkumulyatory-dlya-mobilnykh-ustroystv/akkumulyator-dlya-xiaomi-poco-x3-nfc-x3-pro-bn57-zevo/,2026-09-11 10:47:59
Аккумулятор для iPhone 7 - JCID усиленная 2300 mAh,750 ₽,635 ₽,/catalog/akkumulyatory-dlya-mobilnykh-ustroystv/akkumulyator-dlya-iphone-7-jcid-usilennaya-2300-mah/,2026-09-11 10:47:59
Аккумулятор для Samsung Galaxy S20 FE (G780F) /A52 (A525F EB-BG781ABY) - Zevo,850 ₽,715 ₽,/catalog/akkumulyatory-dlya-mobilnykh-ustroystv/akkumulyator-dlya-samsung-galaxy-s20-fe-g780f-a52-a525f-eb-bg781aby-zevo/,2026-09-11 10:47:59
Аккумулятор для iPhone 13 Pro Max - JCID усиленная 4550 mAh,1800 ₽,1460 ₽,/catalog/akkumulyatory-dlya-mobilnykh-ustroystv/akkumulyator-dlya-iphone-13-pro-max-jcid-usilennaya-4550-mah/,2026-09-11 10:47:59
Аккумулятор для iPhone 11 Pro - JCID усиленная 3400 mAh,1400 ₽,1120 ₽,/catalog/akkumulyatory-dlya-mobilnykh-ustroystv/akkumulyator-dlya-iphone-11-pro-jcid-usilennaya-3400-mah/,2026-09-11 10:47:59
Аккумулятор для Xiaomi Redmi Note 10 Pro 4G/Redmi Note 9 Pro (BN53) - Zevo,800 ₽,670 ₽,/catalog/akkumulyatory-dlya-mobilnykh-ustroystv/akkumulyator-dlya-xiaomi-redmi-note-10-pro-4g-redmi-note-9-pro-bn53-zevo/,2026-09-11 10:47:59
Аккумулятор для iPhone 14 - JCID усиленная 3590 mAh,1300 ₽,1100 ₽,/catalog/akkumulyatory-dlya-mobilnykh-ustroystv/akkumulyator-dlya-iphone-14-jcid-usilennaya-3590-mah/,2026-09-11 10:47:59
Аккумулятор для iPhone 15 Pro - JCID усиленная 3430 mAh,1800 ₽,1460 ₽,/catalog/akkumulyatory-dlya-mobilnykh-ustroystv/akkumulyator-dlya-iphone-15-pro-jcid-usilennaya-3430-mah/,2026-09-11 10:47:59
Аккумулятор для Xiaomi Redmi Note 10/10S/Poco M5s (BN59) - Zevo,800 ₽,670 ₽,/catalog/akkumulyatory-dlya-mobilnykh-ustroystv/akkumulyator-dlya-xiaomi-redmi-note-10-10s-poco-m5s-bn59-zevo/,2026-09-11 10:47:59
Аккумулятор для iPhone 12 mini - JCID усиленная 2520 mAh,950 ₽,770 ₽,/catalog/akkumulyatory-dlya-mobilnykh-ustroystv/akkumulyator-dlya-iphone-12-mini-jcid-usilennaya-2520-mah/,2026-09-11 10:47:59
Аккумулятор для Samsung Galaxy S21 (G991B) (EB-BG991ABY) - Zevo,750 ₽,600 ₽,/catalog/akkumulyatory-dlya-mobilnykh-ustroystv/akkumulyator-dlya-samsung-galaxy-s21-g991b-eb-bg991aby-zevo/,2026-09-11 10:47:59
Аккумулятор для iPhone 8 - JCID усиленная 2300 mAh,650 ₽,550 ₽,/catalog/akkumulyatory-dlya-mobilnykh-ustroystv/akkumulyator-dlya-iphone-8-jcid-usilennaya-2300-mah/,2026-09-11 10:47:59
Аккумулятор для Samsung Galaxy S22 (S901B) (EB-BS901ABY) - Zevo,750 ₽,625 ₽,/catalog/akkumulyatory-dlya-mobilnykh-ustroystv/akkumulyator-dlya-samsung-galaxy-s22-s901b-eb-bs901aby-zevo/,2026-09-11 10:47:59
Аккумулятор для Xiaomi Mi 11 Lite 4G/5G/11 Lite 5G NE (BP42) - Zevo,800 ₽,655 ₽,/catalog/akkumulyatory-dlya-mobilnykh-ustroystv/akkumulyator-dlya-xiaomi-mi-11-lite-4g-5g-11-lite-5g-ne-bp42-zevo/,2026-09-11 10:47:59
"Аккумулятор для iPad Air/9.7"" (2017/2018)/10.2"" (2019/2020/2021) A1484",1400 ₽,1180 ₽,/catalog/akkumulyatory-dlya-mobilnykh-ustroystv/akkumulyator-dlya-ipad-air-9-7-2017-2018-10-2-2019-2020-2021-a1484/,2026-09-11 10:47:59
Аккумулятор для iPhone SE (2020) - JCID усиленная 2300 mAh,850 ₽,705 ₽,/catalog/akkumulyatory-dlya-mobilnykh-ustroystv/akkumulyator-dlya-iphone-se-2020-jcid-usilennaya-2300-mah/,2026-09-11 10:47:59
Аккумулятор для iPhone 6S - JCID усиленная 2300 mAh,700 ₽,590 ₽,/catalog/akkumulyatory-dlya-mobilnykh-ustroystv/akkumulyator-dlya-iphone-6s-jcid-usilennaya-2300-mah/,2026-09-11 10:47:59
Аккумулятор для Xiaomi Redmi Note 11/11S 4G/12S/Xiaomi Poco M4 Pro 4G (BN5D) - Zevo,850 ₽,705 ₽,/catalog/akkumulyatory-dlya-mobilnykh-ustroystv/akkumulyator-dlya-xiaomi-redmi-note-11-11s-4g-12s-xiaomi-poco-m4-pro-4g-bn5d-zevo/,2026-09-11 10:47:59
Аккумулятор для iPhone 12 Pro Max - JCID усиленная 4450 mAh,1500 ₽,1240 ₽,/catalog/akkumulyatory-dlya-mobilnykh-ustroystv/akkumulyator-dlya-iphone-12-pro-max-jcid-usilennaya-4450-mah/,2026-09-11 10:47:59
Аккумулятор для Xiaomi Poco M3/Redmi 9T (BN62) - Zevo,900 ₽,750 ₽,/catalog/akkumulyatory-dlya-mobilnykh-ustroystv/akkumulyator-dlya-xiaomi-poco-m3-redmi-9t-bn62-zevo/,2026-09-11 10:47:59
Аккумулятор для Nokia 1100/130/130 Dual/150/205 (BL-5C),200 ₽,165 ₽,/catalog/akkumulyatory-dlya-mobilnykh-ustroystv/akkumulyator-dlya-nokia-1100-130-130-dual-150-205-bl-5c/,2026-09-11 10:47:59
Аккумулятор для iPhone 13 mini - JCID усиленная 2580 mAh,1100 ₽,860 ₽,/catalog/akkumulyatory-dlya-mobilnykh-ustroystv/akkumulyator-dlya-iphone-13-mini-jcid-usilennaya-2580-mah/,2026-09-11 10:47:59
Аккумулятор для iPhone Xs - JCID усиленная 3020 mAh,1400 ₽,1120 ₽,/catalog/akkumulyatory-dlya-mobilnykh-ustroystv/akkumulyator-dlya-iphone-xs-jcid-usilennaya-3020-mah/,2026-09-11 10:47:59
Аккумулятор для Xiaomi Redmi Note 10 Pro 4G/Redmi Note 9 Pro (BN53) - JCID,950 ₽,780 ₽,/catalog/akkumulyatory-dlya-mobilnykh-ustroystv/akkumulyator-dlya-xiaomi-redmi-note-10-pro-4g-redmi-note-9-pro-bn53-jcid/,2026-09-11 10:47:59
Аккумулятор для iPhone 15 Pro Max - JCID усиленная 4800 mAh,1900 ₽,1600 ₽,/catalog/akkumulyatory-dlya-mobilnykh-ustroystv/akkumulyator-dlya-iphone-15-pro-max-jcid-usilennaya-4800-mah/,2026-09-11 10:47:59
Аккумулятор для Samsung Galaxy A51 (A515F) (EB-BA515ABY) - Zevo,700 ₽,570 ₽,/catalog/akkumulyatory-dlya-mobilnykh-ustroystv/akkumulyator-dlya-samsung-galaxy-a51-a515f-eb-ba515aby-zevo/,2026-09-11 10:47:59
Аккумулятор для iPhone 7 Plus - JCID усиленная 3500 mAh,800 ₽,670 ₽,/catalog/akkumulyatory-dlya-mobilnykh-ustroystv/akkumulyator-dlya-iphone-7-plus-jcid-usilennaya-3500-mah/,2026-09-11 10:47:59
Аккумулятор для Samsung Galaxy A20 (A205F)/A30 (A305F)/A30S (A307F)/A50 (A505F) (EB-BA505ABU) - Zevo,750 ₽,600 ₽,/catalog/akkumulyatory-dlya-mobilnykh-ustroystv/akkumulyator-dlya-samsung-galaxy-a20-a205f-a30-a305f-a30s-a307f-a50-a505f-eb-ba505abu-zevo/,2026-09-11 10:47:59
Аккумулятор для Samsung Galaxy A31 (A315F)/A32 4G (A325F)/A22 (A225F) (EB-BA315ABY) - Zevo,800 ₽,655 ₽,/catalog/akkumulyatory-dlya-mobilnykh-ustroystv/akkumulyator-dlya-samsung-galaxy-a31-a315f-a32-4g-a325f-a22-a225f-eb-ba315aby-zevo/,2026-09-11 10:47:59
Аккумулятор для iPhone 11 Pro Max - JCID усиленная 4400 mAh,1500 ₽,1280 ₽,/catalog/akkumulyatory-dlya-mobilnykh-ustroystv/akkumulyator-dlya-iphone-11-pro-max-jcid-usilennaya-4400-mah/,2026-09-11 10:47:59
Аккумулятор для iPhone 15 - JCID усиленная 3550 mAh,1500 ₽,1200 ₽,/catalog/akkumulyatory-dlya-mobilnykh-ustroystv/akkumulyator-dlya-iphone-15-jcid-usilennaya-3550-mah/,2026-09-11 10:47:59
Аккумулятор для iPhone 13 - Pisen,1600 ₽,1300 ₽,/catalog/akkumulyatory-dlya-mobilnykh-ustroystv/akkumulyator-dlya-iphone-13-pisen/,2026-09-11 10:47:59
Аккумулятор для Huawei Nova 8i/Honor 50 Lite (HB466589EFW),800 ₽,645 ₽,/catalog/akkumulyatory-dlya-mobilnykh-ustroystv/akkumulyator-dlya-huawei-nova-8i-honor-50-lite-hb466589efw/,2026-09-11 10:47:59
Аккумулятор для Xiaomi Redmi 9/Note 9 (BN54) - Zevo,750 ₽,635 ₽,/catalog/akkumulyatory-dlya-mobilnykh-ustroystv/akkumulyator-dlya-xiaomi-redmi-9-note-9-bn54-zevo/,2026-09-11 10:47:59
Аккумулятор для Tecno Spark 10 4G/10 Pro/10C/20/20C (BL-49ST) - Zevo,750 ₽,635 ₽,/catalog/akkumulyatory-dlya-mobilnykh-ustroystv/akkumulyator-dlya-tecno-spark-10-4g-10-pro-10c-20-20c-bl-49st-zevo/,2026-09-11 10:47:59
Аккумулятор для Huawei P20 Pro/Mate 20/Honor View 20/20 Pro (HB436486ECW) - Zevo,700 ₽,590 ₽,/catalog/akkumulyatory-dlya-mobilnykh-ustroystv/akkumulyator-dlya-huawei-p20-pro-mate-20-honor-view-20-20-pro-hb436486ecw-zevo/,2026-09-11 10:47:59
Аккумулятор для Xiaomi Redmi 13C 4G/Poco C65 (BN5Q) - Zevo,700 ₽,570 ₽,/catalog/akkumulyatory-dlya-mobilnykh-ustroystv/akkumulyator-dlya-xiaomi-redmi-13c-4g-poco-c65-bn5q-zevo/,2026-09-11 10:47:59
"Аккумулятор для Huawei MediaPad T3 8.0""/T3 10.0""/M2 8.0""/M3 Lite 8.0"" (HB3080G1EBW)",700 ₽,590 ₽,/catalog/akkumulyatory-dlya-mobilnykh-ustroystv/akkumulyator-dlya-huawei-mediapad-t3-8-0-t3-10-0-m2-8-0-m3-lite-8-0-hb3080g1ebw/,2026-09-11 10:47:59
Аккумулятор для iPhone 8 Plus - JCID усиленная 3500 mAh,950 ₽,780 ₽,/catalog/akkumulyatory-dlya-mobilnykh-ustroystv/akkumulyator-dlya-iphone-8-plus-jcid-usilennaya-3500-mah/,2026-09-11 10:47:59
Аккумулятор для iPhone Xs Max - JCID усиленная 3600 mAh,1200 ₽,995 ₽,/catalog/akkumulyatory-dlya-mobilnykh-ustroystv/akkumulyator-dlya-iphone-xs-max-jcid-usilennaya-3600-mah/,2026-09-11 10:47:59
Аккумулятор для Realme 8i/C30/C30s/C31/C33/C35/Narzo 50i Prime/V20 5G/Note 50 (BLP877),700 ₽,590 ₽,/catalog/akkumulyatory-dlya-mobilnykh-ustroystv/akkumulyator-dlya-realme-8i-c30-c30s-c31-c33-c35-narzo-50i-prime-v20-5g-note-50-blp877/,2026-09-11 10:47:59
Аккумулятор для Tecno Spark Go 2024/Go 1/2/3 (BL-49NT) - узкий коннектор,700 ₽,570 ₽,/catalog/akkumulyatory-dlya-mobilnykh-ustroystv/akkumulyator-dlya-tecno-spark-go-2024-go-1-2-3-bl-49nt-uzkiy-konnektor/,2026-09-11 10:47:59
Аккумулятор для Samsung Galaxy A22s 5G (A226B)/A04 (A045F)/A04e (A042F)/A14 5G (A146B) (SCUD-WT-W1) - Zevo,850 ₽,725 ₽,/catalog/akkumulyatory-dlya-mobilnykh-ustroystv/akkumulyator-dlya-samsung-galaxy-a22s-5g-a226b-a04-a045f-a04e-a042f-a14-5g-a146b-scud-wt-w1-zevo/,2026-09-11 10:47:59
Аккумулятор для Xiaomi 11T Pro (BM58) - Zevo,1400 ₽,1120 ₽,/catalog/akkumulyatory-dlya-mobilnykh-ustroystv/akkumulyator-dlya-xiaomi-11t-pro-bm58-zevo/,2026-09-11 10:47:59
Аккумулятор для Nokia 6100/1202/1661/2220S/2650/2690/5100/6101/6125 (BL-4C),200 ₽,170 ₽,/catalog/akkumulyatory-dlya-mobilnykh-ustroystv/akkumulyator-dlya-nokia-6100-1202-1661-2220s-2650-2690-5100-6101-6125-bl-4c/,2026-09-11 10:47:59
Аккумулятор для Xiaomi Redmi 7/Note 8/8T/8 2021 (BN46) - Zevo,750 ₽,600 ₽,/catalog/akkumulyatory-dlya-mobilnykh-ustroystv/akkumulyator-dlya-xiaomi-redmi-7-note-8-8t-8-2021-bn46-zevo/,2026-09-11 10:47:59
Аккумулятор для iPhone 11 - Pisen,1700 ₽,1400 ₽,/catalog/akkumulyatory-dlya-mobilnykh-ustroystv/akkumulyator-dlya-iphone-11-pisen/,2026-09-11 10:47:59
Аккумулятор для Samsung Galaxy A33 5G (A336B)/A53 5G (A536B) (EB-BA536ABY) - Zevo,800 ₽,670 ₽,/catalog/akkumulyatory-dlya-mobilnykh-ustroystv/akkumulyator-dlya-samsung-galaxy-a33-5g-a336b-a53-5g-a536b-eb-ba536aby-zevo/,2026-09-11 10:47:59
Аккумулятор для Huawei Watch GT3 42 мм (HB522025EFW),350 ₽,280 ₽,/catalog/akkumulyatory-dlya-mobilnykh-ustroystv/akkumulyator-dlya-huawei-watch-gt3-42-mm-hb522025efw/,2026-09-11 10:47:59
Аккумулятор для Huawei Nova 2 Plus/2i/2s/3i/P30 Lite/Honor 20S/7X/Mate 10 Lite (HB356687ECW) - Zevo,650 ₽,525 ₽,/catalog/akkumulyatory-dlya-mobilnykh-ustroystv/akkumulyator-dlya-huawei-nova-2-plus-2i-2s-3i-p30-lite-honor-20s-7x-mate-10-lite-hb356687ecw-zevo/,2026-09-11 10:47:59
Аккумулятор для Huawei Honor 10 Lite/10i/P Smart 2019/20e (HB396286ECW) - Zevo,600 ₽,490 ₽,/catalog/akkumulyatory-dlya-mobilnykh-ustroystv/akkumulyator-dlya-huawei-honor-10-lite-10i-p-smart-2019-20e-hb396286ecw-zevo/,2026-09-11 10:47:59
Аккумулятор для iPhone 11 - Pisen усиленная 3580 mAh,1900 ₽,1560 ₽,/catalog/akkumulyatory-dlya-mobilnykh-ustroystv/akkumulyator-dlya-iphone-11-pisen-usilennaya-3580-mah/,2026-09-11 10:47:59
Аккумулятор для Xiaomi 12/12X (BP46) - Zevo,1200 ₽,950 ₽,/catalog/akkumulyatory-dlya-mobilnykh-ustroystv/akkumulyator-dlya-xiaomi-12-12x-bp46-zevo/,2026-09-11 10:47:59
"Аккумулятор универсальный 602030p 3,7v Li-Pol 400 mAh (6*20*30 mm)",200 ₽,130 ₽,/catalog/akkumulyatory-universalnye/akkumulyator-universalnyy-602030p-3-7v-li-pol-400-mah-6-20-30-mm/,2026-09-11 10:47:59
Аккумулятор для Infinix Hot 30i/40i/Smart 7/7 HD/8/8 Pro (BL-49NX) - широкий коннектор,650 ₽,525 ₽,/catalog/akkumulyatory-dlya-mobilnykh-ustroystv/akkumulyator-dlya-infinix-hot-30i-40i-smart-7-7-hd-8-8-pro-bl-49nx-shirokiy-konnektor/,2026-09-11 10:47:59
Аккумулятор для Xiaomi Redmi Note 9S (BN55),750 ₽,600 ₽,/catalog/akkumulyatory-dlya-mobilnykh-ustroystv/akkumulyator-dlya-xiaomi-redmi-note-9s-bn55/,2026-09-11 10:47:59
Аккумулятор для iPhone 12 mini - Pisen,1500 ₽,1200 ₽,/catalog/akkumulyatory-dlya-mobilnykh-ustroystv/akkumulyator-dlya-iphone-12-mini-pisen/,2026-09-11 10:47:59
Аккумулятор для iPhone 13 - Pisen усиленная 3550 mAh,1800 ₽,1520 ₽,/catalog/akkumulyatory-dlya-mobilnykh-ustroystv/akkumulyator-dlya-iphone-13-pisen-usilennaya-3550-mah/,2026-09-11 10:47:59
Аккумулятор для Xiaomi Poco F4 GT (BP48),1400 ₽,1120 ₽,/catalog/akkumulyatory-dlya-mobilnykh-ustroystv/akkumulyator-dlya-xiaomi-poco-f4-gt-bp48/,2026-09-11 10:47:59
Аккумулятор для iPhone 12/12 Pro - Pisen,1800 ₽,1495 ₽,/catalog/akkumulyatory-dlya-mobilnykh-ustroystv/akkumulyator-dlya-iphone-12-12-pro-pisen/,2026-09-11 10:47:59
Аккумулятор для Nokia 225/225 Dual/230/3310 2017 (BL-4UL),250 ₽,200 ₽,/catalog/akkumulyatory-dlya-mobilnykh-ustroystv/akkumulyator-dlya-nokia-225-225-dual-230-3310-2017-bl-4ul/,2026-09-11 10:47:59
Аккумулятор для Huawei P Smart Z/Y9s/Honor 9X/9X Premium (HB446486ECW) - Zevo,700 ₽,570 ₽,/catalog/akkumulyatory-dlya-mobilnykh-ustroystv/akkumulyator-dlya-huawei-p-smart-z-y9s-honor-9x-9x-premium-hb446486ecw-zevo/,2026-09-11 10:47:59
"Аккумулятор для Samsung Galaxy Tab A7 10.4"" (T500/T505) (SCUD-WT-N19)",1000 ₽,850 ₽,/catalog/akkumulyatory-dlya-mobilnykh-ustroystv/akkumulyator-dlya-samsung-galaxy-tab-a7-10-4-t500-t505-scud-wt-n19/,2026-09-11 10:47:59
"Аккумулятор универсальный 803040p 3,7v Li-Pol 1200 mAh (8*30*40 mm)",250 ₽,205 ₽,/catalog/akkumulyatory-universalnye/akkumulyator-universalnyy-803040p-3-7v-li-pol-1200-mah-8-30-40-mm/,2026-09-11 10:47:59
Аккумулятор для Samsung X200/X160/C3010/E1232/E1070/E1080/E2210 (AB463446BU),200 ₽,170 ₽,/catalog/akkumulyatory-dlya-mobilnykh-ustroystv/akkumulyator-dlya-samsung-x200-x160-c3010-e1232-e1070-e1080-e2210-ab463446bu/,2026-09-11 10:47:59
"Аккумулятор универсальный 406075p 3,7v Li-Pol 3000 mAh (4*60*75 mm)",300 ₽,220 ₽,/catalog/akkumulyatory-universalnye/akkumulyator-universalnyy-406075p-3-7v-li-pol-3000-mah-4-60-75-mm/,2026-09-11 10:47:59
Аккумулятор для Samsung Galaxy A16 4G (A165F)/A16 5G (A166B)/A17 4G (A175F)/A26 5G (A266B) (EB-BA166ABY),700 ₽,570 ₽,/catalog/akkumulyatory-dlya-mobilnykh-ustroystv/akkumulyator-dlya-samsung-galaxy-a16-4g-a165f-a16-5g-a166b-a17-4g-a175f-a26-5g-a266b-eb-ba166aby/,2026-09-11 10:47:59
Аккумулятор для Infinix Note 10 Pro/11 Pro/11S/Hot 30 4G/40/40 Pro/50 Pro (BL-49JX),700 ₽,570 ₽,/catalog/akkumulyatory-dlya-mobilnykh-ustroystv/akkumulyator-dlya-infinix-note-10-pro-11-pro-11s-hot-30-4g-40-40-pro-50-pro-bl-49jx/,2026-09-11 10:47:59
Аккумулятор для Xiaomi Redmi Note 12 4G (BN5M) - Zevo,900 ₽,735 ₽,/catalog/akkumulyatory-dlya-mobilnykh-ustroystv/akkumulyator-dlya-xiaomi-redmi-note-12-4g-bn5m-zevo/,2026-09-11 10:47:59
Аккумулятор для Xiaomi Poco M3 Pro 5G/Redmi Note 10T/10 5G/Redmi 10/10 2022 (BN5A) - Zevo,800 ₽,670 ₽,/catalog/akkumulyatory-dlya-mobilnykh-ustroystv/akkumulyator-dlya-xiaomi-poco-m3-pro-5g-redmi-note-10t-10-5g-redmi-10-10-2022-bn5a-zevo/,2026-09-11 10:47:59
Аккумулятор для Huawei Honor 7A/6A/6C/8A/8S/9S/Y5 2017/Nova (HB405979ECW) - Zevo,650 ₽,550 ₽,/catalog/akkumulyatory-dlya-mobilnykh-ustroystv/akkumulyator-dlya-huawei-honor-7a-6a-6c-8a-8s-9s-y5-2017-nova-hb405979ecw-zevo/,2026-09-11 10:47:59
Аккумулятор для Xiaomi 11T (BM59) - Zevo,1100 ₽,895 ₽,/catalog/akkumulyatory-dlya-mobilnykh-ustroystv/akkumulyator-dlya-xiaomi-11t-bm59-zevo/,2026-09-11 10:47:59
Аккумулятор для iPhone 14 Pro - Pisen,2700 ₽,2280 ₽,/catalog/akkumulyatory-dlya-mobilnykh-ustroystv/akkumulyator-dlya-iphone-14-pro-pisen/,2026-09-11 10:47:59
Аккумулятор для Samsung Galaxy A21s (A217F)/A02 (A022G)/A12 (A125G)/A12 Nacho (A127F)/A13 (A135F/A137F)/A04s (A047F) (EB-BA217ABY) - Zevo,800 ₽,655 ₽,/catalog/akkumulyatory-dlya-mobilnykh-ustroystv/akkumulyator-dlya-samsung-galaxy-a21s-a217f-a02-a022g-a12-a125g-a12-7b38980178d911f0b32900155d59fe46/,2026-09-11 10:47:59
Аккумулятор для Xiaomi Redmi Note 11 Pro+ 5G (BP47) - OR100,1200 ₽,995 ₽,/catalog/akkumulyatory-dlya-mobilnykh-ustroystv/akkumulyator-dlya-xiaomi-redmi-note-11-pro-5g-bp47-or100/,2026-09-11 10:47:59
Аккумулятор для Xiaomi Redmi 12 4G (BM5R),650 ₽,525 ₽,/catalog/akkumulyatory-dlya-mobilnykh-ustroystv/akkumulyator-dlya-xiaomi-redmi-12-4g-bm5r/,2026-09-11 10:47:59
Аккумулятор для Vivo V20/V20 SE/V21e 4G (V2023) (B-N8),700 ₽,570 ₽,/catalog/akkumulyatory-dlya-mobilnykh-ustroystv/akkumulyator-dlya-vivo-v20-v20-se-v21e-4g-v2023-b-n8/,2026-09-11 10:47:59
Аккумулятор для Xiaomi 12T/12T Pro (BM5J),1400 ₽,1120 ₽,/catalog/akkumulyatory-dlya-mobilnykh-ustroystv/akkumulyator-dlya-xiaomi-12t-12t-pro-bm5j/,2026-09-11 10:47:59
"Аккумулятор универсальный 305070p 3,7v Li-Pol 2000 mAh (3*50*70 mm)",300 ₽,220 ₽,/catalog/akkumulyatory-universalnye/akkumulyator-universalnyy-305070p-3-7v-li-pol-2000-mah-3-50-70-mm/,2026-09-11 10:47:59
Аккумулятор для Lenovo Tab M10 Plus/M10 HD TB-X606X/TB-X606F/TB-X306F (L19D1P32),750 ₽,610 ₽,/catalog/akkumulyatory-dlya-mobilnykh-ustroystv/akkumulyator-dlya-lenovo-tab-m10-plus-m10-hd-tb-x606x-tb-x606f-tb-x306f-l19d1p32/,2026-09-11 10:47:59
Аккумулятор для Huawei Honor 8X/9X Lite (HB386590ECW) - Zevo,750 ₽,600 ₽,/catalog/akkumulyatory-dlya-mobilnykh-ustroystv/akkumulyator-dlya-huawei-honor-8x-9x-lite-hb386590ecw-zevo/,2026-09-11 10:47:59
Аккумулятор для Huawei P10 Plus/Mate 20 Lite/Nova 3/Play/20 (HB386589ECW) - Zevo,700 ₽,570 ₽,/catalog/akkumulyatory-dlya-mobilnykh-ustroystv/akkumulyator-dlya-huawei-p10-plus-mate-20-lite-nova-3-play-20-hb386589ecw-zevo/,2026-09-11 10:47:59
Аккумулятор для Xiaomi Redmi 13C 4G/Poco C65 (BN5Q) - JCID,850 ₽,705 ₽,/catalog/akkumulyatory-dlya-mobilnykh-ustroystv/akkumulyator-dlya-xiaomi-redmi-13c-4g-poco-c65-bn5q-jcid/,2026-09-11 10:47:59
Аккумулятор для Infinix Note 30i (BL-49OX),650 ₽,525 ₽,/catalog/akkumulyatory-dlya-mobilnykh-ustroystv/akkumulyator-dlya-infinix-note-30i-bl-49ox/,2026-09-11 10:47:59
Аккумулятор для Huawei Honor 10X Lite/P Smart 2021 (HB526488EEW),750 ₽,600 ₽,/catalog/akkumulyatory-dlya-mobilnykh-ustroystv/akkumulyator-dlya-huawei-honor-10x-lite-p-smart-2021-hb526488eew/,2026-09-11 10:47:59
Аккумулятор для Xiaomi Redmi 10C/10A (BN5G) - Zevo,850 ₽,715 ₽,/catalog/akkumulyatory-dlya-mobilnykh-ustroystv/akkumulyator-dlya-xiaomi-redmi-10c-10a-bn5g-zevo/,2026-09-11 10:47:59
Аккумулятор для Xiaomi Poco M3 Pro 5G/Redmi Note 10T/10 5G/Redmi 10/10 2022 (BN5A),650 ₽,550 ₽,/catalog/akkumulyatory-dlya-mobilnykh-ustroystv/akkumulyator-dlya-xiaomi-poco-m3-pro-5g-redmi-note-10t-10-5g-redmi-10-10-2022-bn5a/,2026-09-11 10:47:59
Аккумулятор для Samsung Galaxy A71 (A715F) (EB-BA715ABY) - Zevo,700 ₽,590 ₽,/catalog/akkumulyatory-dlya-mobilnykh-ustroystv/akkumulyator-dlya-samsung-galaxy-a71-a715f-eb-ba715aby-zevo/,2026-09-11 10:47:59
Аккумулятор для Samsung Galaxy Watch 4 44 мм/4 Classic 46 мм (EB-BR890ABY),400 ₽,325 ₽,/catalog/akkumulyatory-dlya-mobilnykh-ustroystv/akkumulyator-dlya-samsung-galaxy-watch-4-44-mm-4-classic-46-mm-eb-br890aby/,2026-09-11 10:47:59
Аккумулятор для Apple GOKY93mWhA1604 (Наушники Airpods 1st/2 nd),400 ₽,340 ₽,/catalog/akkumulyatory-dlya-mobilnykh-ustroystv/akkumulyator-dlya-apple-goky93mwha1604-naushniki-airpods-1st-2-nd/,2026-09-11 10:47:59
Аккумулятор для Samsung Galaxy Watch 4 Classic 42 мм (EB-BR880ABY),400 ₽,315 ₽,/catalog/akkumulyatory-dlya-mobilnykh-ustroystv/akkumulyator-dlya-samsung-galaxy-watch-4-classic-42-mm-eb-br880aby/,2026-09-11 10:47:59
Аккумулятор для Xiaomi Redmi Note 13 4G/5G (BN5P),750 ₽,610 ₽,/catalog/akkumulyatory-dlya-mobilnykh-ustroystv/akkumulyator-dlya-xiaomi-redmi-note-13-4g-5g-bn5p/,2026-09-11 10:47:59
Аккумулятор для Tecno Pova Neo 2/3/6 Neo/7 Neo (BL-68BT) - Zevo,1100 ₽,895 ₽,/catalog/akkumulyatory-dlya-mobilnykh-ustroystv/akkumulyator-dlya-tecno-pova-neo-2-3-6-neo-7-neo-bl-68bt-zevo/,2026-09-11 10:47:59
"Аккумулятор для Huawei MatePad T 10s/MatePad T 10 2021 LTE 9.7""/MatePad T8/MatePad SE LTE 10.4""/MediaPad T5 10""/M5 Lite 8""/Honor Pad X8 10.1"" (HB2899C0ECW-C)",750 ₽,600 ₽,/catalog/akkumulyatory-dlya-mobilnykh-ustroystv/akkumulyator-dlya-huawei-matepad-t-10s-matepad-t-10-2021-lte-9-7-matepad-t8-matepad-se-lte-10-4-medi/,2026-09-11 10:47:59
Аккумулятор для iPhone Xr - Pisen усиленная 3250 mAh,1500 ₽,1280 ₽,/catalog/akkumulyatory-dlya-mobilnykh-ustroystv/akkumulyator-dlya-iphone-xr-pisen-usilennaya-3250-mah/,2026-09-11 10:47:59
Аккумулятор для Tecno Spark 30 5G/4G/30C 4G (BL-5ABT),650 ₽,550 ₽,/catalog/akkumulyatory-dlya-mobilnykh-ustroystv/akkumulyator-dlya-tecno-spark-30-5g-4g-30c-4g-bl-5abt/,2026-09-11 10:47:59
Аккумулятор для геймпада DualShock 4/Sony PS4/Pro/Slim LIP1522,600 ₽,490 ₽,/catalog/akkumulyatory-universalnye/akkumulyator-dlya-geympada-dualshock-4-sony-ps4-pro-slim-lip1522/,2026-09-11 10:47:59
Аккумулятор для Apple Watch 5/SE/SE 2022 40 мм (A2277),450 ₽,370 ₽,/catalog/akkumulyatory-dlya-mobilnykh-ustroystv/akkumulyator-dlya-apple-watch-5-se-se-2022-40-mm-a2277/,2026-09-11 10:47:59
Аккумулятор для Nokia 6111/2630/2660/2760/7070/7370/7373/7500/N76 (BL-4B),150 ₽,115 ₽,/catalog/akkumulyatory-dlya-mobilnykh-ustroystv/akkumulyator-dlya-nokia-6111-2630-2660-2760-7070-7370-7373-7500-n76-bl-4b/,2026-09-11 10:47:59
"Аккумулятор универсальный 562438p 3,7v Li-Pol 600 mAh (5.6*24*38 mm)",200 ₽,150 ₽,/catalog/akkumulyatory-universalnye/akkumulyator-universalnyy-562438p-3-7v-li-pol-600-mah-5-6-24-38-mm/,2026-09-11 10:47:59
"Аккумулятор для iPad Air 2 9.7"" (2014) A1547",1400 ₽,1140 ₽,/catalog/akkumulyatory-dlya-mobilnykh-ustroystv/akkumulyator-dlya-ipad-air-2-9-7-2014-a1547/,2026-09-11 10:47:59
"Аккумулятор универсальный 3590100p 3,7v Li-Pol 4000 mAh (3.5*90*100 mm)",500 ₽,385 ₽,/catalog/akkumulyatory-universalnye/akkumulyator-universalnyy-3590100p-3-7v-li-pol-4000-mah-3-5-90-100-mm/,2026-09-11 10:47:59
Аккумулятор для Apple Watch 6 44 мм (A2327),550 ₽,460 ₽,/catalog/akkumulyatory-dlya-mobilnykh-ustroystv/akkumulyator-dlya-apple-watch-6-44-mm-a2327/,2026-09-11 10:47:59
Аккумулятор для Xiaomi Poco X5 Pro 5G/F5/Redmi Note 12 Pro 5G (BP4K) - JCID,1200 ₽,995 ₽,/catalog/akkumulyatory-dlya-mobilnykh-ustroystv/akkumulyator-dlya-xiaomi-poco-x5-pro-5g-f5-redmi-note-12-pro-5g-bp4k-jcid/,2026-09-11 10:47:59
Аккумулятор для Tecno Spark 5 Air/6 Go/8C/8P/Go 2022/POP 5 LTE/POP 6 Pro/Camon 15/15 Air (BL-49FT),550 ₽,455 ₽,/catalog/akkumulyatory-dlya-mobilnykh-ustroystv/akkumulyator-dlya-tecno-spark-5-air-6-go-8c-8p-go-2022-pop-5-lte-pop-6-pro-camon-15-15-air-bl-49ft/,2026-09-11 10:47:59
Аккумулятор для OPPO A57s/Realme C51 (BLP923),700 ₽,590 ₽,/catalog/akkumulyatory-dlya-mobilnykh-ustroystv/akkumulyator-dlya-oppo-a57s-realme-c51-blp923/,2026-09-11 10:47:59
Аккумулятор для Xiaomi Redmi Note 7/7 Pro (BN4A) - Zevo,750 ₽,610 ₽,/catalog/akkumulyatory-dlya-mobilnykh-ustroystv/akkumulyator-dlya-xiaomi-redmi-note-7-7-pro-bn4a-zevo/,2026-09-11 10:47:59
Аккумулятор для Xiaomi Poco M6 4G/Redmi 13 4G (BN5T),750 ₽,600 ₽,/catalog/akkumulyatory-dlya-mobilnykh-ustroystv/akkumulyator-dlya-xiaomi-poco-m6-4g-redmi-13-4g-bn5t/,2026-09-11 10:47:59
Аккумулятор для Xiaomi Poco F3/Mi 11i (BM4Y) - Zevo,800 ₽,645 ₽,/catalog/akkumulyatory-dlya-mobilnykh-ustroystv/akkumulyator-dlya-xiaomi-poco-f3-mi-11i-bm4y-zevo/,2026-09-11 10:47:59
Аккумулятор для Nokia 1280/1616/100/101/105 2013/2017 (BL-5CB),150 ₽,95 ₽,/catalog/akkumulyatory-dlya-mobilnykh-ustroystv/akkumulyator-dlya-nokia-1280-1616-100-101-105-2013-2017-bl-5cb/,2026-09-11 10:47:59
"Аккумулятор универсальный 367590p 3,7v Li-Pol 4000 mAh (3.6*75*90 mm)",400 ₽,305 ₽,/catalog/akkumulyatory-universalnye/akkumulyator-universalnyy-367590p-3-7v-li-pol-4000-mah-3-6-75-90-mm/,2026-09-11 10:47:59
Аккумулятор для Huawei Honor X9b (HB526694EHW),950 ₽,780 ₽,/catalog/akkumulyatory-dlya-mobilnykh-ustroystv/akkumulyator-dlya-huawei-honor-x9b-hb526694ehw/,2026-09-11 10:47:59
Аккумулятор для Samsung Galaxy A51 (A515F) (EB-BA515ABY),550 ₽,455 ₽,/catalog/akkumulyatory-dlya-mobilnykh-ustroystv/akkumulyator-dlya-samsung-galaxy-a51-a515f-eb-ba515aby/,2026-09-11 10:47:59
Аккумулятор для Huawei Honor X7b 4G/X7c (HB4966A2EGW),750 ₽,610 ₽,/catalog/akkumulyatory-dlya-mobilnykh-ustroystv/akkumulyator-dlya-huawei-honor-x7b-4g-x7c-hb4966a2egw/,2026-09-11 10:47:59
Аккумулятор для iPhone 13 Pro - Pisen,2000 ₽,1700 ₽,/catalog/akkumulyatory-dlya-mobilnykh-ustroystv/akkumulyator-dlya-iphone-13-pro-pisen/,2026-09-11 10:47:59
Аккумулятор для Huawei Mate 20 Pro/P30 Pro (HB486486ECW),700 ₽,570 ₽,/catalog/akkumulyatory-dlya-mobilnykh-ustroystv/akkumulyator-dlya-huawei-mate-20-pro-p30-pro-hb486486ecw/,2026-09-11 10:47:59
Аккумулятор для iPhone 12 Pro Max - Pisen,2500 ₽,2080 ₽,/catalog/akkumulyatory-dlya-mobilnykh-ustroystv/akkumulyator-dlya-iphone-12-pro-max-pisen/,2026-09-11 10:47:59
"Аккумулятор универсальный 3766125p 3,7v Li-Pol 4000 mAh (3.7*66*125 mm)",450 ₽,375 ₽,/catalog/akkumulyatory-universalnye/akkumulyator-universalnyy-3766125p-3-7v-li-pol-4000-mah-3-7-66-125-mm/,2026-09-11 10:47:59
Аккумулятор для Xiaomi Redmi 9A/9C/A1/A1+ (BN56),650 ₽,515 ₽,/catalog/akkumulyatory-dlya-mobilnykh-ustroystv/akkumulyator-dlya-xiaomi-redmi-9a-9c-a1-a1-bn56/,2026-09-11 10:47:59
Аккумулятор для Huawei Honor 9A/Y6p (HB526489EEW),750 ₽,610 ₽,/catalog/akkumulyatory-dlya-mobilnykh-ustroystv/akkumulyator-dlya-huawei-honor-9a-y6p-hb526489eew/,2026-09-11 10:47:59
Аккумулятор для Samsung Galaxy A06 4G/A07 4G (A065F/A075F) (HQ-7160SS/HQ-7160SA),700 ₽,570 ₽,/catalog/akkumulyatory-dlya-mobilnykh-ustroystv/akkumulyator-dlya-samsung-galaxy-a06-4g-a07-4g-a065f-a075f-hq-7160ss-hq-7160sa/,2026-09-11 10:47:59
Аккумулятор для Google Pixel 7 Pro (GMF5Z),950 ₽,780 ₽,/catalog/akkumulyatory-dlya-mobilnykh-ustroystv/akkumulyator-dlya-google-pixel-7-pro-gmf5z/,2026-09-11 10:47:59
"Аккумулятор для iPad Pro 9.7"" (2016) A1664",1400 ₽,1180 ₽,/catalog/akkumulyatory-dlya-mobilnykh-ustroystv/akkumulyator-dlya-ipad-pro-9-7-2016-a1664/,2026-09-11 10:47:59
Аккумулятор для Google Pixel 6 (GMSB3),800 ₽,670 ₽,/catalog/akkumulyatory-dlya-mobilnykh-ustroystv/akkumulyator-dlya-google-pixel-6-gmsb3/,2026-09-11 10:47:59
Аккумулятор для Apple Watch 7/8 45 мм (A2552),550 ₽,460 ₽,/catalog/akkumulyatory-dlya-mobilnykh-ustroystv/akkumulyator-dlya-apple-watch-7-8-45-mm-a2552/,2026-09-11 10:47:59
Аккумулятор для iPhone 6S Plus - JCID усиленная 3550 mAh,850 ₽,705 ₽,/catalog/akkumulyatory-dlya-mobilnykh-ustroystv/akkumulyator-dlya-iphone-6s-plus-jcid-usilennaya-3550-mah/,2026-09-11 10:47:59
Аккумулятор для Realme 5/C3/C11/C21/C11 2021/C21Y/Narzo 50i (BLP729),700 ₽,560 ₽,/catalog/akkumulyatory-dlya-mobilnykh-ustroystv/akkumulyator-dlya-realme-5-c3-c11-c21-c11-2021-c21y-narzo-50i-blp729/,2026-09-11 10:47:59
"Аккумулятор универсальный 403450p 3,7v Li-Pol 1000 mAh (4*34*50 mm)",250 ₽,175 ₽,/catalog/akkumulyatory-universalnye/akkumulyator-universalnyy-403450p-3-7v-li-pol-1000-mah-4-34-50-mm/,2026-09-11 10:47:59
Аккумулятор для Huawei Honor 5C/9 Lite/7C/7C Pro/7A Pro (HB366481ECW) - JCID,750 ₽,600 ₽,/catalog/akkumulyatory-dlya-mobilnykh-ustroystv/akkumulyator-dlya-huawei-honor-5c-9-lite-7c-7c-pro-7a-pro-hb366481ecw-jcid/,2026-09-11 10:47:59
Аккумулятор для Xiaomi Mi Note 10/10 Lite/10 Pro (BM52) - Zevo,950 ₽,780 ₽,/catalog/akkumulyatory-dlya-mobilnykh-ustroystv/akkumulyator-dlya-xiaomi-mi-note-10-10-lite-10-pro-bm52-zevo/,2026-09-11 10:47:59
"Аккумулятор универсальный 357095p 3,7v Li-Pol 3000 mAh (3.5*70*95 mm)",350 ₽,290 ₽,/catalog/akkumulyatory-universalnye/akkumulyator-universalnyy-357095p-3-7v-li-pol-3000-mah-3-5-70-95-mm/,2026-09-11 10:47:59
Аккумулятор для Realme C15/C25/C25s/Narzo 30A/50A (BLP793),800 ₽,655 ₽,/catalog/akkumulyatory-dlya-mobilnykh-ustroystv/akkumulyator-dlya-realme-c15-c25-c25s-narzo-30a-50a-blp793/,2026-09-11 10:47:59
Аккумулятор для Realme 10 4G (BLP957),750 ₽,635 ₽,/catalog/akkumulyatory-dlya-mobilnykh-ustroystv/akkumulyator-dlya-realme-10-4g-blp957/,2026-09-11 10:47:59
Аккумулятор для Xiaomi Redmi Note 12 Pro+ (BP4J),1200 ₽,995 ₽,/catalog/akkumulyatory-dlya-mobilnykh-ustroystv/akkumulyator-dlya-xiaomi-redmi-note-12-pro-bp4j/,2026-09-11 10:47:59
Аккумулятор для Samsung L700/B3410/B5310/C3200/C3222/C3312/C3530 (AB463651BU),250 ₽,205 ₽,/catalog/akkumulyatory-dlya-mobilnykh-ustroystv/akkumulyator-dlya-samsung-l700-b3410-b5310-c3200-c3222-c3312-c3530-ab463651bu/,2026-09-11 10:47:59
Аккумулятор для Realme 10 Pro+ 5G/11 4G (BLP951),1100 ₽,875 ₽,/catalog/akkumulyatory-dlya-mobilnykh-ustroystv/akkumulyator-dlya-realme-10-pro-5g-11-4g-blp951/,2026-09-11 10:47:59
"Аккумулятор универсальный 401021p 3,7v Li-Pol 150 mAh (4*10*21 mm)",150 ₽,115 ₽,/catalog/akkumulyatory-universalnye/akkumulyator-universalnyy-401021p-3-7v-li-pol-150-mah-4-10-21-mm/,2026-09-11 10:47:59
Аккумулятор для Xiaomi Poco X4 GT (BM5G),1100 ₽,895 ₽,/catalog/akkumulyatory-dlya-mobilnykh-ustroystv/akkumulyator-dlya-xiaomi-poco-x4-gt-bm5g/,2026-09-11 10:47:59
Аккумулятор для Xiaomi Redmi 13C 4G/Poco C65 (BN5Q),650 ₽,535 ₽,/catalog/akkumulyatory-dlya-mobilnykh-ustroystv/akkumulyator-dlya-xiaomi-redmi-13c-4g-poco-c65-bn5q/,2026-09-11 10:47:59
Аккумулятор для Realme 8 4G (BLP841),800 ₽,670 ₽,/catalog/akkumulyatory-dlya-mobilnykh-ustroystv/akkumulyator-dlya-realme-8-4g-blp841/,2026-09-11 10:47:59
Аккумулятор для Apple Watch 5/SE/SE 2022 44 мм (A2181),450 ₽,370 ₽,/catalog/akkumulyatory-dlya-mobilnykh-ustroystv/akkumulyator-dlya-apple-watch-5-se-se-2022-44-mm-a2181/,2026-09-11 10:47:59
Аккумулятор для Tecno Camon 20/20 Pro 4G/5G/30 5G/30S/Spark 20 Pro+ (BL-49OT),700 ₽,570 ₽,/catalog/akkumulyatory-dlya-mobilnykh-ustroystv/akkumulyator-dlya-tecno-camon-20-20-pro-4g-5g-30-5g-30s-spark-20-pro-bl-49ot/,2026-09-11 10:47:59
Аккумулятор для iPhone X - Pisen,1800 ₽,1495 ₽,/catalog/akkumulyatory-dlya-mobilnykh-ustroystv/akkumulyator-dlya-iphone-x-pisen/,2026-09-11 10:47:59
Аккумулятор для iPhone 8 Plus - Pisen,1400 ₽,1180 ₽,/catalog/akkumulyatory-dlya-mobilnykh-ustroystv/akkumulyator-dlya-iphone-8-plus-pisen/,2026-09-11 10:47:59
Аккумулятор для iPhone SE (2022) - JCID усиленная 2200 mAh,1000 ₽,850 ₽,/catalog/akkumulyatory-dlya-mobilnykh-ustroystv/akkumulyator-dlya-iphone-se-2022-jcid-usilennaya-2200-mah/,2026-09-11 10:47:59
Аккумулятор для Huawei P30 (HB436380ECW),650 ₽,525 ₽,/catalog/akkumulyatory-dlya-mobilnykh-ustroystv/akkumulyator-dlya-huawei-p30-hb436380ecw/,2026-09-11 10:47:59
"Аккумулятор универсальный 582728p 3,7v Li-Pol 500 mAh (5.8*27*28 mm)",200 ₽,155 ₽,/catalog/akkumulyatory-universalnye/akkumulyator-universalnyy-582728p-3-7v-li-pol-500-mah-5-8-27-28-mm/,2026-09-11 10:47:59
Аккумулятор для Samsung Galaxy A56 5G (A566B) /A36 5G (A366B)/A57 5G (A576B) (EB-BA566ASY),1000 ₽,850 ₽,/catalog/akkumulyatory-dlya-mobilnykh-ustroystv/akkumulyator-dlya-samsung-galaxy-a56-5g-a566b-a36-5g-a366b-a57-5g-a576b-eb-ba566asy/,2026-09-11 10:47:59
Аккумулятор для iPad mini 2/3 (2013/2014) A1512,1200 ₽,995 ₽,/catalog/akkumulyatory-dlya-mobilnykh-ustroystv/akkumulyator-dlya-ipad-mini-2-3-2013-2014-a1512/,2026-09-11 10:47:59
Аккумулятор для Samsung Galaxy J7 (J700F)/J7 Neo (J701F)/J4 2018 (J400F) (EB-BJ700CBE),400 ₽,325 ₽,/catalog/akkumulyatory-dlya-mobilnykh-ustroystv/akkumulyator-dlya-samsung-galaxy-j7-j700f-j7-neo-j701f-j4-2018-j400f-eb-bj700cbe/,2026-09-11 10:47:59
Аккумулятор для iPhone 13 mini - Pisen,1700 ₽,1400 ₽,/catalog/akkumulyatory-dlya-mobilnykh-ustroystv/akkumulyator-dlya-iphone-13-mini-pisen/,2026-09-11 10:47:59
Аккумулятор для Huawei Honor 8X/9X Lite (HB386590ECW),550 ₽,455 ₽,/catalog/akkumulyatory-dlya-mobilnykh-ustroystv/akkumulyator-dlya-huawei-honor-8x-9x-lite-hb386590ecw/,2026-09-11 10:47:59
Аккумулятор для Tecno Pouvoir 4/Pova 4 (BL-58BT),850 ₽,725 ₽,/catalog/akkumulyatory-dlya-mobilnykh-ustroystv/akkumulyator-dlya-tecno-pouvoir-4-pova-4-bl-58bt/,2026-09-11 10:47:59
Аккумулятор для Xiaomi Redmi A5/Poco C71 (BP5E),800 ₽,670 ₽,/catalog/akkumulyatory-dlya-mobilnykh-ustroystv/akkumulyator-dlya-xiaomi-redmi-a5-poco-c71-bp5e/,2026-09-11 10:47:59
Аккумулятор для Alcatel OT-4010D/OT-4013D/OT-4027D/OT-4030D/OT-4035D/OT-5020D/МТС 960/BQ BQS-5020 (TLi014A1/TLi013BB),300 ₽,220 ₽,/catalog/akkumulyatory-dlya-mobilnykh-ustroystv/akkumulyator-dlya-alcatel-ot-4010d-ot-4013d-ot-4027d-ot-4030d-ot-4035d-ot-5020d-mts-960-bq-bqs-5020-/,2026-09-11 10:47:59
Аккумулятор для Xiaomi Redmi Note 14 4G (BR50),1400 ₽,1180 ₽,/catalog/akkumulyatory-dlya-mobilnykh-ustroystv/akkumulyator-dlya-xiaomi-redmi-note-14-4g-br50/,2026-09-11 10:47:59
Аккумулятор для Huawei P20 Pro/Mate 20/Honor View 20/20 Pro (HB436486ECW) - Pisen,1200 ₽,985 ₽,/catalog/akkumulyatory-dlya-mobilnykh-ustroystv/akkumulyator-dlya-huawei-p20-pro-mate-20-honor-view-20-20-pro-hb436486ecw-pisen/,2026-09-11 10:47:59
Аккумулятор для Tecno Camon 18P/Spark 20 Pro/30 Pro (BL-49JT),750 ₽,600 ₽,/catalog/akkumulyatory-dlya-mobilnykh-ustroystv/akkumulyator-dlya-tecno-camon-18p-spark-20-pro-30-pro-bl-49jt/,2026-09-11 10:47:59
Аккумулятор для Infinix Note 11/12/12 Pro/12 2023 (BL-49KX ),700 ₽,570 ₽,/catalog/akkumulyatory-dlya-mobilnykh-ustroystv/akkumulyator-dlya-infinix-note-11-12-12-pro-12-2023-bl-49kx-/,2026-09-11 10:47:59
Аккумулятор для Samsung Galaxy C3592/C3230/C3630/C3752/S5350 (EB483450VU),200 ₽,165 ₽,/catalog/akkumulyatory-dlya-mobilnykh-ustroystv/akkumulyator-dlya-samsung-galaxy-c3592-c3230-c3630-c3752-s5350-eb483450vu/,2026-09-11 10:47:59
Аккумулятор для Nokia N97 mini/E5/E7-00/N8 (BL-4D),250 ₽,185 ₽,/catalog/akkumulyatory-dlya-mobilnykh-ustroystv/akkumulyator-dlya-nokia-n97-mini-e5-e7-00-n8-bl-4d/,2026-09-11 10:47:59
Аккумулятор для Xiaomi Redmi 7/Note 8/8T/8 2021 (BN46) - JCID,750 ₽,610 ₽,/catalog/akkumulyatory-dlya-mobilnykh-ustroystv/akkumulyator-dlya-xiaomi-redmi-7-note-8-8t-8-2021-bn46-jcid/,2026-09-11 10:47:59
Аккумулятор для Huawei Honor X6a/X6b/400 Lite (HB476594EGW),950 ₽,780 ₽,/catalog/akkumulyatory-dlya-mobilnykh-ustroystv/akkumulyator-dlya-huawei-honor-x6a-x6b-400-lite-hb476594egw/,2026-09-11 10:47:59
Аккумулятор для OnePlus 11/Ace 2/Realme 11 Pro+ 5G (BLP975),1400 ₽,1120 ₽,/catalog/akkumulyatory-dlya-mobilnykh-ustroystv/akkumulyator-dlya-oneplus-11-ace-2-realme-11-pro-5g-blp975/,2026-09-11 10:47:59
Аккумулятор для Samsung Galaxy A03 (A035F)/A14 4G (A145F/P) (HQ-50SD),750 ₽,610 ₽,/catalog/akkumulyatory-dlya-mobilnykh-ustroystv/akkumulyator-dlya-samsung-galaxy-a03-a035f-a14-4g-a145f-p-hq-50sd/,2026-09-11 10:47:59
Аккумулятор для Samsung Galaxy J1 2016 (J120F) (EB-BJ120CBE),300 ₽,255 ₽,/catalog/akkumulyatory-dlya-mobilnykh-ustroystv/akkumulyator-dlya-samsung-galaxy-j1-2016-j120f-eb-bj120cbe/,2026-09-11 10:47:59
"Аккумулятор для iPad Pro 10.5"" (2017) A1798",1700 ₽,1380 ₽,/catalog/akkumulyatory-dlya-mobilnykh-ustroystv/akkumulyator-dlya-ipad-pro-10-5-2017-a1798/,2026-09-11 10:47:59
Аккумулятор для Vivo V17 (1920) (B-K3),700 ₽,570 ₽,/catalog/akkumulyatory-dlya-mobilnykh-ustroystv/akkumulyator-dlya-vivo-v17-1920-b-k3/,2026-09-11 10:47:59
Аккумулятор для Realme GT3 (BLP987),2100 ₽,1720 ₽,/catalog/akkumulyatory-dlya-mobilnykh-ustroystv/akkumulyator-dlya-realme-gt3-blp987/,2026-09-11 10:47:59
"Аккумуляторные батарейки ""AAA"" GoPower 950 mAh (2 шт. в блистере)",400 ₽,325 ₽,/catalog/akkumulyatory-bytovye/akkumulyatornye-batareyki-aaa-gopower-950-mah-2-sht-v-blistere/,2026-09-11 10:47:59
Аккумулятор для Huawei Honor 10 Lite/10i/P Smart 2019/20e (HB396286ECW) - Pisen,950 ₽,780 ₽,/catalog/akkumulyatory-dlya-mobilnykh-ustroystv/akkumulyator-dlya-huawei-honor-10-lite-10i-p-smart-2019-20e-hb396286ecw-pisen/,2026-09-11 10:47:59
Аккумулятор для Samsung Galaxy A21s (A217F)/A02 (A022G)/A12 (A125G)/A12 Nacho (A127F)/A13 (A135F/A137F)/A04s (A047F) (EB-BA217ABY),700 ₽,570 ₽,/catalog/akkumulyatory-dlya-mobilnykh-ustroystv/akkumulyator-dlya-samsung-galaxy-a21s-a217f-a02-a022g-a12-a125g-a12-nacho-a127f-a13-a135f-a137f-a04s/,2026-09-11 10:47:59
Аккумулятор для Realme C75 4G (BLPB47),1200 ₽,965 ₽,/catalog/akkumulyatory-dlya-mobilnykh-ustroystv/akkumulyator-dlya-realme-c75-4g-blpb47/,2026-09-11 10:47:59
Аккумулятор для Realme Note 60x (BLPB21),950 ₽,780 ₽,/catalog/akkumulyatory-dlya-mobilnykh-ustroystv/akkumulyator-dlya-realme-note-60x-blpb21/,2026-09-11 10:47:59
Аккумулятор для Samsung Galaxy A7 2018 (A750F)/A10 (A105F)/M10 (M105F) (EB-BA750ABU) - Zevo,650 ₽,525 ₽,/catalog/akkumulyatory-dlya-mobilnykh-ustroystv/akkumulyator-dlya-samsung-galaxy-a7-2018-a750f-a10-a105f-m10-m105f-eb-ba750abu-zevo/,2026-09-11 10:47:59
Аккумулятор для Apple Watch 3 38 мм (A1847),350 ₽,290 ₽,/catalog/akkumulyatory-dlya-mobilnykh-ustroystv/akkumulyator-dlya-apple-watch-3-38-mm-a1847/,2026-09-11 10:47:59
Аккумулятор для Alcatel OT-2012D/OT-2007D (CAB22B0000C1),300 ₽,220 ₽,/catalog/akkumulyatory-dlya-mobilnykh-ustroystv/akkumulyator-dlya-alcatel-ot-2012d-ot-2007d-cab22b0000c1/,2026-09-11 10:47:59
Аккумулятор для Huawei Huawei Y8p/Honor 30i (HB426489EEW),700 ₽,570 ₽,/catalog/akkumulyatory-dlya-mobilnykh-ustroystv/akkumulyator-dlya-huawei-huawei-y8p-honor-30i-hb426489eew/,2026-09-11 10:47:59
Аккумулятор для iPhone 7 Plus - Pisen,1200 ₽,995 ₽,/catalog/akkumulyatory-dlya-mobilnykh-ustroystv/akkumulyator-dlya-iphone-7-plus-pisen/,2026-09-11 10:47:59
Аккумулятор для Apple Watch 4 44 мм (A2059),500 ₽,420 ₽,/catalog/akkumulyatory-dlya-mobilnykh-ustroystv/akkumulyator-dlya-apple-watch-4-44-mm-a2059/,2026-09-11 10:47:59
Аккумулятор для Xiaomi Mi 9 SE (BM3M) - Zevo,400 ₽,340 ₽,/catalog/akkumulyatory-dlya-mobilnykh-ustroystv/akkumulyator-dlya-xiaomi-mi-9-se-bm3m-zevo/,2026-09-11 10:47:59
Аккумулятор для Xiaomi 13 (BP4G),1100 ₽,940 ₽,/catalog/akkumulyatory-dlya-mobilnykh-ustroystv/akkumulyator-dlya-xiaomi-13-bp4g/,2026-09-11 10:47:59
Аккумулятор для OPPO A5 2020/A9 2020 (BLP727),700 ₽,570 ₽,/catalog/akkumulyatory-dlya-mobilnykh-ustroystv/akkumulyator-dlya-oppo-a5-2020-a9-2020-blp727/,2026-09-11 10:47:59
Аккумулятор для Apple Watch 7/8 41 мм (A2663),1200 ₽,990 ₽,/catalog/akkumulyatory-dlya-mobilnykh-ustroystv/akkumulyator-dlya-apple-watch-7-8-41-mm-a2663/,2026-09-11 10:47:59
Аккумулятор для Xiaomi Redmi Note 13 Pro+ (BM5U),1600 ₽,1300 ₽,/catalog/akkumulyatory-dlya-mobilnykh-ustroystv/akkumulyator-dlya-xiaomi-redmi-note-13-pro-bm5u/,2026-09-11 10:47:59
Аккумулятор для Huawei Honor 5C/9 Lite/7C/7C Pro/7A Pro (HB366481ECW) - Zevo,600 ₽,500 ₽,/catalog/akkumulyatory-dlya-mobilnykh-ustroystv/akkumulyator-dlya-huawei-honor-5c-9-lite-7c-7c-pro-7a-pro-hb366481ecw-zevo/,2026-09-11 10:47:59
Аккумулятор для Xiaomi Redmi Note 9 Pro (BN52),700 ₽,570 ₽,/catalog/akkumulyatory-dlya-mobilnykh-ustroystv/akkumulyator-dlya-xiaomi-redmi-note-9-pro-bn52/,2026-09-11 10:47:59
Аккумулятор для iPhone 14 Pro Max - Pisen,2800 ₽,2360 ₽,/catalog/akkumulyatory-dlya-mobilnykh-ustroystv/akkumulyator-dlya-iphone-14-pro-max-pisen/,2026-09-11 10:47:59
"Аккумуляторные батарейки ""Крона"" 6LR61 VariCore Li-ion 9V 1200 mAh (перезаряжаемые, зарядка через Type-C)",500 ₽,385 ₽,/catalog/akkumulyatory-bytovye/akkumulyatornye-batareyki-krona-6lr61-varicore-li-ion-9v-1200-mah-perezaryazhaemye-zaryadka-cherez-t/,2026-09-11 10:47:59
Аккумулятор для Itel A60s/A70/S23 (BL-49NI),700 ₽,570 ₽,/catalog/akkumulyatory-dlya-mobilnykh-ustroystv/akkumulyator-dlya-itel-a60s-a70-s23-bl-49ni/,2026-09-11 10:47:59
Аккумулятор для Asus ZenFone Max Pro M1 (ZB602KL)/ZenFone Max Pro M2 (ZB631KL) (C11P1706),750 ₽,600 ₽,/catalog/akkumulyatory-dlya-mobilnykh-ustroystv/akkumulyator-dlya-asus-zenfone-max-pro-m1-zb602kl-zenfone-max-pro-m2-zb631kl-c11p1706/,2026-09-11 10:47:59
"Аккумулятор универсальный 104050p 3,7v Li-Pol 3000 mAh (10*40*50 mm)",350 ₽,290 ₽,/catalog/akkumulyatory-universalnye/akkumulyator-universalnyy-104050p-3-7v-li-pol-3000-mah-10-40-50-mm/,2026-09-11 10:47:59
Аккумулятор для Samsung Galaxy A15 4G (A155F)/A15 5G (A156B) (EB-BA156ABY),750 ₽,610 ₽,/catalog/akkumulyatory-dlya-mobilnykh-ustroystv/akkumulyator-dlya-samsung-galaxy-a15-4g-a155f-a15-5g-a156b-eb-ba156aby/,2026-09-11 10:47:59
Аккумулятор для Google Pixel 7 (GZE8U),800 ₽,670 ₽,/catalog/akkumulyatory-dlya-mobilnykh-ustroystv/akkumulyator-dlya-google-pixel-7-gze8u/,2026-09-11 10:47:59
Аккумулятор для Samsung Galaxy M30s (M307F)/M31 (M315F)/M12 (M127F)/M21 (M215F) (EB-BM207ABY) - Zevo,900 ₽,760 ₽,/catalog/akkumulyatory-dlya-mobilnykh-ustroystv/akkumulyator-dlya-samsung-galaxy-m30s-m307f-m31-m315f-m12-m127f-m21-m215f-eb-bm207aby-zevo/,2026-09-11 10:47:59
Аккумулятор для Nokia 6700C (BL-6Q),150 ₽,115 ₽,/catalog/akkumulyatory-dlya-mobilnykh-ustroystv/akkumulyator-dlya-nokia-6700c-bl-6q/,2026-09-11 10:47:59
Аккумулятор для Tecno Camon 19 Pro (BL-49MT),700 ₽,570 ₽,/catalog/akkumulyatory-dlya-mobilnykh-ustroystv/akkumulyator-dlya-tecno-camon-19-pro-bl-49mt/,2026-09-11 10:47:59
Аккумулятор для ZTE Blade A6/A6 Lite/20 Smart/V2020 Smart/V30 Vita (Li3849T44P8h906450),700 ₽,570 ₽,/catalog/akkumulyatory-dlya-mobilnykh-ustroystv/akkumulyator-dlya-zte-blade-a6-a6-lite-20-smart-v2020-smart-v30-vita-li3849t44p8h906450/,2026-09-11 10:47:59
Аккумулятор для Xiaomi Poco F5 Pro (BM5N),1000 ₽,825 ₽,/catalog/akkumulyatory-dlya-mobilnykh-ustroystv/akkumulyator-dlya-xiaomi-poco-f5-pro-bm5n/,2026-09-11 10:47:59
"Аккумуляторные батарейки ""AA"" VariCore Li-ion 1.5V 2600 mAh (2 шт, перезаряжаемые, зарядка через Type-C)",650 ₽,570 ₽,/catalog/akkumulyatory-bytovye/akkumulyatornye-batareyki-aa-varicore-li-ion-1-5v-2600-mah-2-sht-perezaryazhaemye-zaryadka-cherez-ty/,2026-09-11 10:47:59
Аккумулятор для робота-пылесоса H18650CH-4S1P 5500-2P разъем 14.8V 2.6A 2600 mAh,1200 ₽,995 ₽,/catalog/akkumulyatory-universalnye/akkumulyator-dlya-robota-pylesosa-h18650ch-4s1p-5500-2p-razem-14-8v-2-6a-2600-mah/,2026-09-11 10:47:59
Аккумулятор для робота-пылесоса 18650B4-4S1P-AAF-4 5557-2P разъем 14.8V 2.6A 2600 mAh,1100 ₽,885 ₽,/catalog/akkumulyatory-universalnye/akkumulyator-dlya-robota-pylesosa-18650b4-4s1p-aaf-4-5557-2p-razem-14-8v-2-6a-2600-mah/,2026-09-11 10:47:59
"Аккумулятор универсальный 357090p 3,7v Li-Pol 2500 mAh (3.5*70*90 mm)",300 ₽,220 ₽,/catalog/akkumulyatory-universalnye/akkumulyator-universalnyy-357090p-3-7v-li-pol-2500-mah-3-5-70-90-mm/,2026-09-11 10:47:59
Аккумулятор для Samsung Galaxy A41 (A415F) (EB-BA415ABY),550 ₽,455 ₽,/catalog/akkumulyatory-dlya-mobilnykh-ustroystv/akkumulyator-dlya-samsung-galaxy-a41-a415f-eb-ba415aby/,2026-09-11 10:47:59
Аккумулятор для Nokia 6060/3220/3230/5070/5140/5200/5300/5320/5500 (BL-5B),200 ₽,140 ₽,/catalog/akkumulyatory-dlya-mobilnykh-ustroystv/akkumulyator-dlya-nokia-6060-3220-3230-5070-5140-5200-5300-5320-5500-bl-5b/,2026-09-11 10:47:59
Аккумулятор для Samsung Galaxy M30s (M307F)/M31 (M315F)/M12 (M127F)/M21 (M215F) (EB-BM207ABY) - JCID,1100 ₽,895 ₽,/catalog/akkumulyatory-dlya-mobilnykh-ustroystv/akkumulyator-dlya-samsung-galaxy-m30s-m307f-m31-m315f-m12-m127f-m21-m215f-eb-bm207aby-jcid/,2026-09-11 10:47:59
Аккумулятор для Realme 10 Pro 5G (BLP983),700 ₽,570 ₽,/catalog/akkumulyatory-dlya-mobilnykh-ustroystv/akkumulyator-dlya-realme-10-pro-5g-blp983/,2026-09-11 10:47:59
Аккумулятор для OPPO A17/A17k (BLP915),750 ₽,610 ₽,/catalog/akkumulyatory-dlya-mobilnykh-ustroystv/akkumulyator-dlya-oppo-a17-a17k-blp915/,2026-09-11 10:47:59
Аккумулятор для OnePlus 7 Pro  (BLP699),700 ₽,570 ₽,/catalog/akkumulyatory-dlya-mobilnykh-ustroystv/akkumulyator-dlya-oneplus-7-pro-blp699/,2026-09-11 10:47:59
Аккумулятор для Xiaomi Redmi Note 14 Pro 4G/5G (BN5W),1100 ₽,860 ₽,/catalog/akkumulyatory-dlya-mobilnykh-ustroystv/akkumulyator-dlya-xiaomi-redmi-note-14-pro-4g-5g-bn5w/,2026-09-11 10:47:59
Аккумулятор для Nokia 5800/5230/C3-00/X6/200/302/520/525/530 Dual (BL-5J),150 ₽,115 ₽,/catalog/akkumulyatory-dlya-mobilnykh-ustroystv/akkumulyator-dlya-nokia-5800-5230-c3-00-x6-200-302-520-525-530-dual-bl-5j/,2026-09-11 10:47:59
"Аккумулятор универсальный 903048p 3,7v Li-Pol 1800 mAh (9*30*48 mm)",300 ₽,220 ₽,/catalog/akkumulyatory-universalnye/akkumulyator-universalnyy-903048p-3-7v-li-pol-1800-mah-9-30-48-mm/,2026-09-11 10:47:59
Аккумулятор для Apple Watch 6 40 мм (A2345),650 ₽,540 ₽,/catalog/akkumulyatory-dlya-mobilnykh-ustroystv/akkumulyator-dlya-apple-watch-6-40-mm-a2345/,2026-09-11 10:47:59
Аккумулятор для Xiaomi Redmi 9A/9C/A1/A1+ (BN56) - OR100,1200 ₽,950 ₽,/catalog/akkumulyatory-dlya-mobilnykh-ustroystv/akkumulyator-dlya-xiaomi-redmi-9a-9c-a1-a1-bn56-or100/,2026-09-11 10:47:59
Аккумулятор для Samsung Galaxy A72 (A725F)/M32 (M325F)/M22 (M225F) (EB-BA426ABY),650 ₽,550 ₽,/catalog/akkumulyatory-dlya-mobilnykh-ustroystv/akkumulyator-dlya-samsung-galaxy-a72-a725f-m32-m325f-m22-m225f-eb-ba426aby/,2026-09-11 10:47:59
Аккумулятор для Xiaomi Redmi 10C/10A (BN5G) - OR100,1100 ₽,895 ₽,/catalog/akkumulyatory-dlya-mobilnykh-ustroystv/akkumulyator-dlya-xiaomi-redmi-10c-10a-bn5g-or100/,2026-09-11 10:47:59
"Аккумулятор для Samsung Galaxy Tab A 8.0"" 2019 LTE (T295)/Tab A 8.0"" 2019 Wi-Fi (T290) (SWD-WT-N8)",750 ₽,610 ₽,/catalog/akkumulyatory-dlya-mobilnykh-ustroystv/akkumulyator-dlya-samsung-galaxy-tab-a-8-0-2019-lte-t295-tab-a-8-0-2019-wi-fi-t290-swd-wt-n8/,2026-09-11 10:47:59
"Аккумулятор универсальный 502040p 3,7v Li-Pol 450 mAh (5*20*40 mm)",200 ₽,150 ₽,/catalog/akkumulyatory-universalnye/akkumulyator-universalnyy-502040p-3-7v-li-pol-450-mah-5-20-40-mm/,2026-09-11 10:47:59
Аккумулятор для Huawei P Smart Z/Y9s/Honor 9X/9X Premium (HB446486ECW),600 ₽,490 ₽,/catalog/akkumulyatory-dlya-mobilnykh-ustroystv/akkumulyator-dlya-huawei-p-smart-z-y9s-honor-9x-9x-premium-hb446486ecw/,2026-09-11 10:47:59
Аккумулятор для Samsung Galaxy A7 2018 (A750F)/A10 (A105F)/M10 (M105F) (EB-BA750ABU) - JCID,750 ₽,625 ₽,/catalog/akkumulyatory-dlya-mobilnykh-ustroystv/akkumulyator-dlya-samsung-galaxy-a7-2018-a750f-a10-a105f-m10-m105f-eb-ba750abu-jcid/,2026-09-11 10:47:59
Аккумулятор для Huawei Nova 2 Plus/2i/2s/3i/P30 Lite/Honor 20S/7X/Mate 10 Lite (HB356687ECW) - Pisen,1100 ₽,930 ₽,/catalog/akkumulyatory-dlya-mobilnykh-ustroystv/akkumulyator-dlya-huawei-nova-2-plus-2i-2s-3i-p30-lite-honor-20s-7x-mate-10-lite-hb356687ecw-pisen/,2026-09-11 10:47:59
Аккумулятор для Xiaomi Mi Max 3 (BM51),750 ₽,635 ₽,/catalog/akkumulyatory-dlya-mobilnykh-ustroystv/akkumulyator-dlya-xiaomi-mi-max-3-bm51/,2026-09-11 10:47:59
Аккумулятор для Alcatel OT-1035D/OT-1016D/OT-1052D (CAB0400000C1/CAB0400011C1),250 ₽,185 ₽,/catalog/akkumulyatory-dlya-mobilnykh-ustroystv/akkumulyator-dlya-alcatel-ot-1035d-ot-1016d-ot-1052d-cab0400000c1-cab0400011c1/,2026-09-11 10:47:59
Аккумулятор для Vivo Y12/Y11/Y17 (1904/1902) (B-G7),750 ₽,635 ₽,/catalog/akkumulyatory-dlya-mobilnykh-ustroystv/akkumulyator-dlya-vivo-y12-y11-y17-1904-1902-b-g7/,2026-09-11 10:47:59
"Аккумулятор универсальный 402040p 3,7v Li-Pol 450 mAh (4*20*40 mm)",200 ₽,135 ₽,/catalog/akkumulyatory-universalnye/akkumulyator-universalnyy-402040p-3-7v-li-pol-450-mah-4-20-40-mm/,2026-09-11 10:47:59
Аккумулятор для Nokia 8800 Arte/206/206 Dual/3120/5250/5330 (BL-4U),250 ₽,190 ₽,/catalog/akkumulyatory-dlya-mobilnykh-ustroystv/akkumulyator-dlya-nokia-8800-arte-206-206-dual-3120-5250-5330-bl-4u/,2026-09-11 10:47:59
Аккумулятор для Samsung Galaxy J4+ 2018 (J415F)/J6+ 2018 (J610F) (EB-BG610ABE),400 ₽,340 ₽,/catalog/akkumulyatory-dlya-mobilnykh-ustroystv/akkumulyator-dlya-samsung-galaxy-j4-2018-j415f-j6-2018-j610f-eb-bg610abe/,2026-09-11 10:47:59
Аккумулятор для Infinix Smart 9/9 HD/10 (BL-49NX) - узкий коннектор,700 ₽,570 ₽,/catalog/akkumulyatory-dlya-mobilnykh-ustroystv/akkumulyator-dlya-infinix-smart-9-9-hd-10-bl-49nx-uzkiy-konnektor/,2026-09-11 10:47:59
Аккумулятор для iPhone 8 - Pisen,1200 ₽,995 ₽,/catalog/akkumulyatory-dlya-mobilnykh-ustroystv/akkumulyator-dlya-iphone-8-pisen/,2026-09-11 10:47:59
Аккумулятор для iPhone 13 Pro Max - Pisen,2600 ₽,2140 ₽,/catalog/akkumulyatory-dlya-mobilnykh-ustroystv/akkumulyator-dlya-iphone-13-pro-max-pisen/,2026-09-11 10:47:59
Аккумулятор для Nokia 5220/3720/6303/C3-01/C5 (BL-5CT),150 ₽,115 ₽,/catalog/akkumulyatory-dlya-mobilnykh-ustroystv/akkumulyator-dlya-nokia-5220-3720-6303-c3-01-c5-bl-5ct/,2026-09-11 10:47:59
Аккумулятор для Samsung Galaxy S24 FE (S721B) (EB-BS721ABY),950 ₽,780 ₽,/catalog/akkumulyatory-dlya-mobilnykh-ustroystv/akkumulyator-dlya-samsung-galaxy-s24-fe-s721b-eb-bs721aby/,2026-09-11 10:47:59
Аккумулятор для Infinix Hot 50 4G/50i (BL-5ABX),700 ₽,570 ₽,/catalog/akkumulyatory-dlya-mobilnykh-ustroystv/akkumulyator-dlya-infinix-hot-50-4g-50i-bl-5abx/,2026-09-11 10:47:59
Аккумулятор для iPhone Xr - Pisen,1600 ₽,1340 ₽,/catalog/akkumulyatory-dlya-mobilnykh-ustroystv/akkumulyator-dlya-iphone-xr-pisen/,2026-09-11 10:47:59
Аккумулятор для Realme 6/6 Pro/6s (BLP757),700 ₽,570 ₽,/catalog/akkumulyatory-dlya-mobilnykh-ustroystv/akkumulyator-dlya-realme-6-6-pro-6s-blp757/,2026-09-11 10:47:59
Аккумулятор для Xiaomi Redmi Note 7/7 Pro (BN4A),600 ₽,500 ₽,/catalog/akkumulyatory-dlya-mobilnykh-ustroystv/akkumulyator-dlya-xiaomi-redmi-note-7-7-pro-bn4a/,2026-09-11 10:47:59
Аккумулятор для Apple Watch 1 42 мм (A1579),400 ₽,340 ₽,/catalog/akkumulyatory-dlya-mobilnykh-ustroystv/akkumulyator-dlya-apple-watch-1-42-mm-a1579/,2026-09-11 10:47:59
Аккумулятор для ZTE Blade A5 2019/A3 2020/L210 (Li3826T43P4h695950),350 ₽,270 ₽,/catalog/akkumulyatory-dlya-mobilnykh-ustroystv/akkumulyator-dlya-zte-blade-a5-2019-a3-2020-l210-li3826t43p4h695950/,2026-09-11 10:47:59
"Аккумулятор универсальный 501012p 3,7v Li-Pol 70 mAh (5*10*12 mm) (для TWS наушников)",150 ₽,100 ₽,/catalog/akkumulyatory-universalnye/akkumulyator-universalnyy-501012p-3-7v-li-pol-70-mah-5-10-12-mm-dlya-tws-naushnikov/,2026-09-11 10:47:59
Аккумулятор для Fly DS123/DS130 (BL4007),250 ₽,185 ₽,/catalog/akkumulyatory-dlya-mobilnykh-ustroystv/akkumulyator-dlya-fly-ds123-ds130-bl4007/,2026-09-11 10:47:59
Аккумулятор для Samsung Galaxy S8 (G950F) (EB-BG950ABE) - Zevo,650 ₽,515 ₽,/catalog/akkumulyatory-dlya-mobilnykh-ustroystv/akkumulyator-dlya-samsung-galaxy-s8-g950f-eb-bg950abe-zevo/,2026-09-11 10:47:59
Аккумулятор для iPhone 12/12 Pro - Pisen усиленная 3310 mAh,1800 ₽,1520 ₽,/catalog/akkumulyatory-dlya-mobilnykh-ustroystv/akkumulyator-dlya-iphone-12-12-pro-pisen-usilennaya-3310-mah/,2026-09-11 10:47:59
Аккумулятор для iPhone Xs - Pisen,2000 ₽,1680 ₽,/catalog/akkumulyatory-dlya-mobilnykh-ustroystv/akkumulyator-dlya-iphone-xs-pisen/,2026-09-11 10:47:59
Аккумулятор для Xiaomi Redmi 9A/9C/A1/A1+ (BN56) - Zevo,750 ₽,625 ₽,/catalog/akkumulyatory-dlya-mobilnykh-ustroystv/akkumulyator-dlya-xiaomi-redmi-9a-9c-a1-a1-bn56-zevo/,2026-09-11 10:47:59
Аккумулятор для ZTE Blade V9/V9 Vita/V10/V10 Vita/A5 2020/A7 Vita/A7 2019 (Li3931T44P8h806139),600 ₽,490 ₽,/catalog/akkumulyatory-dlya-mobilnykh-ustroystv/akkumulyator-dlya-zte-blade-v9-v9-vita-v10-v10-vita-a5-2020-a7-vita-a7-2019-li3931t44p8h806139/,2026-09-11 10:47:59
Аккумулятор для Realme 9 Pro/9i (BLP911),750 ₽,635 ₽,/catalog/akkumulyatory-dlya-mobilnykh-ustroystv/akkumulyator-dlya-realme-9-pro-9i-blp911/,2026-09-11 10:47:59
Аккумулятор для iPhone 8 - Pisen усиленная 2180 mAh,1600 ₽,1300 ₽,/catalog/akkumulyatory-dlya-mobilnykh-ustroystv/akkumulyator-dlya-iphone-8-pisen-usilennaya-2180-mah/,2026-09-11 10:47:59
"Аккумулятор универсальный 3555148p 3,7v Li-Pol 4000 mAh (3.5*55*148 mm)",500 ₽,395 ₽,/catalog/akkumulyatory-universalnye/akkumulyator-universalnyy-3555148p-3-7v-li-pol-4000-mah-3-5-55-148-mm/,2026-09-11 10:47:59
Аккумулятор для Samsung S3600/C3310/S5520/F260/G400/G600/J770 (AB533640AU/CU),200 ₽,140 ₽,/catalog/akkumulyatory-dlya-mobilnykh-ustroystv/akkumulyator-dlya-samsung-s3600-c3310-s5520-f260-g400-g600-j770-ab533640au-cu/,2026-09-11 10:47:59
Аккумулятор для Tecno Camon 20 Premier 5G (BL-49QT),750 ₽,600 ₽,/catalog/akkumulyatory-dlya-mobilnykh-ustroystv/akkumulyator-dlya-tecno-camon-20-premier-5g-bl-49qt/,2026-09-11 10:47:59
Аккумулятор для Lenovo Tab 2 A10-70 (L14D2P31),1300 ₽,1040 ₽,/catalog/akkumulyatory-dlya-mobilnykh-ustroystv/akkumulyator-dlya-lenovo-tab-2-a10-70-l14d2p31/,2026-09-11 10:47:59
Аккумулятор для Tecno Spark 7 (BL-58CT),700 ₽,570 ₽,/catalog/akkumulyatory-dlya-mobilnykh-ustroystv/akkumulyator-dlya-tecno-spark-7-bl-58ct/,2026-09-11 10:47:59
Аккумулятор для Xiaomi Redmi 4A (BN30),400 ₽,340 ₽,/catalog/akkumulyatory-dlya-mobilnykh-ustroystv/akkumulyator-dlya-xiaomi-redmi-4a-bn30/,2026-09-11 10:47:59
"Аккумулятор для Samsung Galaxy Tab A7 Lite 8.7"" Wi-Fi (T220)/Tab A7 Lite 8.7"" LTE (T225)/Tab A9 Wi-Fi 8.7"" (X110)/Tab A9 LTE 8.7"" (X115) (HQ-3565S)",800 ₽,670 ₽,/catalog/akkumulyatory-dlya-mobilnykh-ustroystv/akkumulyator-dlya-samsung-galaxy-tab-a7-lite-8-7-wi-fi-t220-tab-a7-lite-8-7-lte-t225-tab-a9-wi-fi-8-/,2026-09-11 10:47:59
"Аккумулятор для Huawei MatePad 11.5"" 2023/2025/SE 11"" 2024 (HB27G3B1EGW-12)",1300 ₽,1100 ₽,/catalog/akkumulyatory-dlya-mobilnykh-ustroystv/akkumulyator-dlya-huawei-matepad-11-5-2023-2025-se-11-2024-hb27g3b1egw-12/,2026-09-11 10:47:59
Аккумулятор для Samsung Galaxy A03 Core (A032F) (SLC-50),650 ₽,535 ₽,/catalog/akkumulyatory-dlya-mobilnykh-ustroystv/akkumulyator-dlya-samsung-galaxy-a03-core-a032f-slc-50/,2026-09-11 10:47:59
Аккумулятор для Samsung Galaxy J5 2016 (J510F) (EB-BJ510CBC),400 ₽,305 ₽,/catalog/akkumulyatory-dlya-mobilnykh-ustroystv/akkumulyator-dlya-samsung-galaxy-j5-2016-j510f-eb-bj510cbc/,2026-09-11 10:47:59
"Аккумулятор для Samsung Galaxy Tab 3 8.0"" Wi-Fi (T310)/Tab 3 8.0"" 3G (T311) (T4450C)",750 ₽,625 ₽,/catalog/akkumulyatory-dlya-mobilnykh-ustroystv/akkumulyator-dlya-samsung-galaxy-tab-3-8-0-wi-fi-t310-tab-3-8-0-3g-t311-t4450c/,2026-09-11 10:47:59
Аккумулятор для Samsung Gear S3 Frontier/Frontier LTE /Classic (EB-BR760ABE),300 ₽,255 ₽,/catalog/akkumulyatory-dlya-mobilnykh-ustroystv/akkumulyator-dlya-samsung-gear-s3-frontier-frontier-lte-classic-eb-br760abe/,2026-09-11 10:47:59
Аккумулятор для Samsung Galaxy A6+ 2018 (A605F) (EB-BJ805ABE),550 ₽,445 ₽,/catalog/akkumulyatory-dlya-mobilnykh-ustroystv/akkumulyator-dlya-samsung-galaxy-a6-2018-a605f-eb-bj805abe/,2026-09-11 10:47:59
Аккумулятор для Huawei Nova 9 SE/Nova 10/Honor 50 SE (HB426493EFW) (дополнительный коннектор),1600 ₽,1300 ₽,/catalog/akkumulyatory-dlya-mobilnykh-ustroystv/akkumulyator-dlya-huawei-nova-9-se-nova-10-honor-50-se-hb426493efw-dopolnitelnyy-konnektor/,2026-09-11 10:47:59
Аккумулятор для Huawei Honor X7a (HB5066A1EGW-A),800 ₽,645 ₽,/catalog/akkumulyatory-dlya-mobilnykh-ustroystv/akkumulyator-dlya-huawei-honor-x7a-hb5066a1egw-a/,2026-09-11 10:47:59
"Аккумулятор для Xiaomi Redmi Pad 10.61""/Pad SE 11""/Pad Pro 12.1"" (BN81)",1300 ₽,1100 ₽,/catalog/akkumulyatory-dlya-mobilnykh-ustroystv/akkumulyator-dlya-xiaomi-redmi-pad-10-61-pad-se-11-pad-pro-12-1-bn81/,2026-09-11 10:47:59
"Аккумулятор универсальный 402530p 3,7v Li-Pol 300 mAh (4*25*30 mm)",200 ₽,145 ₽,/catalog/akkumulyatory-universalnye/akkumulyator-universalnyy-402530p-3-7v-li-pol-300-mah-4-25-30-mm/,2026-09-11 10:47:59
Аккумулятор для Tecno Pova Neo 2/3/6 Neo/7 Neo (BL-68BT),750 ₽,610 ₽,/catalog/akkumulyatory-dlya-mobilnykh-ustroystv/akkumulyator-dlya-tecno-pova-neo-2-3-6-neo-bl-68bt/,2026-09-11 10:47:59
"Аккумулятор для Samsung Galaxy Tab A8 10.5"" Wi-Fi (X200)/Tab A8 10.5"" LTE (X205) (HQ-6300NA)",1000 ₽,850 ₽,/catalog/akkumulyatory-dlya-mobilnykh-ustroystv/akkumulyator-dlya-samsung-galaxy-tab-a8-10-5-wi-fi-x200-tab-a8-10-5-lte-x205-hq-6300na/,2026-09-11 10:47:59
Аккумулятор для Xiaomi Poco M3/Redmi 9T (BN62) - OR100,950 ₽,780 ₽,/catalog/akkumulyatory-dlya-mobilnykh-ustroystv/akkumulyator-dlya-xiaomi-poco-m3-redmi-9t-bn62-or100/,2026-09-11 10:47:59
Аккумулятор для Realme C53/C67 4G/12 5G/13 5G/C65 4G (BLPA17),650 ₽,550 ₽,/catalog/akkumulyatory-dlya-mobilnykh-ustroystv/akkumulyator-dlya-realme-c53-c67-4g-12-5g-13-5g-c65-4g-blpa17/,2026-09-11 10:47:59
Аккумулятор для Apple Watch 3 42 мм (A1875),450 ₽,360 ₽,/catalog/akkumulyatory-dlya-mobilnykh-ustroystv/akkumulyator-dlya-apple-watch-3-42-mm-a1875/,2026-09-11 10:47:59
"Аккумулятор универсальный 357080p 3,7v Li-Pol 3000 mAh (3.5*70*80 mm)",400 ₽,305 ₽,/catalog/akkumulyatory-universalnye/akkumulyator-universalnyy-357080p-3-7v-li-pol-3000-mah-3-5-70-80-mm/,2026-09-11 10:47:59
Аккумулятор для iPhone 11 Pro Max - Pisen усиленная 4500 mAh,2400 ₽,2040 ₽,/catalog/akkumulyatory-dlya-mobilnykh-ustroystv/akkumulyator-dlya-iphone-11-pro-max-pisen-usilennaya-4500-mah/,2026-09-11 10:47:59
Аккумулятор для Huawei P10 Plus/Mate 20 Lite/Nova 3/Play/20 (HB386589ECW) - Pisen,1300 ₽,1040 ₽,/catalog/akkumulyatory-dlya-mobilnykh-ustroystv/akkumulyator-dlya-huawei-p10-plus-mate-20-lite-nova-3-play-20-hb386589ecw-pisen/,2026-09-11 10:47:59
"Аккумуляторные батарейки ""AAA"" VariCore Li-ion 1.5V 600 mAh (4 шт, перезаряжаемые, зарядка через Type-C)",1100 ₽,895 ₽,/catalog/akkumulyatory-bytovye/akkumulyatornye-batareyki-aaa-varicore-li-ion-1-5v-600-mah-4-sht-perezaryazhaemye-zaryadka-cherez-ty/,2026-09-11 10:47:59
Аккумулятор для Huawei Honor 5C/9 Lite/7C/7C Pro/7A Pro (HB366481ECW) - Pisen,800 ₽,670 ₽,/catalog/akkumulyatory-dlya-mobilnykh-ustroystv/akkumulyator-dlya-huawei-honor-5c-9-lite-7c-7c-pro-7a-pro-hb366481ecw-pisen/,2026-09-11 10:47:59
"Аккумулятор для Samsung Galaxy Tab A 10.1"" 2019 Wi-Fi (T510)/Tab A 10.1"" 2019 LTE (T515)",1100 ₽,895 ₽,/catalog/akkumulyatory-dlya-mobilnykh-ustroystv/akkumulyator-dlya-samsung-galaxy-tab-a-10-1-2019-wi-fi-t510-tab-a-10-1-2019-lte-t515/,2026-09-11 10:47:59
Аккумулятор для Samsung Galaxy S7262/S7270/S7272/G318H (B100AE),300 ₽,215 ₽,/catalog/akkumulyatory-dlya-mobilnykh-ustroystv/akkumulyator-dlya-samsung-galaxy-s7262-s7270-s7272-g318h-b100ae/,2026-09-11 10:47:59
"Аккумулятор универсальный 802540p 3,7v Li-Pol 650 mAh (8*25*40 mm)",250 ₽,175 ₽,/catalog/akkumulyatory-universalnye/akkumulyator-universalnyy-802540p-3-7v-li-pol-650-mah-8-25-40-mm/,2026-09-11 10:47:59
Аккумулятор для Huawei Honor X8a 4G/X8b/90 Lite/200 Lite (HB416594EGW),700 ₽,570 ₽,/catalog/akkumulyatory-dlya-mobilnykh-ustroystv/akkumulyator-dlya-huawei-honor-x8a-4g-x8b-90-lite-200-lite-hb416594egw/,2026-09-11 10:47:59
Аккумулятор для Huawei Honor 90 (HB486591EHW),1800 ₽,1520 ₽,/catalog/akkumulyatory-dlya-mobilnykh-ustroystv/akkumulyator-dlya-huawei-honor-90-hb486591ehw/,2026-09-11 10:47:59
"Аккумулятор универсальный 502035p 3,7v Li-Pol 400 mAh (5*20*35 mm)",200 ₽,145 ₽,/catalog/akkumulyatory-universalnye/akkumulyator-universalnyy-502035p-3-7v-li-pol-400-mah-5-20-35-mm/,2026-09-11 10:47:59
Аккумулятор для Samsung Galaxy i8160/i8190/i8200/S7390/S7392/S7562 (EB425161LU),350 ₽,280 ₽,/catalog/akkumulyatory-dlya-mobilnykh-ustroystv/akkumulyator-dlya-samsung-galaxy-i8160-i8190-i8200-s7390-s7392-s7562-eb425161lu/,2026-09-11 10:47:59
Аккумулятор для Samsung C5212 Duos/C3212 Duos/C3300/E1182/E2232 (AB553446BU),250 ₽,180 ₽,/catalog/akkumulyatory-dlya-mobilnykh-ustroystv/akkumulyator-dlya-samsung-c5212-duos-c3212-duos-c3300-e1182-e2232-ab553446bu/,2026-09-11 10:47:59
Аккумулятор для Infinix Note 30 4G/5G (BL-49TX),750 ₽,635 ₽,/catalog/akkumulyatory-dlya-mobilnykh-ustroystv/akkumulyator-dlya-infinix-note-30-4g-5g-bl-49tx/,2026-09-11 10:47:59
Аккумулятор для Realme Narzo 50 4G/C55 (BLP875),700 ₽,580 ₽,/catalog/akkumulyatory-dlya-mobilnykh-ustroystv/akkumulyator-dlya-realme-narzo-50-4g-c55-blp875/,2026-09-11 10:47:59
Аккумулятор для OnePlus Nord 2 5G/2T 5G (BLP861),1400 ₽,1120 ₽,/catalog/akkumulyatory-dlya-mobilnykh-ustroystv/akkumulyator-dlya-oneplus-nord-2-5g-2t-5g-blp861/,2026-09-11 10:47:59
Аккумулятор для LG P690/P692/P698/P970/E400/E405/E510/E730/A290/A399/E612/E420 (BL-44JN),300 ₽,220 ₽,/catalog/akkumulyatory-dlya-mobilnykh-ustroystv/akkumulyator-dlya-lg-p690-p692-p698-p970-e400-e405-e510-e730-a290-a399-e612-e420-bl-44jn/,2026-09-11 10:47:59
Аккумулятор для Infinix Hot 11S/12 Pro (BL-49GX),600 ₽,500 ₽,/catalog/akkumulyatory-dlya-mobilnykh-ustroystv/akkumulyator-dlya-infinix-hot-11s-12-pro-bl-49gx/,2026-09-11 10:47:59
Аккумулятор для iPhone 11 Pro - Pisen,2500 ₽,2120 ₽,/catalog/akkumulyatory-dlya-mobilnykh-ustroystv/akkumulyator-dlya-iphone-11-pro-pisen/,2026-09-11 10:47:59
Аккумулятор для JBL Xtreme (CS-JMX100SL),1100 ₽,895 ₽,/catalog/akkumulyatory-dlya-mobilnykh-ustroystv/akkumulyator-dlya-jbl-xtreme-cs-jmx100sl/,2026-09-11 10:47:59
Аккумулятор для Huawei Y7 2017/P40 Lite E/9C (HB406689ECW/HB396689ECW),700 ₽,560 ₽,/catalog/akkumulyatory-dlya-mobilnykh-ustroystv/akkumulyator-dlya-huawei-y7-2017-p40-lite-e-9c-hb406689ecw-hb396689ecw/,2026-09-11 10:47:59
Аккумулятор для Tecno Pova 6 4G/6 Pro 5G (BL-58FT),800 ₽,670 ₽,/catalog/akkumulyatory-dlya-mobilnykh-ustroystv/akkumulyator-dlya-tecno-pova-6-4g-6-pro-5g-bl-58ft/,2026-09-11 10:47:59
"Аккумулятор универсальный 403035p 3,7v Li-Pol 500 mAh (4*30*35 mm)",200 ₽,145 ₽,/catalog/akkumulyatory-universalnye/akkumulyator-universalnyy-403035p-3-7v-li-pol-500-mah-4-30-35-mm/,2026-09-11 10:47:59
Аккумулятор для Samsung Galaxy A40 (A405F) (EB-BA405ABE) - JCID,750 ₽,600 ₽,/catalog/akkumulyatory-dlya-mobilnykh-ustroystv/akkumulyator-dlya-samsung-galaxy-a40-a405f-eb-ba405abe-jcid/,2026-09-11 10:47:59
Аккумулятор для iPhone 6S - Pisen,1000 ₽,850 ₽,/catalog/akkumulyatory-dlya-mobilnykh-ustroystv/akkumulyator-dlya-iphone-6s-pisen/,2026-09-11 10:47:59
Аккумулятор для Samsung Galaxy M31s (M317F) (EB-BM317ABY),750 ₽,635 ₽,/catalog/akkumulyatory-dlya-mobilnykh-ustroystv/akkumulyator-dlya-samsung-galaxy-m31s-m317f-eb-bm317aby/,2026-09-11 10:47:59
Аккумулятор для Vivo Y27 4G/Y27s/Y36 4G (B-Z5),850 ₽,725 ₽,/catalog/akkumulyatory-dlya-mobilnykh-ustroystv/akkumulyator-dlya-vivo-y27-4g-y27s-y36-4g-b-z5/,2026-09-11 10:47:59
"Аккумуляторные батарейки ""AA"" VariCore Li-ion 1.5V 2600 mAh (4 шт, перезаряжаемые, зарядка через Type-C)",1300 ₽,1120 ₽,/catalog/akkumulyatory-bytovye/akkumulyatornye-batareyki-aa-varicore-li-ion-1-5v-2600-mah-4-sht-perezaryazhaemye-zaryadka-cherez-ty/,2026-09-11 10:47:59
Аккумулятор для Huawei Honor 8X/9X Lite (HB386590ECW) - Pisen,1100 ₽,860 ₽,/catalog/akkumulyatory-dlya-mobilnykh-ustroystv/akkumulyator-dlya-huawei-honor-8x-9x-lite-hb386590ecw-pisen/,2026-09-11 10:47:59
"Аккумулятор универсальный 304569p 3,7v Li-Pol 2000 mAh (3*45*69 mm)",300 ₽,220 ₽,/catalog/akkumulyatory-universalnye/akkumulyator-universalnyy-304569p-3-7v-li-pol-2000-mah-3-45-69-mm/,2026-09-11 10:47:59
"Аккумулятор универсальный 407590p 3,7v Li-Pol 4000 mAh (4*75*90 mm)",400 ₽,315 ₽,/catalog/akkumulyatory-universalnye/akkumulyator-universalnyy-407590p-3-7v-li-pol-4000-mah-4-75-90-mm/,2026-09-11 10:47:59
Аккумулятор для Xiaomi Redmi 8/8A (BN51) - JCID,850 ₽,705 ₽,/catalog/akkumulyatory-dlya-mobilnykh-ustroystv/akkumulyator-dlya-xiaomi-redmi-8-8a-bn51-jcid/,2026-09-11 10:47:59
Аккумулятор для Nokia 1200/1208/1680C/106 (BL-5CA),250 ₽,175 ₽,/catalog/akkumulyatory-dlya-mobilnykh-ustroystv/akkumulyator-dlya-nokia-1200-1208-1680c-106-bl-5ca/,2026-09-11 10:47:59
Аккумулятор для Tecno Spark 5 Air/6 Go/8C/8P/Go 2022/POP 5 LTE/POP 6 Pro/Camon 15/15 Air (BL-49FT) - Zevo,800 ₽,655 ₽,/catalog/akkumulyatory-dlya-mobilnykh-ustroystv/akkumulyator-dlya-tecno-spark-5-air-6-go-8c-8p-go-2022-pop-5-lte-pop-6-pro-camon-15-15-air-bl-49ft-z/,2026-09-11 10:47:59
Аккумулятор для Apple Watch 4 40 мм (A2058),500 ₽,390 ₽,/catalog/akkumulyatory-dlya-mobilnykh-ustroystv/akkumulyator-dlya-apple-watch-4-40-mm-a2058/,2026-09-11 10:47:59
Аккумулятор для Sony L2 Dual (H431)/L3 Dual (I4312)/XA2 Dual H4113 (LIP1654ERPC/SNYSK84),750 ₽,600 ₽,/catalog/akkumulyatory-dlya-mobilnykh-ustroystv/akkumulyator-dlya-sony-l2-dual-h431-l3-dual-i4312-xa2-dual-h4113-lip1654erpc-snysk84/,2026-09-11 10:47:59
"Аккумулятор универсальный 401030p 3,7v Li-Pol 90 mAh (4*10*30 mm)",150 ₽,120 ₽,/catalog/akkumulyatory-universalnye/akkumulyator-universalnyy-401030p-3-7v-li-pol-90-mah-4-10-30-mm/,2026-09-11 10:47:59
Аккумулятор для наушников Apple Airpods Max A2165,1700 ₽,1400 ₽,/catalog/akkumulyatory-dlya-mobilnykh-ustroystv/akkumulyator-dlya-naushnikov-apple-airpods-max-a2165-4914551dcf6711f0b32b00155d59fe46/,2026-09-11 10:47:59
Аккумулятор для ZTE MF920/MF920A/MF920S/MF920TS/MF920V/MF920VS/MF920W/MF920W (Li3820T43P3h715345),500 ₽,395 ₽,/catalog/akkumulyatory-dlya-mobilnykh-ustroystv/akkumulyator-dlya-zte-mf920-mf920a-mf920s-mf920ts-mf920v-mf920vs-mf920w-mf920w-li3820t43p3h715345/,2026-09-11 10:47:59
Аккумулятор для Google Pixel 6a (GLU7G),550 ₽,455 ₽,/catalog/akkumulyatory-dlya-mobilnykh-ustroystv/akkumulyator-dlya-google-pixel-6a-glu7g/,2026-09-11 10:47:59
Аккумулятор для Google Pixel 6 Pro (G63QN),750 ₽,625 ₽,/catalog/akkumulyatory-dlya-mobilnykh-ustroystv/akkumulyator-dlya-google-pixel-6-pro-g63qn/,2026-09-11 10:47:59
Аккумулятор для Blackview BV4900/BV4900 Pro/BV4900S (Li616077HTT),800 ₽,655 ₽,/catalog/akkumulyatory-dlya-mobilnykh-ustroystv/akkumulyator-dlya-blackview-bv4900-bv4900-pro-bv4900s-li616077htt/,2026-09-11 10:47:59
Аккумулятор для Xiaomi Redmi 3/3S/3 Pro/4X (BM47),600 ₽,490 ₽,/catalog/akkumulyatory-dlya-mobilnykh-ustroystv/akkumulyator-dlya-xiaomi-redmi-3-3s-3-pro-4x-bm47/,2026-09-11 10:47:59
Аккумулятор для Sony XA1 Plus (G3421)/XA1 Plus Dual (G3412)/XA2 Ultra Dual (H4213)/XA2 Plus Dua (H4413) (LIP1653ERPC),750 ₽,600 ₽,/catalog/akkumulyatory-dlya-mobilnykh-ustroystv/akkumulyator-dlya-sony-xa1-plus-g3421-xa1-plus-dual-g3412-xa2-ultra-dual-h4213-xa2-plus-dua-h4413-li/,2026-09-11 10:47:59
Аккумулятор для OnePlus 6T/7 (BLP685),550 ₽,455 ₽,/catalog/akkumulyatory-dlya-mobilnykh-ustroystv/akkumulyator-dlya-oneplus-6t-7-blp685/,2026-09-11 10:47:59
"Аккумулятор универсальный 400909p 3,7v Li-Pol 40 mAh (4*9*9 mm) (для TWS наушников)",150 ₽,110 ₽,/catalog/akkumulyatory-universalnye/akkumulyator-universalnyy-400909p-3-7v-li-pol-40-mah-4-9-9-mm-dlya-tws-naushnikov/,2026-09-11 10:47:59
Аккумулятор для iPhone 16 Plus - JCID,1500 ₽,1280 ₽,/catalog/akkumulyatory-dlya-mobilnykh-ustroystv/akkumulyator-dlya-iphone-16-plus-jcid/,2026-09-11 10:47:59
Аккумулятор для Realme 12 Pro 5G/12 Pro+ 5G (BLPA35),1100 ₽,860 ₽,/catalog/akkumulyatory-dlya-mobilnykh-ustroystv/akkumulyator-dlya-realme-12-pro-5g-12-pro-5g-blpa35/,2026-09-11 10:47:59
Аккумулятор для Philips X2301/X620/X830/X630/X525/X518/X806/W626/W727/V816/T910 (AB1530DWMC),400 ₽,340 ₽,/catalog/akkumulyatory-dlya-mobilnykh-ustroystv/akkumulyator-dlya-philips-x2301-x620-x830-x630-x525-x518-x806-w626-w727-v816-t910-ab1530dwmc/,2026-09-11 10:47:59
Аккумулятор для Infinix Note 30 Pro/30 VIP/Zero 30 4G/5G/GT 10 Pro (BL-49PX),800 ₽,645 ₽,/catalog/akkumulyatory-dlya-mobilnykh-ustroystv/akkumulyator-dlya-infinix-note-30-pro-30-vip-zero-30-4g-5g-gt-10-pro-bl-49px/,2026-09-11 10:47:59
Аккумулятор для Tecno Pova 4 Pro (BL-58DT),800 ₽,670 ₽,/catalog/akkumulyatory-dlya-mobilnykh-ustroystv/akkumulyator-dlya-tecno-pova-4-pro-bl-58dt/,2026-09-11 10:47:59
"Аккумулятор для Lenovo Tab 4 8"" TB-8504X (L16D1P34)",800 ₽,655 ₽,/catalog/akkumulyatory-dlya-mobilnykh-ustroystv/akkumulyator-dlya-lenovo-tab-4-8-tb-8504x-l16d1p34/,2026-09-11 10:47:59
Аккумулятор для Blackview BV8800 (Li456182PHTT-B),1200 ₽,995 ₽,/catalog/akkumulyatory-dlya-mobilnykh-ustroystv/akkumulyator-dlya-blackview-bv8800-li456182phtt-b/,2026-09-11 10:47:59
Аккумулятор для JBL Flip 4/Flip 4 Special Edition (CS-JMF310SL),550 ₽,455 ₽,/catalog/akkumulyatory-dlya-mobilnykh-ustroystv/akkumulyator-dlya-jbl-flip-4-flip-4-special-edition-cs-jmf310sl/,2026-09-11 10:47:59
Аккумулятор для Xiaomi Redmi 10C/10A (BN5G),550 ₽,455 ₽,/catalog/akkumulyatory-dlya-mobilnykh-ustroystv/akkumulyator-dlya-xiaomi-redmi-10c-10a-bn5g/,2026-09-11 10:47:59
"Аккумулятор универсальный 721855p 3,7v Li-Pol 500 mAh (7.2*18*55 mm)",200 ₽,140 ₽,/catalog/akkumulyatory-universalnye/akkumulyator-universalnyy-721855p-3-7v-li-pol-500-mah-7-2-18-55-mm/,2026-09-11 10:47:59
Аккумулятор для JBL Flip 5 (CS-JMF500SL),800 ₽,670 ₽,/catalog/akkumulyatory-dlya-mobilnykh-ustroystv/akkumulyator-dlya-jbl-flip-5-cs-jmf500sl/,2026-09-11 10:47:59
"Аккумулятор универсальный 500909p 3,7v Li-Pol 60 mAh (5*9*9 mm) (для TWS наушников)",200 ₽,130 ₽,/catalog/akkumulyatory-universalnye/akkumulyator-universalnyy-500909p-3-7v-li-pol-60-mah-5-9-9-mm-dlya-tws-naushnikov/,2026-09-11 10:47:59
"Аккумулятор универсальный 702035p 3,7v Li-Pol 500 mAh (7*20*35 mm)",200 ₽,145 ₽,/catalog/akkumulyatory-universalnye/akkumulyator-universalnyy-702035p-3-7v-li-pol-500-mah-7-20-35-mm/,2026-09-11 10:47:59
Аккумулятор для Samsung Galaxy S10e (G970F) (EB-BG970ABU) - Zevo,650 ₽,515 ₽,/catalog/akkumulyatory-dlya-mobilnykh-ustroystv/akkumulyator-dlya-samsung-galaxy-s10e-g970f-eb-bg970abu-zevo/,2026-09-11 10:47:59
Аккумулятор для Xiaomi 12 Pro (BP45),1400 ₽,1120 ₽,/catalog/akkumulyatory-dlya-mobilnykh-ustroystv/akkumulyator-dlya-xiaomi-12-pro-bp45/,2026-09-11 10:47:59
"Аккумулятор для Huawei MediaPad M5 Lite 10""/M5 10.8""/M5 Pro 10""/M6 10.8"" (HB299418ECW)",1100 ₽,940 ₽,/catalog/akkumulyatory-dlya-mobilnykh-ustroystv/akkumulyator-dlya-huawei-mediapad-m5-lite-10-m5-10-8-m5-pro-10-m6-10-8-hb299418ecw/,2026-09-11 10:47:59
Аккумулятор для Realme C61/Note 60 (BLPA75),650 ₽,550 ₽,/catalog/akkumulyatory-dlya-mobilnykh-ustroystv/akkumulyator-dlya-realme-c61-note-60-blpa75/,2026-09-11 10:47:59
Аккумулятор для Tecno Spark Go 2023/POP 7 (BL-49NT) - широкий коннектор,650 ₽,515 ₽,/catalog/akkumulyatory-dlya-mobilnykh-ustroystv/akkumulyator-dlya-tecno-spark-go-2023-pop-7-bl-49nt-shirokiy-konnektor/,2026-09-11 10:47:59
Аккумулятор для Google Pixel 4a 4G (G025J-B),850 ₽,715 ₽,/catalog/akkumulyatory-dlya-mobilnykh-ustroystv/akkumulyator-dlya-google-pixel-4a-4g-g025j-b/,2026-09-11 10:47:59
Аккумулятор для Infinix Hot 10 Lite/10S/12i/20i/Smart 6/6 HD/6 Plus (BL-49FX),700 ₽,570 ₽,/catalog/akkumulyatory-dlya-mobilnykh-ustroystv/akkumulyator-dlya-infinix-hot-10-lite-10s-12i-20i-smart-6-6-hd-6-plus-bl-49fx/,2026-09-11 10:47:59
Аккумулятор для Lenovo Tab M10 TB-X505X/Tab M10 TB-X605X (L18D1P32),750 ₽,635 ₽,/catalog/akkumulyatory-dlya-mobilnykh-ustroystv/akkumulyator-dlya-lenovo-tab-m10-tb-x505x-tab-m10-tb-x605x-l18d1p32/,2026-09-11 10:47:59
Аккумулятор для Nokia 5310/6700S/7230/7310/X3 (BL-4CT),150 ₽,115 ₽,/catalog/akkumulyatory-dlya-mobilnykh-ustroystv/akkumulyator-dlya-nokia-5310-6700s-7230-7310-x3-bl-4ct/,2026-09-11 10:47:59
Аккумулятор для Huawei Nova Y90/11i/12i/13i (HB496493EGW),1000 ₽,850 ₽,/catalog/akkumulyatory-dlya-mobilnykh-ustroystv/akkumulyator-dlya-huawei-nova-y90-11i-12i-13i-hb496493egw/,2026-09-11 10:47:59
Аккумулятор для Samsung Galaxy N8000/P5100/P5110/P7500 (SP3676B1A) (1S2P),1100 ₽,875 ₽,/catalog/akkumulyatory-dlya-mobilnykh-ustroystv/akkumulyator-dlya-samsung-galaxy-n8000-p5100-p5110-p7500-sp3676b1a-1s2p/,2026-09-11 10:47:59
Аккумулятор для Realme X3 SuperZoom (BLP775),700 ₽,570 ₽,/catalog/akkumulyatory-dlya-mobilnykh-ustroystv/akkumulyator-dlya-realme-x3-superzoom-blp775/,2026-09-11 10:47:59
Аккумулятор для Xiaomi Redmi Note 5/5 Pro (BN45),550 ₽,455 ₽,/catalog/akkumulyatory-dlya-mobilnykh-ustroystv/akkumulyator-dlya-xiaomi-redmi-note-5-5-pro-bn45/,2026-09-11 10:47:59
"Аккумулятор для Samsung Galaxy Tab 4 10.1"" Wi-Fi (T530)/Tab 4 10.1"" 3G (T531)/Tab 4 10.1"" LTE (T535) (EB-BT530FBE)",1000 ₽,825 ₽,/catalog/akkumulyatory-dlya-mobilnykh-ustroystv/akkumulyator-dlya-samsung-galaxy-tab-4-10-1-wi-fi-t530-tab-4-10-1-3g-t531-tab-4-10-1-lte-t535-eb-bt5/,2026-09-11 10:47:59
Аккумулятор для Samsung Galaxy i9300/i9082/i9060/i9300I (EB-L1G6LLU),300 ₽,220 ₽,/catalog/akkumulyatory-dlya-mobilnykh-ustroystv/akkumulyator-dlya-samsung-galaxy-i9300-i9082-i9060-i9300i-eb-l1g6llu/,2026-09-11 10:47:59
Аккумулятор для Xiaomi Redmi A3/A3x/Poco C61 (BN5R),650 ₽,535 ₽,/catalog/akkumulyatory-dlya-mobilnykh-ustroystv/akkumulyator-dlya-xiaomi-redmi-a3-a3x-poco-c61-bn5r/,2026-09-11 10:47:59
Аккумулятор для Philips E180/E181 (AB3100AWMC),550 ₽,455 ₽,/catalog/akkumulyatory-dlya-mobilnykh-ustroystv/akkumulyator-dlya-philips-e180-e181-ab3100awmc/,2026-09-11 10:47:59
Аккумулятор для iPhone SE - Pisen усиленная 1800 mAh,950 ₽,770 ₽,/catalog/akkumulyatory-dlya-mobilnykh-ustroystv/akkumulyator-dlya-iphone-se-pisen-usilennaya-1800-mah/,2026-09-11 10:47:59
"Аккумуляторные батарейки ""AA"" GoPower 2850 mAh (2 шт. в блистере)",800 ₽,645 ₽,/catalog/akkumulyatory-bytovye/akkumulyatornye-batareyki-aa-gopower-2850-mah-2-sht-v-blistere/,2026-09-11 10:47:59
Аккумулятор для Samsung Galaxy S5 (G900F) (EB-BG900BBE),350 ₽,290 ₽,/catalog/akkumulyatory-dlya-mobilnykh-ustroystv/akkumulyator-dlya-samsung-galaxy-s5-g900f-eb-bg900bbe/,2026-09-11 10:47:59
Аккумулятор для Samsung Galaxy i9500/i9505/i9295/G7102 (B600BC),400 ₽,315 ₽,/catalog/akkumulyatory-dlya-mobilnykh-ustroystv/akkumulyator-dlya-samsung-galaxy-i9500-i9505-i9295-g7102-b600bc/,2026-09-11 10:47:59
Аккумулятор для OPPO A53/A54 4G/A16/A55 4G (BLP805),700 ₽,570 ₽,/catalog/akkumulyatory-dlya-mobilnykh-ustroystv/akkumulyator-dlya-oppo-a53-a54-4g-a16-a55-4g-blp805/,2026-09-11 10:47:59
Аккумулятор для Tecno Camon 40 4G/40 Pro 4G/5G (BL-54AT),1200 ₽,985 ₽,/catalog/akkumulyatory-dlya-mobilnykh-ustroystv/akkumulyator-dlya-tecno-camon-40-4g-40-pro-4g-5g-bl-54at/,2026-09-11 10:47:59
Аккумулятор для Samsung Galaxy A9 2018 (A920F) (EB-BA920ABU),650 ₽,525 ₽,/catalog/akkumulyatory-dlya-mobilnykh-ustroystv/akkumulyator-dlya-samsung-galaxy-a9-2018-a920f-eb-ba920abu/,2026-09-11 10:47:59
Аккумулятор для Xiaomi Redmi Note 9T (BM54),650 ₽,535 ₽,/catalog/akkumulyatory-dlya-mobilnykh-ustroystv/akkumulyator-dlya-xiaomi-redmi-note-9t-bm54/,2026-09-11 10:47:59
Аккумулятор для Samsung Galaxy A14 5G (A146B) (EB-BA146ABY),650 ₽,515 ₽,/catalog/akkumulyatory-dlya-mobilnykh-ustroystv/akkumulyator-dlya-samsung-galaxy-a14-5g-a146b-eb-ba146aby/,2026-09-11 10:47:59
Аккумулятор для iPhone SE (2022) - Pisen,1300 ₽,1100 ₽,/catalog/akkumulyatory-dlya-mobilnykh-ustroystv/akkumulyator-dlya-iphone-se-2022-pisen/,2026-09-11 10:47:59
Аккумулятор для Google Pixel 4 XL (G020J-B),700 ₽,590 ₽,/catalog/akkumulyatory-dlya-mobilnykh-ustroystv/akkumulyator-dlya-google-pixel-4-xl-g020j-b/,2026-09-11 10:47:59
"Аккумулятор для Samsung Galaxy Tab E 9.6"" Wi-Fi (T560)/Tab E 9.6"" 3G (T561) (EB-BT561ABE)",800 ₽,655 ₽,/catalog/akkumulyatory-dlya-mobilnykh-ustroystv/akkumulyator-dlya-samsung-galaxy-tab-e-9-6-wi-fi-t560-tab-e-9-6-3g-t561-eb-bt561abe/,2026-09-11 10:47:59
"Аккумулятор для Huawei MatePad 11 10.9"" 2021/Honor Pad 8 12""/X9 11.5"" (HB28D8C8ECW-12)",1200 ₽,975 ₽,/catalog/akkumulyatory-dlya-mobilnykh-ustroystv/akkumulyator-dlya-huawei-matepad-11-10-9-2021-honor-pad-8-12-x9-11-5-hb28d8c8ecw-12/,2026-09-11 10:47:59
Аккумулятор для Tecno Pova 2/3 (BL-68AT),800 ₽,670 ₽,/catalog/akkumulyatory-dlya-mobilnykh-ustroystv/akkumulyator-dlya-tecno-pova-2-3-bl-68at/,2026-09-11 10:47:59
Аккумулятор для Xiaomi Redmi Note 11 Pro+ 5G (BP47) - JCID,1600 ₽,1360 ₽,/catalog/akkumulyatory-dlya-mobilnykh-ustroystv/akkumulyator-dlya-xiaomi-redmi-note-11-pro-5g-bp47-jcid/,2026-09-11 10:47:59
Аккумулятор для Itel A48 (BL-29BI),550 ₽,445 ₽,/catalog/akkumulyatory-dlya-mobilnykh-ustroystv/akkumulyator-dlya-itel-a48-bl-29bi/,2026-09-11 10:47:59
Аккумулятор для Alcatel OT-2004G (CAB31L0000C1),300 ₽,215 ₽,/catalog/akkumulyatory-dlya-mobilnykh-ustroystv/akkumulyator-dlya-alcatel-ot-2004g-cab31l0000c1/,2026-09-11 10:47:59
Аккумулятор для Google Pixel 5 (GTB1F),900 ₽,750 ₽,/catalog/akkumulyatory-dlya-mobilnykh-ustroystv/akkumulyator-dlya-google-pixel-5-gtb1f/,2026-09-11 10:47:59
"Аккумулятор для Samsung Galaxy Tab S6 Lite 10.4"" 2020/2022/2024/S5e Wi-Fi/LTE 10.5""/Tab S6 Wi-Fi/LTE 10.5"" P610/P613/P615/P619/P620/P625/T720/T725/T860/T865 (EB-BT725ABU)",1000 ₽,850 ₽,/catalog/akkumulyatory-dlya-mobilnykh-ustroystv/akkumulyator-dlya-samsung-galaxy-tab-s6-lite-10-4-2020-2022-2024-s5e-wi-fi-lte-10-5-tab-s6-wi-fi-lte/,2026-09-11 10:47:59
Аккумулятор для Samsung Galaxy M11 (M115F) (HQ-S71),650 ₽,550 ₽,/catalog/akkumulyatory-dlya-mobilnykh-ustroystv/akkumulyator-dlya-samsung-galaxy-m11-m115f-hq-s71/,2026-09-11 10:47:59
Аккумулятор для Xiaomi Redmi 9A/9C/A1/A1+ (BN56) - JCID,900 ₽,735 ₽,/catalog/akkumulyatory-dlya-mobilnykh-ustroystv/akkumulyator-dlya-xiaomi-redmi-9a-9c-a1-a1-bn56-jcid/,2026-09-11 10:47:59
Аккумулятор для OPPO Reno 7 (BLP907),800 ₽,645 ₽,/catalog/akkumulyatory-dlya-mobilnykh-ustroystv/akkumulyator-dlya-oppo-reno-7-blp907/,2026-09-11 10:47:59
Аккумулятор для Blackview BV6600/BV6600 Pro/BV6600E (Li515876PHTT),1100 ₽,875 ₽,/catalog/akkumulyatory-dlya-mobilnykh-ustroystv/akkumulyator-dlya-blackview-bv6600-bv6600-pro-bv6600e-li515876phtt/,2026-09-11 10:47:59
Аккумулятор для Samsung Galaxy S7230/C6712/S5250/S5282/S5310 (EB494353VU),350 ₽,290 ₽,/catalog/akkumulyatory-dlya-mobilnykh-ustroystv/akkumulyator-dlya-samsung-galaxy-s7230-c6712-s5250-s5282-s5310-eb494353vu/,2026-09-11 10:47:59
Аккумулятор для Xiaomi Mi A3/9 Lite (BM4F),650 ₽,525 ₽,/catalog/akkumulyatory-dlya-mobilnykh-ustroystv/akkumulyator-dlya-xiaomi-mi-a3-9-lite-bm4f/,2026-09-11 10:47:59
Аккумулятор для Realme 11 Pro 5G (BLPA15),950 ₽,780 ₽,/catalog/akkumulyatory-dlya-mobilnykh-ustroystv/akkumulyator-dlya-realme-11-pro-5g-blpa15/,2026-09-11 10:47:59
Аккумулятор для робота-пылесоса INR18650M26-4S1P SM-3P разъем 14.8V 2.6A 2600 mAh,1100 ₽,930 ₽,/catalog/akkumulyatory-universalnye/akkumulyator-dlya-robota-pylesosa-inr18650m26-4s1p-sm-3p-razem-14-8v-2-6a-2600-mah/,2026-09-11 10:47:59
Аккумулятор для Apple Watch 1 38 мм (A1578),450 ₽,360 ₽,/catalog/akkumulyatory-dlya-mobilnykh-ustroystv/akkumulyator-dlya-apple-watch-1-38-mm-a1578/,2026-09-11 10:47:59
"Аккумулятор универсальный 401012p 3,7v Li-Pol 50 mAh (4*10*12 mm) (для TWS наушников)",150 ₽,95 ₽,/catalog/akkumulyatory-universalnye/akkumulyator-universalnyy-401012p-3-7v-li-pol-50-mah-4-10-12-mm-dlya-tws-naushnikov/,2026-09-11 10:47:59
Аккумулятор для Realme 8 5G/Narzo 30 5G (BLP803),250 ₽,175 ₽,/catalog/akkumulyatory-dlya-mobilnykh-ustroystv/akkumulyator-dlya-realme-8-5g-narzo-30-5g-blp803/,2026-09-11 10:47:59
Аккумулятор для Xiaomi Redmi 7A (BN49) - JCID,700 ₽,590 ₽,/catalog/akkumulyatory-dlya-mobilnykh-ustroystv/akkumulyator-dlya-xiaomi-redmi-7a-bn49-jcid/,2026-09-11 10:47:59
"Аккумулятор для радиостанции Baofeng BF-666S/777S/888S BL-1 (2800 mAh, усиленный)",250 ₽,200 ₽,/catalog/akkumulyatory-universalnye/akkumulyator-dlya-radiostantsii-baofeng-bf-666s-777s-888s-bl-1-2800-mah-usilennyy/,2026-09-11 10:47:59
Аккумулятор для наушников Apple Airpods Pro CP1154 A3HOC (комплект 2 шт.),700 ₽,570 ₽,/catalog/akkumulyatory-dlya-mobilnykh-ustroystv/akkumulyator-dlya-naushnikov-apple-airpods-pro-cp1154-a3hoc-komplekt-2-sht-/,2026-09-11 10:47:59
Аккумулятор для Nokia 303/603/610/710 (BP-3L),300 ₽,220 ₽,/catalog/akkumulyatory-dlya-mobilnykh-ustroystv/akkumulyator-dlya-nokia-303-603-610-710-bp-3l/,2026-09-11 10:47:59
Аккумулятор для OPPO A96 (BLP885),800 ₽,670 ₽,/catalog/akkumulyatory-dlya-mobilnykh-ustroystv/akkumulyator-dlya-oppo-a96-blp885/,2026-09-11 10:47:59
Аккумулятор для Huawei P50 Pro (HB536479ECW),750 ₽,600 ₽,/catalog/akkumulyatory-dlya-mobilnykh-ustroystv/akkumulyator-dlya-huawei-p50-pro-hb536479ecw/,2026-09-11 10:47:59
Аккумулятор для ZTE Blade A31/A31 Plus (Li3830T43P8h486375),300 ₽,220 ₽,/catalog/akkumulyatory-dlya-mobilnykh-ustroystv/akkumulyator-dlya-zte-blade-a31-a31-plus-li3830t43p8h486375/,2026-09-11 10:47:59
Аккумулятор для Motorola Moto G30/G20/E7 Plus/G9 Play/G7 Power/E7 Power (JK50),700 ₽,570 ₽,/catalog/akkumulyatory-dlya-mobilnykh-ustroystv/akkumulyator-dlya-motorola-moto-g30-g20-e7-plus-g9-play-g7-power-e7-power-jk50/,2026-09-11 10:47:59
Аккумулятор для Infinix Note 12 VIP (BL-44FX),1200 ₽,995 ₽,/catalog/akkumulyatory-dlya-mobilnykh-ustroystv/akkumulyator-dlya-infinix-note-12-vip-bl-44fx/,2026-09-11 10:47:59
Аккумулятор для Huawei Nova 2 Plus/2i/2s/3i/P30 Lite/Honor 20S/7X/Mate 10 Lite (HB356687ECW) - JCID,800 ₽,645 ₽,/catalog/akkumulyatory-dlya-mobilnykh-ustroystv/akkumulyator-dlya-huawei-nova-2-plus-2i-2s-3i-p30-lite-honor-20s-7x-mate-10-lite-hb356687ecw-jcid/,2026-09-11 10:47:59
Аккумулятор для Philips E570 (AB3160AWMT),400 ₽,340 ₽,/catalog/akkumulyatory-dlya-mobilnykh-ustroystv/akkumulyator-dlya-philips-e570-ab3160awmt/,2026-09-11 10:47:59
"Аккумулятор для Samsung Galaxy Tab A 9.7"" Wi-Fi (T550)/Tab A 9.7"" LTE (T555) (EB-BT550ABE)",1000 ₽,825 ₽,/catalog/akkumulyatory-dlya-mobilnykh-ustroystv/akkumulyator-dlya-samsung-galaxy-tab-a-9-7-wi-fi-t550-tab-a-9-7-lte-t555-eb-bt550abe/,2026-09-11 10:47:59
Аккумулятор для Samsung Galaxy Watch 2 Active 40 мм (EB-BR830ABY),350 ₽,270 ₽,/catalog/akkumulyatory-dlya-mobilnykh-ustroystv/akkumulyator-dlya-samsung-galaxy-watch-2-active-40-mm-eb-br830aby/,2026-09-11 10:47:59
Аккумулятор для Nokia G21 (WT341),700 ₽,570 ₽,/catalog/akkumulyatory-dlya-mobilnykh-ustroystv/akkumulyator-dlya-nokia-g21-wt341/,2026-09-11 10:47:59
"Аккумуляторные батарейки ""AAA"" VariCore Li-ion 1.5V 600 mAh (2 шт, перезаряжаемые, зарядка через Type-C)",550 ₽,445 ₽,/catalog/akkumulyatory-bytovye/akkumulyatornye-batareyki-aaa-varicore-li-ion-1-5v-600-mah-2-sht-perezaryazhaemye-zaryadka-cherez-ty/,2026-09-11 10:47:59
Аккумулятор для Huawei Nova Y70/Y70 Plus/Y72/Y72S/Y63 (HB536896EFW),750 ₽,610 ₽,/catalog/akkumulyatory-dlya-mobilnykh-ustroystv/akkumulyator-dlya-huawei-nova-y70-y70-plus-y72-y72s-y63-hb536896efw/,2026-09-11 10:47:59
Аккумулятор для Samsung Galaxy A5 2017 (A520F)/J5 2017 (J530F) (EB-BA520ABE),500 ₽,410 ₽,/catalog/akkumulyatory-dlya-mobilnykh-ustroystv/akkumulyator-dlya-samsung-galaxy-a5-2017-a520f-j5-2017-j530f-eb-ba520abe/,2026-09-11 10:47:59
Аккумулятор для iPhone Xs Max - Pisen,2000 ₽,1680 ₽,/catalog/akkumulyatory-dlya-mobilnykh-ustroystv/akkumulyator-dlya-iphone-xs-max-pisen/,2026-09-11 10:47:59
Аккумулятор для Samsung Galaxy S24 Ultra (S928B) (EB-BS928ABY),800 ₽,670 ₽,/catalog/akkumulyatory-dlya-mobilnykh-ustroystv/akkumulyator-dlya-samsung-galaxy-s24-ultra-s928b-eb-bs928aby/,2026-09-11 10:47:59
Аккумулятор для Samsung Galaxy A40 (A405F) (EB-BA405ABE),500 ₽,410 ₽,/catalog/akkumulyatory-dlya-mobilnykh-ustroystv/akkumulyator-dlya-samsung-galaxy-a40-a405f-eb-ba405abe/,2026-09-11 10:47:59
"Аккумулятор для Lenovo Tab P11/P11 5G/P11 Plus/M10 Plus Gen 3 10.6""/Lenovo Xiaoxin Pad 10.61"" (2022) TB-J606F/TB-J606L/TB-J607Z/TB-J616F/TB-J616X/TB-128FU/TB-128XU/TB-125FU (L20D2P32)",1200 ₽,995 ₽,/catalog/akkumulyatory-dlya-mobilnykh-ustroystv/akkumulyator-dlya-lenovo-tab-p11-p11-5g-p11-plus-m10-plus-gen-3-10-6-lenovo-xiaoxin-pad-10-61-2022-t/,2026-09-11 10:47:59
Аккумулятор для Lenovo A2010/A1000/A1010/A2016 (BL253),250 ₽,185 ₽,/catalog/akkumulyatory-dlya-mobilnykh-ustroystv/akkumulyator-dlya-lenovo-a2010-a1000-a1010-a2016-bl253/,2026-09-11 10:47:59
Аккумулятор для Samsung Galaxy J7 2016 (J710F) (EB-BJ710CBE),400 ₽,315 ₽,/catalog/akkumulyatory-dlya-mobilnykh-ustroystv/akkumulyator-dlya-samsung-galaxy-j7-2016-j710f-eb-bj710cbe/,2026-09-11 10:47:59
Аккумулятор для Xiaomi Redmi 5 Plus (BN44),600 ₽,490 ₽,/catalog/akkumulyatory-dlya-mobilnykh-ustroystv/akkumulyator-dlya-xiaomi-redmi-5-plus-bn44/,2026-09-11 10:47:59
Аккумулятор для Samsung Galaxy A80 (A805F) (EB-BA905ABU),650 ₽,525 ₽,/catalog/akkumulyatory-dlya-mobilnykh-ustroystv/akkumulyator-dlya-samsung-galaxy-a80-a805f-eb-ba905abu/,2026-09-11 10:47:59
"Аккумулятор универсальный 103040p 3,7v Li-Pol 1200 mAh (10*30*40 mm)",250 ₽,175 ₽,/catalog/akkumulyatory-universalnye/akkumulyator-universalnyy-103040p-3-7v-li-pol-1200-mah-10-30-40-mm/,2026-09-11 10:47:59
Аккумулятор для Samsung Galaxy Z Flip4 (F721B) (EB-BF724ABY) (верхняя),600 ₽,490 ₽,/catalog/akkumulyatory-dlya-mobilnykh-ustroystv/akkumulyator-dlya-samsung-galaxy-z-flip4-f721b-eb-bf724aby-verkhnyaya/,2026-09-11 10:47:59
Аккумулятор для Xiaomi Redmi 6/6A (BN37) - JCID,700 ₽,570 ₽,/catalog/akkumulyatory-dlya-mobilnykh-ustroystv/akkumulyator-dlya-xiaomi-redmi-6-6a-bn37-jcid/,2026-09-11 10:47:59
Аккумулятор для Alcatel OT-4007D/OT-4009D/OT-4014D/OT-4015D/OT-4018D/OT-4032D (CAB31P0000C1),250 ₽,185 ₽,/catalog/akkumulyatory-dlya-mobilnykh-ustroystv/akkumulyator-dlya-alcatel-ot-4007d-ot-4009d-ot-4014d-ot-4015d-ot-4018d-ot-4032d-cab31p0000c1/,2026-09-11 10:47:59
"Аккумулятор для Huawei MatePad 2022 10.4"" (HB26D8C8ECW-12)",1100 ₽,895 ₽,/catalog/akkumulyatory-dlya-mobilnykh-ustroystv/akkumulyator-dlya-huawei-matepad-2022-10-4-hb26d8c8ecw-12/,2026-09-11 10:47:59
Аккумулятор для Alcatel OT-5033D (TLi019D7),300 ₽,220 ₽,/catalog/akkumulyatory-dlya-mobilnykh-ustroystv/akkumulyator-dlya-alcatel-ot-5033d-tli019d7/,2026-09-11 10:47:59
Аккумулятор для Huawei E5573 Wi-Fi роутер (HB434666RBC),350 ₽,280 ₽,/catalog/akkumulyatory-dlya-mobilnykh-ustroystv/akkumulyator-dlya-huawei-e5573-wi-fi-router-hb434666rbc/,2026-09-11 10:47:59
Аккумулятор для Realme 7/Narzo 30 4G (BLP807),700 ₽,590 ₽,/catalog/akkumulyatory-dlya-mobilnykh-ustroystv/akkumulyator-dlya-realme-7-narzo-30-4g-blp807/,2026-09-11 10:47:59
Аккумулятор для Asus ROG Phone 6/6 Pro/7/7 Ultimate (AI2201 C21P2101),1600 ₽,1300 ₽,/catalog/akkumulyatory-dlya-mobilnykh-ustroystv/akkumulyator-dlya-asus-rog-phone-6-6-pro-7-7-ultimate-ai2201-c21p2101/,2026-09-11 10:47:59
Аккумулятор для Itel A49/A27 (BL-38CI),400 ₽,340 ₽,/catalog/akkumulyatory-dlya-mobilnykh-ustroystv/akkumulyator-dlya-itel-a49-a27-bl-38ci/,2026-09-11 10:47:59
Аккумулятор для Realme 9 5G (BLP909),800 ₽,645 ₽,/catalog/akkumulyatory-dlya-mobilnykh-ustroystv/akkumulyator-dlya-realme-9-5g-blp909/,2026-09-11 10:47:59
"Аккумулятор для Xiaomi Pad 6 11"" (BP4N)",1400 ₽,1160 ₽,/catalog/akkumulyatory-dlya-mobilnykh-ustroystv/akkumulyator-dlya-xiaomi-pad-6-11-bp4n/,2026-09-11 10:47:59
Аккумулятор для Google Pixel 8 Pro (GUKD8),850 ₽,705 ₽,/catalog/akkumulyatory-dlya-mobilnykh-ustroystv/akkumulyator-dlya-google-pixel-8-pro-gukd8/,2026-09-11 10:47:59
Аккумулятор для электроинструмента MR-710 12V 2000 mAh Li-Ion (Универсальная),800 ₽,670 ₽,/catalog/akkumulyatory-universalnye/akkumulyator-dlya-elektroinstrumenta-mr-710-12v-2000-mah-li-ion-universalnaya/,2026-09-11 10:47:59
"Аккумулятор для Samsung Galaxy Tab S 10.5"" Wi-Fi (T800)/Tab S 10.5"" 3G (T801)/Tab S 10.5"" LTE (T805) (EB-BT800FBE)",1000 ₽,850 ₽,/catalog/akkumulyatory-dlya-mobilnykh-ustroystv/akkumulyator-dlya-samsung-galaxy-tab-s-10-5-wi-fi-t800-tab-s-10-5-3g-t801-tab-s-10-5-lte-t805-eb-bt8/,2026-09-11 10:47:59
Аккумулятор для электроинструмента EB1220BL 12V 2000 mAh Ni-Mh (Hitachi тип),2000 ₽,1680 ₽,/catalog/akkumulyatory-universalnye/akkumulyator-dlya-elektroinstrumenta-eb1220bl-12v-2000-mah-ni-mh-hitachi-tip/,2026-09-11 10:47:59
"Аккумулятор для электроинструмента X0030 16,8V 2000 mAh Li-Ion (Profipower тип)",1400 ₽,1180 ₽,/catalog/akkumulyatory-universalnye/akkumulyator-dlya-elektroinstrumenta-x0030-16-8v-2000-mah-li-ion-profipower-tip/,2026-09-11 10:47:59
"Сетевое зарядное устройство для аккумуляторов 18-21V, 2А (Makita тип)",800 ₽,655 ₽,/catalog/akkumulyatory-universalnye/setevoe-zaryadnoe-ustroystvo-dlya-akkumulyatorov-18-21v-2a-makita-tip/,2026-09-11 10:47:59
Аккумулятор для Huawei Mate 50 (HB506781EGW),850 ₽,725 ₽,/catalog/akkumulyatory-dlya-mobilnykh-ustroystv/akkumulyator-dlya-huawei-mate-50-hb506781egw/,2026-09-11 10:47:59
Аккумулятор для электроинструмента M12 12V 3000 mAh Li-Ion (Milwaukee 48-11-2401),1400 ₽,1160 ₽,/catalog/akkumulyatory-universalnye/akkumulyator-dlya-elektroinstrumenta-m12-12v-3000-mah-li-ion-milwaukee-48-11-2401/,2026-09-11 10:47:59
Аккумулятор для JBL Flip 3 (CS-JMF300SL),550 ₽,455 ₽,/catalog/akkumulyatory-dlya-mobilnykh-ustroystv/akkumulyator-dlya-jbl-flip-3-cs-jmf300sl/,2026-09-11 10:47:59
"Аккумулятор для Huawei MediaPad M3 Lite 10"" (HB26A5I0EBC)",900 ₽,735 ₽,/catalog/akkumulyatory-dlya-mobilnykh-ustroystv/akkumulyator-dlya-huawei-mediapad-m3-lite-10-hb26a5i0ebc/,2026-09-11 10:47:59
Аккумулятор для Apple Watch Ultra 1 49 мм (A2749),2000 ₽,1660 ₽,/catalog/akkumulyatory-dlya-mobilnykh-ustroystv/akkumulyator-dlya-apple-watch-ultra-1-49-mm-a2749/,2026-09-11 10:47:59
Аккумулятор для TCL 20 SE/30 SE (TLp048A7),750 ₽,600 ₽,/catalog/akkumulyatory-dlya-mobilnykh-ustroystv/akkumulyator-dlya-tcl-20-se-30-se-tlp048a7/,2026-09-11 10:47:59
Аккумулятор для Nokia C01 Plus (WT140),500 ₽,395 ₽,/catalog/akkumulyatory-dlya-mobilnykh-ustroystv/akkumulyator-dlya-nokia-c01-plus-wt140/,2026-09-11 10:47:59
"Аккумулятор для Samsung Galaxy Tab Pro 10.1"" T520/T525/P600/P601/P605 (T8220E)",1000 ₽,840 ₽,/catalog/akkumulyatory-dlya-mobilnykh-ustroystv/akkumulyator-dlya-samsung-galaxy-tab-pro-10-1-t520-t525-p600-p601-p605-t8220e/,2026-09-11 10:47:59
Аккумулятор для Vertex Impress Luck,295 ₽,255 ₽,/catalog/akkumulyatory-dlya-mobilnykh-ustroystv/akkumulyator-dlya-vertex-impress-luck/,2026-09-11 10:47:59
