name,price,wholesale,link,dataparser
Дисплей для iPhone 11 (A2221) в сборе с тачскрином Черный - OR (Заменено стекло и тач),2100 ₽,1770 ₽,/catalog/displei/displey-dlya-iphone-11-a2221-v-sbore-s-tachskrinom-chernyy-or-zameneno-steklo-i-tach/,2026-09-10 10:49:45
"Дисплей для Realme Note 60/60x (RMX3933/RMX3938) в сборе с тачскрином Черный - OR (HD+, 300 Кд/м², 90 Гц)",950 ₽,790 ₽,/catalog/displei/displey-dlya-realme-note-60-60x-rmx3933-rmx3938-v-sbore-s-tachskrinom-chernyy-or/,2026-09-10 10:49:45
Дисплей для iPhone 11 (A2221) в сборе с тачскрином Черный - GX (площадка под IC),1400 ₽,1150 ₽,/catalog/displei/displey-dlya-iphone-11-a2221-v-sbore-s-tachskrinom-chernyy-gx-ploshchadka-pod-ic/,2026-09-10 10:49:45
"Дисплей для Tecno Pova 6 Neo (LI6) в сборе с тачскрином Черный - OR (Full HD, 300 Кд/м², 120 Гц)",1000 ₽,850 ₽,/catalog/displei/displey-dlya-tecno-pova-6-neo-li6-v-sbore-s-tachskrinom-chernyy-or-full-hd-300-kd-m-120-gts/,2026-09-10 10:49:45
"Дисплей для Huawei Honor 10 Lite/10i/20e (HRY-LX1/HRY-LX1T) в сборе с тачскрином Черный - OR (Full HD, 300 Кд/м², 60 Гц)",1100 ₽,940 ₽,/catalog/displei/displey-dlya-huawei-honor-10-lite-10i-20e-hry-lx1-hry-lx1t-v-sbore-s-tachskrinom-chernyy-or-full-hd-/,2026-09-10 10:49:45
"Дисплей для Xiaomi Redmi 14C/A3 Pro/Poco C75 (2411DRN47C/2410FPCC5G) в сборе с тачскрином Черный - OR (HD+, 300 Кд/м², 120 Гц)",900 ₽,750 ₽,/catalog/displei/displey-dlya-xiaomi-redmi-14c-poco-c75-2411drn47c-2410fpcc5g-v-sbore-s-tachskrinom-chernyy-or-hd-300/,2026-09-10 10:49:45
"Дисплей для Huawei P Smart Z/Y9s/Y9 Prime 2019/Honor 9X (STK-LX1/STK-L21) в сборе с тачскрином Черный - OR (Full HD, 300 Кд/м², 60 Гц)",1100 ₽,890 ₽,/catalog/displei/displey-dlya-huawei-p-smart-z-y9s-y9-prime-2019-honor-9x-stk-lx1-st-105de625a70a11eab7371c98ec116e4b/,2026-09-10 10:49:45
"Дисплей для Realme Note 50 (RMX3834) в сборе с тачскрином Черный - OR (HD+, 300 Кд/м², 90 Гц)",950 ₽,790 ₽,/catalog/displei/displey-dlya-realme-note-50-rmx3834-v-sbore-s-tachskrinom-chernyy-or-hd-300-kd-m-90-gts/,2026-09-10 10:49:45
Дисплей для iPhone 11 (A2221) в сборе с тачскрином Черный - Премиум (площадка под IC),1400 ₽,1180 ₽,/catalog/displei/displey-dlya-iphone-11-a2221-v-sbore-s-tachskrinom-chernyy-premium-ploshchadka-pod-ic/,2026-09-10 10:49:45
"Дисплей для Huawei Honor X7c (ALT-LX1) модуль с рамкой Черный - OR (HD+, 300 Кд/м², 120 Гц)",1300 ₽,1080 ₽,/catalog/displei/displey-dlya-huawei-honor-x7c-alt-lx1-modul-s-ramkoy-chernyy-or-hd-300-kd-m-120-gts/,2026-09-10 10:49:45
"Дисплей для Xiaomi Redmi A5/Poco C71 (25028RN03A/25028PC03G) в сборе с тачскрином Черный - OR (HD+, 300 Кд/м², 120 Гц)",950 ₽,780 ₽,/catalog/displei/displey-dlya-xiaomi-redmi-a5-poco-c71-25028rn03a-25028pc03g-v-sbore-s-tachskrinom-chernyy-or/,2026-09-10 10:49:45
"Дисплей для Realme Note 60/60x (RMX3933/RMX3938) модуль с рамкой Черный - OR (HD+, 300 Кд/м², 90 Гц)",1200 ₽,1020 ₽,/catalog/displei/displey-dlya-realme-note-60-60x-rmx3933-rmx3938-modul-s-ramkoy-chernyy-or/,2026-09-10 10:49:45
"Дисплей для Huawei Honor 20 Pro/20/Nova 5T (YAL-L21/YAL-L41/Yale-L71A) в сборе с тачскрином Черный - OR (Full HD, 300 Кд/м², 60 Гц)",1200 ₽,980 ₽,/catalog/displei/displey-dlya-huawei-honor-20-pro-20-nova-5t-yal-l21-yal-l41-yale-l71a-v-sbore-s-tachskrinom-chernyy-/,2026-09-10 10:49:45
"Дисплей для Infinix Note 30 4G (X6833B/X6716B) в сборе с тачскрином Черный - OR (HD+, 300 Кд/м², 120 Гц)",900 ₽,730 ₽,/catalog/displei/displey-dlya-infinix-note-30-4g-x6833b-x6716b-v-sbore-s-tachskrinom-chernyy-or-hd-300-kd-m-120-gts/,2026-09-10 10:49:45
"Дисплей для Xiaomi Redmi 12 4G (23053RN02Y) в сборе с тачскрином Черный - OR (Full HD, 300 Кд/м², 90 Гц)",900 ₽,760 ₽,/catalog/displei/displey-dlya-xiaomi-redmi-12-4g-23053rn02y-v-sbore-s-tachskrinom-chernyy-or-full-hd-300-kd-m-90-gts/,2026-09-10 10:49:45
"Дисплей для Realme Note 50 (RMX3834) модуль с рамкой Черный - OR (HD+, 300 Кд/м², 90 Гц)",1200 ₽,990 ₽,/catalog/displei/displey-dlya-realme-note-50-rmx3834-modul-s-ramkoy-chernyy-or-hd-300-kd-m-90-gts/,2026-09-10 10:49:45
"Дисплей для Tecno Pova 5 (LH7n) в сборе с тачскрином Черный - OR (Full HD, 300 Кд/м², 120 Гц)",950 ₽,790 ₽,/catalog/displei/displey-dlya-tecno-pova-5-lh7n-v-sbore-s-tachskrinom-chernyy-or-full-hd-300-kd-m-120-gts/,2026-09-10 10:49:45
Дисплей для iPhone 11 (A2221) в сборе с тачскрином Черный - Стандарт,950 ₽,780 ₽,/catalog/displei/displey-dlya-iphone-11-a2221-v-sbore-s-tachskrinom-chernyy-standart/,2026-09-10 10:49:45
"Дисплей для Xiaomi Redmi 15C 4G/Poco C85 4G (25078RA3EY/25078PC3EG) в сборе с тачскрином Черный - OR (HD+, 300 Кд/м², 120 Гц)",800 ₽,680 ₽,/catalog/displei/displey-dlya-xiaomi-redmi-15c-4g-poco-c85-4g-25078ra3ey-25078pc3eg-v-sbore-s-tachskrinom-chernyy-or-/,2026-09-10 10:49:45
Дисплей для Samsung Galaxy A51 (A515F) модуль с рамкой Черный - (OLED) (Full Size),2400 ₽,2040 ₽,/catalog/displei/displey-dlya-samsung-galaxy-a51-a515f-modul-s-ramkoy-chernyy-oled-full-size/,2026-09-10 10:49:45
"Дисплей для Xiaomi Poco M3/Redmi 9T (M2010J19CG/M2010J19SY) в сборе с тачскрином Черный - OR (Full HD, 300 Кд/м², 60 Гц)",800 ₽,650 ₽,/catalog/displei/displey-dlya-xiaomi-poco-m3-redmi-9t-m2010j19cg-m2010j19sy-v-sbore-s-tachskrinom-chernyy-or-full-hd-/,2026-09-10 10:49:45
"Дисплей для iPhone 12/12 Pro (A2403/A2407) в сборе с тачскрином Черный - (Hard OLED, Full HD) (площадка под IC)",2900 ₽,2470 ₽,/catalog/displei/displey-dlya-iphone-12-12-pro-a2403-a2407-v-sbore-s-tachskrinom-chernyy-hard-oled-full-hd-ploshchadk/,2026-09-10 10:49:45
"Дисплей для iPhone 15 Pro (A3102) в сборе с тачскрином Черный - (Soft OLED, Full HD, 120 Гц) (площадка под IC)",4800 ₽,4020 ₽,/catalog/displei/displey-dlya-iphone-15-pro-a3102-v-sbore-s-tachskrinom-chernyy-soft-oled-full-hd-120-gts-ploshchadka/,2026-09-10 10:49:45
"Дисплей для Xiaomi Redmi 14C/A3 Pro/Poco C75 (2411DRN47C/2410FPCC5G) модуль с рамкой Черный - OR (HD+, 300 Кд/м², 120 Гц)",1300 ₽,1030 ₽,/catalog/displei/displey-dlya-xiaomi-redmi-14c-poco-c75-2411drn47c-2410fpcc5g-modul-s-ramkoy-chernyy-or-hd-300-kd-m-1/,2026-09-10 10:49:45
"Дисплей для Xiaomi Redmi 13C 4G (23100RN82L/23108RN04Y) в сборе с тачскрином Черный - OR (HD+, 300 Кд/м², 90 Гц)",850 ₽,720 ₽,/catalog/displei/displey-dlya-xiaomi-redmi-13c-4g-23100rn82l-v-sbore-s-tachskrinom-chernyy-or-hd-300-kd-m-90-gts/,2026-09-10 10:49:45
"Дисплей для Xiaomi Redmi 10C (220333QNY) в сборе с тачскрином Черный - OR (HD+, 300 Кд/м², 60 Гц)",850 ₽,720 ₽,/catalog/displei/displey-dlya-xiaomi-redmi-10c-220333qny-v-sbore-s-tachskrinom-chernyy-or-hd-300-kd-m-60-gts/,2026-09-10 10:49:45
"Дисплей для Xiaomi Redmi 9A/9C/10A (M2006C3MNG/220233L2G/M2006C3LG) в сборе с тачскрином Черный - OR (HD+, 300 Кд/м², 60 Гц)",850 ₽,720 ₽,/catalog/displei/displey-dlya-xiaomi-redmi-9a-9c-10a-m2006c3mng-220233l2g-m2006c3lg-v-sbore-s-tachskrinom-chernyy-or-/,2026-09-10 10:49:45
"Дисплей для Samsung Galaxy A12 (A125F) в сборе с тачскрином Черный - OR (HD+, 300 Кд/м², 60 Гц)",900 ₽,740 ₽,/catalog/displei/displey-dlya-samsung-galaxy-a12-a125f-v-sbore-s-tachskrinom-chernyy-or/,2026-09-10 10:49:45
"Дисплей для Huawei Honor X6c (NIC-LX1/NIC-LX2/NIC-LX3) в сборе с тачскрином Черный - OR (HD+, 300 Кд/м², 120 Гц)",900 ₽,750 ₽,/catalog/displei/displey-dlya-huawei-honor-x6c-nic-lx1-nic-lx2-nic-lx3-v-sbore-s-tachskrinom-chernyy-or-hd-300-kd-m-1/,2026-09-10 10:49:45
"Дисплей для Tecno Pova 7 Neo/7 4G (LJ6) в сборе с тачскрином Черный - OR (Full HD, 300 Кд/м², 120 Гц)",900 ₽,750 ₽,/catalog/displei/displey-dlya-tecno-pova-7-neo-lj6-v-sbore-s-tachskrinom-chernyy-or/,2026-09-10 10:49:45
Дисплей для Samsung Galaxy A16 4G (A165F) модуль с рамкой Черный - OR (SP),5100 ₽,4290 ₽,/catalog/displei/displey-dlya-samsung-galaxy-a16-4g-a165f-modul-s-ramkoy-chernyy-or-sp/,2026-09-10 10:49:45
"Дисплей для Xiaomi Redmi A3/Poco C61 (23129RN51X/2312BPC51X) в сборе с тачскрином Черный - OR (HD+, 300 Кд/м², 90 Гц)",900 ₽,760 ₽,/catalog/displei/displey-dlya-xiaomi-redmi-a3-poco-c61-23129rn51x-2312bpc51x-v-sbore-s-tachskrinom-chernyy-or-hd-300-/,2026-09-10 10:49:45
"Дисплей для Tecno Spark 20 Pro (KJ6) в сборе с тачскрином Черный - OR (Full HD, 300 Кд/м², 120 Гц)",1000 ₽,830 ₽,/catalog/displei/displey-dlya-tecno-spark-20-pro-kj6-v-sbore-s-tachskrinom-chernyy-or-full-hd-300-kd-m-120-gts/,2026-09-10 10:49:45
"Дисплей для Huawei P30 Lite/Honor 20S/20 Lite (MAR-LX1M/MAR-LX1H) в сборе с тачскрином Черный - OR (Full HD, 300 Кд/м², 60 Гц)",1100 ₽,920 ₽,/catalog/displei/displey-dlya-huawei-p30-lite-honor-20s-20-lite-mar-lx1m-mar-lx1h-v-sbore-s-tachskrinom-chernyy-or/,2026-09-10 10:49:45
Дисплей для iPhone Xr (A2105) в сборе с тачскрином Черный - GX,1300 ₽,1090 ₽,/catalog/displei/displey-dlya-iphone-xr-a2105-v-sbore-s-tachskrinom-chernyy-gx/,2026-09-10 10:49:45
"Дисплей для Realme C61 (RMX3930) в сборе с тачскрином Черный - OR (HD+, 300 Кд/м², 90 Гц)",900 ₽,760 ₽,/catalog/displei/displey-dlya-realme-c61-rmx3930-v-sbore-s-tachskrinom-chernyy-or-hd-300-kd-m-90-gts/,2026-09-10 10:49:45
"Дисплей для Tecno Spark Go 1 (KL4) модуль с рамкой Черный - OR (HD+, 300 Кд/м², 120 Гц)",1200 ₽,990 ₽,/catalog/displei/displey-dlya-tecno-spark-go-1-kl4-modul-s-ramkoy-chernyy-or-hd-300-kd-m-120-gts/,2026-09-10 10:49:45
"Дисплей для Xiaomi Redmi 12 4G (23053RN02Y) модуль с рамкой Черный - OR (Full HD, 300 Кд/м², 90 Гц)",1400 ₽,1180 ₽,/catalog/displei/displey-dlya-xiaomi-redmi-12-4g-23053rn02y-modul-s-ramkoy-chernyy-or-full-hd-300-kd-m-90-gts/,2026-09-10 10:49:45
"Дисплей для Tecno Spark 10 4G/10C (KI5q/Kl5m) в сборе с тачскрином Черный - OR (HD+, 300 Кд/м², 90 Гц)",900 ₽,760 ₽,/catalog/displei/displey-dlya-tecno-spark-10-4g-10c-ki5q-kl5m-v-sbore-s-tachskrinom-chernyy-or-hd-300-kd-m-90-gts/,2026-09-10 10:49:45
"Дисплей для Realme C53/C51 (RMX3760/RMX3830) в сборе с тачскрином Черный - OR (HD+, 300 Кд/м², 90 Гц)",950 ₽,770 ₽,/catalog/displei/displey-dlya-realme-c53-c51-rmx3760-rmx3830-v-sbore-s-tachskrinom-chernyy-or/,2026-09-10 10:49:45
Дисплей для iPhone 12/12 Pro (A2403/A2407) в сборе с тачскрином Черный - (In-Cell) Стандарт,1100 ₽,880 ₽,/catalog/displei/displey-dlya-iphone-12-12-pro-a2403-a2407-v-sbore-s-tachskrinom-chernyy-in-cell-standart/,2026-09-10 10:49:45
"Дисплей для Tecno Spark Go 2024 (BG6) в сборе с тачскрином Черный - OR (HD+, 300 Кд/м², 90 Гц)",800 ₽,670 ₽,/catalog/displei/displey-dlya-tecno-spark-go-2024-bg6-v-sbore-s-tachskrinom-chernyy-or-hd-300-kd-m-90-gts/,2026-09-10 10:49:45
"Дисплей для iPhone 14 Pro Max (A2895) в сборе с тачскрином Черный - (Soft OLED, Full HD, 120 Гц) (площадка под IC)",4400 ₽,3690 ₽,/catalog/displei/displey-dlya-iphone-14-pro-max-a2895-v-sbore-s-tachskrinom-chernyy-soft-oled-full-hd-120-gts-ploshch/,2026-09-10 10:49:45
"Дисплей для Huawei Honor 8X/9X Lite (JSN-L21) в сборе с тачскрином Черный - OR (Full HD, 300 Кд/м², 60 Гц)",1100 ₽,890 ₽,/catalog/displei/displey-dlya-huawei-honor-8x-9x-lite-jsn-l21-v-sbore-s-tachskrinom-chernyy-or-full-hd-300-kd-m-60-gts/,2026-09-10 10:49:45
"Дисплей для Tecno Pova 5 (LH7n) модуль с рамкой Черный - OR (Full HD, 300 Кд/м², 120 Гц)",1300 ₽,1050 ₽,/catalog/displei/displey-dlya-tecno-pova-5-lh7n-modul-s-ramkoy-chernyy-or-full-hd-300-kd-m-120-gts/,2026-09-10 10:49:45
"Дисплей для Xiaomi Redmi A5/Poco C71 (25028RN03A/25028PC03G) модуль с рамкой Черный - OR (HD+, 300 Кд/м², 120 Гц)",1100 ₽,880 ₽,/catalog/displei/displey-dlya-xiaomi-redmi-a5-poco-c71-25028rn03a-25028pc03g-modul-s-ramkoy-chernyy-or/,2026-09-10 10:49:45
Дисплей для Xiaomi Redmi Note 12 4G (23021RAA2Y) модуль с рамкой Черный - (OLED),2600 ₽,2190 ₽,/catalog/displei/displey-dlya-xiaomi-redmi-note-12-4g-23021raa2y-modul-s-ramkoy-chernyy-oled/,2026-09-10 10:49:45
"Дисплей для Realme C61 (RMX3930) модуль с рамкой Черный - OR (HD+, 300 Кд/м², 90 Гц)",1100 ₽,890 ₽,/catalog/displei/displey-dlya-realme-c61-rmx3930-modul-s-ramkoy-chernyy-or-hd-300-kd-m-90-gts/,2026-09-10 10:49:45
Дисплей для Samsung Galaxy A32 4G (A325F) модуль с рамкой Черный - (OLED),2300 ₽,1930 ₽,/catalog/displei/displey-dlya-samsung-galaxy-a32-4g-a325f-modul-s-ramkoy-chernyy-oled/,2026-09-10 10:49:45
Дисплей для Xiaomi Redmi Note 10/10S/Poco M5s (M2101K7AG/M2101K7BNY/M2102K7AG/2207117BPG) в сборе с тачскрином Черный - (OLED),2400 ₽,1990 ₽,/catalog/displei/displey-dlya-xiaomi-redmi-note-10-10s-poco-m5s-m2101k7ag-m2101k7bny-198e654d982711ebb7b2000c294520cf/,2026-09-10 10:49:45
"Дисплей для Huawei Honor X8a 4G/90 Lite (CRT-LX1/CRT-NX1) модуль с рамкой Черный - OR (Full HD, 300 Кд/м², 90 Гц)",1700 ₽,1370 ₽,/catalog/displei/displey-dlya-huawei-honor-x8a-4g-90-lite-crt-lx1-crt-nx1-modul-s-ramkoy-chernyy-or-full-hd-300-kd-m-/,2026-09-10 10:49:45
"Дисплей для Xiaomi Redmi 10C (220333QNY) модуль с рамкой Черный - OR (HD+, 300 Кд/м², 60 Гц)",1100 ₽,890 ₽,/catalog/displei/displey-dlya-xiaomi-redmi-10c-220333qny-modul-s-ramkoy-chernyy-or-hd-300-kd-m-60-gts/,2026-09-10 10:49:45
"Дисплей для Realme C71/P3 Lite 4G (RMX5303/RMX5300) в сборе с тачскрином Черный - OR (HD+, 300 Кд/м², 120 Гц)",850 ₽,720 ₽,/catalog/displei/displey-dlya-realme-c71-p3-lite-4g-rmx5303-rmx5300-v-sbore-s-tachskrinom-chernyy-or/,2026-09-10 10:49:45
"Дисплей для Huawei Nova Y72S/Y63 (GFY-LX1) в сборе с тачскрином Черный - OR (HD+, 300 Кд/м², 60 Гц)",850 ₽,690 ₽,/catalog/displei/displey-dlya-huawei-nova-y72s-y63-gfy-lx1-v-sbore-s-tachskrinom-chernyy-or-hd-300-kd-m-60-gts/,2026-09-10 10:49:45
Дисплей для Xiaomi Redmi Note 13 4G/14 4G/5G (23129RAA4G/23124RA7EO/23129RA5FL/24117RN76O/24117RN76G/24094RAD4G) в сборе с тачскрином Черный - (OLED),2400 ₽,1990 ₽,/catalog/displei/displey-dlya-xiaomi-redmi-note-13-4g-14-4g-5g-23129raa4g-23124ra7eo-2c8d5df6cbab11eeb31f00155d59fe46/,2026-09-10 10:49:45
Дисплей для Xiaomi Redmi Note 10/10S/Poco M5s (M2101K7AG/M2101K7BNY/M2102K7AG/2207117BPG) модуль с рамкой Черный - (OLED),2900 ₽,2420 ₽,/catalog/displei/displey-dlya-xiaomi-redmi-note-10-10s-poco-m5s-m2101k7ag-m2101k7bny-d3fb43843f5111efb32200155d59fe46/,2026-09-10 10:49:45
"Дисплей для Xiaomi Redmi 13C 4G (23100RN82L) модуль с рамкой Черный - OR (HD+, 300 Кд/м², 90 Гц)",1300 ₽,1050 ₽,/catalog/displei/displey-dlya-xiaomi-redmi-13c-4g-23100rn82l-modul-s-ramkoy-chernyy-or-hd-300-kd-m-90-gts/,2026-09-10 10:49:45
"Дисплей для Tecno Pova 7 Neo (LJ6) модуль с рамкой Черный - OR (Full HD, 300 Кд/м², 120 Гц)",1300 ₽,1090 ₽,/catalog/displei/displey-dlya-tecno-pova-7-neo-lj6-modul-s-ramkoy-chernyy-or/,2026-09-10 10:49:45
"Дисплей для Tecno Spark Go 2/40 4G/40C (KM4/KM5n/KM4k) в сборе с тачскрином Черный - OR (HD+, 300 Кд/м², 120 Гц)",950 ₽,790 ₽,/catalog/displei/displey-dlya-tecno-spark-go-2-40-4g-40c-km4-km5n-km4k-v-sbore-s-tachskrinom-chernyy-or/,2026-09-10 10:49:45
"Дисплей для Xiaomi Redmi 9/9 Prime (M2004J19G) в сборе с тачскрином Черный - OR (Full HD, 300 Кд/м², 60 Гц)",850 ₽,690 ₽,/catalog/displei/displey-dlya-xiaomi-redmi-9-9-prime-m2004j19g-v-sbore-s-tachskrinom-chernyy-or-full-hd-300-kd-m-60-g/,2026-09-10 10:49:45
"Дисплей для Xiaomi Redmi Note 8 Pro (M1906G7T/M1906G7G) в сборе с тачскрином Черный - OR (Full HD, 300 Кд/м², 60 Гц)",1300 ₽,1050 ₽,/catalog/displei/displey-dlya-xiaomi-redmi-note-8-pro-m1906g7t-m1906g7g-v-sbore-s-tachskrinom-chernyy-or/,2026-09-10 10:49:45
"Дисплей для Tecno Pova Neo 2 (LG6n) в сборе с тачскрином Черный - OR (HD+, 300 Кд/м², 90 Гц)",900 ₽,760 ₽,/catalog/displei/displey-dlya-tecno-pova-neo-2-lg6n-v-sbore-s-tachskrinom-chernyy-or-hd-300-kd-m-90-gts/,2026-09-10 10:49:45
Дисплей для iPhone Xr (A2105) в сборе с тачскрином Черный - OR (Заменено стекло и тач),2100 ₽,1770 ₽,/catalog/displei/displey-dlya-iphone-xr-a2105-v-sbore-s-tachskrinom-chernyy-or-zameneno-steklo-i-tach/,2026-09-10 10:49:45
"Дисплей для iPhone 13 (A2635) в сборе с тачскрином Черный - (Hard OLED, Full HD) (площадка под IC)",3100 ₽,2590 ₽,/catalog/displei/displey-dlya-iphone-13-a2635-v-sbore-s-tachskrinom-chernyy-hard-oled-full-hd-ploshchadka-pod-ic/,2026-09-10 10:49:45
Дисплей для iPhone X (A1865/A1901) в сборе с тачскрином Черный - GX (Hard OLED),2100 ₽,1730 ₽,/catalog/displei/displey-dlya-iphone-x-a1865-a1901-v-sbore-s-tachskrinom-chernyy-gx-hard-oled/,2026-09-10 10:49:45
Дисплей для Samsung Galaxy A15 4G/5G (A155F/A156B) модуль с рамкой Черный - OR (SP),4300 ₽,3590 ₽,/catalog/displei/displey-dlya-samsung-galaxy-a15-4g-5g-a155f-a156b-modul-s-ramkoy-chernyy-or-sp/,2026-09-10 10:49:45
Дисплей для iPhone 13 (A2635) в сборе с тачскрином Черный - (In-Cell) Стандарт,1200 ₽,990 ₽,/catalog/displei/displey-dlya-iphone-13-a2635-v-sbore-s-tachskrinom-chernyy-in-cell-standart/,2026-09-10 10:49:45
"Дисплей для Infinix Hot 30i (X669D) модуль с рамкой Черный - OR (HD+, 300 Кд/м², 90 Гц)",1100 ₽,880 ₽,/catalog/displei/displey-dlya-infinix-hot-30i-x669d-modul-s-ramkoy-chernyy-or-hd-300-kd-m-90-gts/,2026-09-10 10:49:45
"Дисплей для Infinix Hot 30i (X669D) в сборе с тачскрином Черный - OR (HD+, 300 Кд/м², 90 Гц)",850 ₽,720 ₽,/catalog/displei/displey-dlya-infinix-hot-30i-x669d-v-sbore-s-tachskrinom-chernyy-or-hd-300-kd-m-90-gts/,2026-09-10 10:49:45
"Дисплей для Xiaomi Poco M6 4G/Redmi 13 4G (2404APC5FG/24040RN64Y) в сборе с тачскрином Черный - OR (HD+, 300 Кд/м², 90 Гц)",1100 ₽,880 ₽,/catalog/displei/displey-dlya-xiaomi-poco-m6-4g-redmi-13-4g-2404apc5fg-24040rn64y-v-sbore-s-tachskrinom-chernyy-or/,2026-09-10 10:49:45
"Дисплей для Samsung Galaxy A13 (A135F/A137F) в сборе с тачскрином Черный - OR (HD+, 300 Кд/м², 60 Гц)",950 ₽,780 ₽,/catalog/displei/displey-dlya-samsung-galaxy-a13-a135f-a137f-v-sbore-s-tachskrinom-chernyy-or/,2026-09-10 10:49:45
"Дисплей для Xiaomi Redmi A3/Poco C61 (23129RN51X/2312BPC51X) модуль с рамкой Черный - OR (HD+, 300 Кд/м², 90 Гц)",1100 ₽,920 ₽,/catalog/displei/displey-dlya-xiaomi-redmi-a3-poco-c61-23129rn51x-2312bpc51x-modul-s-ramkoy-chernyy-or/,2026-09-10 10:49:45
"Дисплей для iPhone 15 Pro Max (A3106) в сборе с тачскрином Черный - (Soft OLED, Full HD, 120 Гц) (площадка под IC)",4600 ₽,3890 ₽,/catalog/displei/displey-dlya-iphone-15-pro-max-a3106-v-sbore-s-tachskrinom-chernyy-soft-oled-full-hd-120-gts-ploshch/,2026-09-10 10:49:45
"Дисплей для iPhone 15 Pro Max (A3106) в сборе с тачскрином Черный - DD (Soft OLED, Full HD, 120 Гц) (площадка под IC)",4700 ₽,3960 ₽,/catalog/displei/displey-dlya-iphone-15-pro-max-a3106-v-sbore-s-tachskrinom-chernyy-dd-soft-oled-full-hd-120-gts-ploshch/,2026-09-10 10:49:45
"Дисплей для Samsung Galaxy A23 (A235F) в сборе с тачскрином Черный - OR (HD+, 300 Кд/м², 90 Гц)",1000 ₽,830 ₽,/catalog/displei/displey-dlya-samsung-galaxy-a23-a235f-v-sbore-s-tachskrinom-chernyy-or/,2026-09-10 10:49:45
"Дисплей для iPhone 14 Pro Max (A2895) в сборе с тачскрином Черный - DD (Soft OLED, Full HD, 120 Гц) (площадка под IC)",4700 ₽,3950 ₽,/catalog/displei/displey-dlya-iphone-14-pro-max-a2895-v-sbore-s-tachskrinom-chernyy-dd-soft-oled-full-hd-120-gts-ploshch/,2026-09-10 10:49:45
"Дисплей для Xiaomi Redmi 15C 4G/Poco C85 4G (25078RA3EY/25078PC3EG) модуль с рамкой Черный - OR (HD+, 300 Кд/м², 120 Гц)",1400 ₽,1140 ₽,/catalog/displei/displey-dlya-xiaomi-redmi-15c-4g-poco-c85-4g-25078ra3ey-25078pc3eg-modul-s-ramkoy-chernyy-or/,2026-09-10 10:49:45
"Дисплей для Tecno Pova 6 Neo (LI6) модуль с рамкой Черный - OR (Full HD, 300 Кд/м², 120 Гц)",1600 ₽,1290 ₽,/catalog/displei/displey-dlya-tecno-pova-6-neo-li6-modul-s-ramkoy-chernyy-or-full-hd-300-kd-m-120-gts/,2026-09-10 10:49:45
Дисплей для Samsung Galaxy A16 4G (A165F) модуль с рамкой Черный - (OLED) (Full Size),3400 ₽,2850 ₽,/catalog/displei/displey-dlya-samsung-galaxy-a16-4g-a165f-modul-s-ramkoy-chernyy-oled-full-size/,2026-09-10 10:49:45
"Дисплей для Samsung Galaxy M12 (M127F) в сборе с тачскрином Черный - OR (HD+, 300 Кд/м², 90 Гц)",850 ₽,720 ₽,/catalog/displei/displey-dlya-samsung-galaxy-m12-m127f-v-sbore-s-tachskrinom-chernyy-or/,2026-09-10 10:49:45
Дисплей для iPhone 12/12 Pro (A2403/A2407) в сборе с тачскрином Черный - GX (Hard OLED) (площадка под IC),3400 ₽,2890 ₽,/catalog/displei/displey-dlya-iphone-12-12-pro-a2403-a2407-v-sbore-s-tachskrinom-chernyy-gx-hard-oled-ploshchadka-pod/,2026-09-10 10:49:45
"Дисплей для Tecno Spark Go 2024 (BG6) модуль с рамкой Черный - OR (HD+, 300 Кд/м², 90 Гц)",1200 ₽,980 ₽,/catalog/displei/displey-dlya-tecno-spark-go-2024-bg6-modul-s-ramkoy-chernyy-or-hd-300-kd-m-90-gts/,2026-09-10 10:49:45
"Дисплей для Samsung Galaxy A12 Nacho (A127F) в сборе с тачскрином Черный - OR (HD+, 300 Кд/м², 60 Гц)",900 ₽,750 ₽,/catalog/displei/displey-dlya-samsung-galaxy-a12-nacho-a127f-v-sbore-s-tachskrinom-chernyy-or/,2026-09-10 10:49:45
"Дисплей для Infinix Note 30 4G (X6833B/X6716B) модуль с рамкой Черный - OR (HD+, 300 Кд/м², 120 Гц)",1300 ₽,1060 ₽,/catalog/displei/displey-dlya-infinix-note-30-4g-x6833b-x6716b-modul-s-ramkoy-chernyy-or-hd-300-kd-m-120-gts/,2026-09-10 10:49:45
Дисплей для Xiaomi Redmi Note 13 4G (23129RAA4G/23124RA7EO/23129RA5FL) модуль с рамкой Черный - (OLED),2900 ₽,2450 ₽,/catalog/displei/displey-dlya-xiaomi-redmi-note-13-4g-23129raa4g-23124ra7eo-23129ra5fl-modul-s-ramkoy-chernyy-oled/,2026-09-10 10:49:45
"Дисплей для Xiaomi Redmi 13C 4G (23100RN82L/23108RN04Y) в сборе с тачскрином Черный - OR100 (HD+, 400 Кд/м², 90 Гц)",1100 ₽,930 ₽,/catalog/displei/displey-dlya-xiaomi-redmi-13c-4g-23100rn82l-23108rn04y-v-sbore-s-tachskrinom-chernyy-or100/,2026-09-10 10:49:45
Дисплей для iPhone 11 Pro (A2215) в сборе с тачскрином Черный - GX (Hard OLED) (площадка под IC),2300 ₽,1950 ₽,/catalog/displei/displey-dlya-iphone-11-pro-a2215-v-sbore-s-tachskrinom-chernyy-gx-hard-oled-ploshchadka-pod-ic/,2026-09-10 10:49:45
Дисплей для iPhone 8/SE (2020)/SE (2022) (A2783/A2296) в сборе с тачскрином Черный - Премиум,1100 ₽,930 ₽,/catalog/displei/displey-dlya-iphone-8-se-2020-se-2022-a2783-a2296-v-sbore-s-tachskrinom-chernyy-premium/,2026-09-10 10:49:45
"Дисплей для Huawei Honor X7b 4G/90 Smart (CLK-LX1/CLK-NX1) модуль с рамкой Черный - OR (Full HD, 300 Кд/м², 60 Гц)",1300 ₽,1080 ₽,/catalog/displei/displey-dlya-huawei-honor-x7b-4g-90-smart-clk-lx1-clk-nx1-modul-s-ramkoy-chernyy-or-full-hd-300-kd-m/,2026-09-10 10:49:45
"Дисплей для Tecno Spark 30C 4G (KL5n) в сборе с тачскрином Черный - OR (HD+, 300 Кд/м², 120 Гц)",850 ₽,720 ₽,/catalog/displei/displey-dlya-tecno-spark-30c-4g-kl5n-v-sbore-s-tachskrinom-chernyy-or-hd-300-kd-m-120-gts/,2026-09-10 10:49:45
Дисплей для Xiaomi Redmi Note 14 4G (24117RN76O/24117RN76G) модуль с рамкой Черный - OR (SP),5400 ₽,4590 ₽,/catalog/displei/displey-dlya-xiaomi-redmi-note-14-4g-24117rn76o-24117rn76g-modul-s-ramkoy-chernyy-or-sp/,2026-09-10 10:49:45
"Дисплей для Tecno Spark 20 (KJ5) в сборе с тачскрином Черный - OR (HD+, 300 Кд/м², 90 Гц)",850 ₽,720 ₽,/catalog/displei/displey-dlya-tecno-spark-20-kj5-v-sbore-s-tachskrinom-chernyy-or/,2026-09-10 10:49:45
"Дисплей для Tecno Spark 30C 4G (KL5n) модуль с рамкой Черный - OR (HD+, 300 Кд/м², 120 Гц)",1300 ₽,1050 ₽,/catalog/displei/displey-dlya-tecno-spark-30c-4g-kl5n-modul-s-ramkoy-chernyy-or-hd-300-kd-m-120-gts/,2026-09-10 10:49:45
"Дисплей для Tecno Pova Neo 3 (LH6n) в сборе с тачскрином Черный - OR (HD+, 300 Кд/м², 90 Гц)",850 ₽,720 ₽,/catalog/displei/displey-dlya-tecno-pova-neo-3-lh6n-v-sbore-s-tachskrinom-chernyy-or-hd-300-kd-m-90-gts/,2026-09-10 10:49:45
"Дисплей для Huawei Nova Y72S/Y63 (GFY-LX1) модуль с рамкой Черный - OR (HD+, 300 Кд/м², 60 Гц)",1300 ₽,1050 ₽,/catalog/displei/displey-dlya-huawei-nova-y72s-y63-gfy-lx1-modul-s-ramkoy-chernyy-or/,2026-09-10 10:49:45
"Дисплей для Xiaomi Redmi 9A/9C/10A (M2006C3MNG/220233L2G/M2006C3LG) модуль с рамкой Черный - OR (HD+, 300 Кд/м², 60 Гц)",1100 ₽,890 ₽,/catalog/displei/displey-dlya-xiaomi-redmi-9a-9c-10a-m2006c3mng-220233l2g-m2006c3lg-modul-s-ramkoy-chernyy-or-hd-300-/,2026-09-10 10:49:45
"Дисплей для Tecno Spark 20C (BG7n) в сборе с тачскрином Черный - OR (HD+, 300 Кд/м², 90 Гц)",850 ₽,690 ₽,/catalog/displei/displey-dlya-tecno-spark-20c-bg7n-v-sbore-s-tachskrinom-chernyy-or/,2026-09-10 10:49:45
Дисплей для Infinix Note 40 Pro 4G/40 Pro+ 5G/Tecno Camon 40 Pro 4G (X6850/X6851B/CM6) в сборе с тачскрином Черный - OR,3500 ₽,2960 ₽,/catalog/displei/displey-dlya-infinix-note-40-pro-4g-40-pro-5g-tecno-camon-40-pro-4g-x6850-x6851b-cm6-v-sbore-s-tachs/,2026-09-10 10:49:45
"Дисплей для Xiaomi Poco M5 (22071219CG) в сборе с тачскрином Черный - OR (Full HD, 300 Кд/м², 90 Гц)",1000 ₽,830 ₽,/catalog/displei/displey-dlya-xiaomi-poco-m5-22071219cg-v-sbore-s-tachskrinom-chernyy-or/,2026-09-10 10:49:45
"Дисплей для Tecno Spark 20 Pro (KJ6) модуль с рамкой Черный - OR (Full HD, 300 Кд/м², 120 Гц)",1400 ₽,1160 ₽,/catalog/displei/displey-dlya-tecno-spark-20-pro-kj6-modul-s-ramkoy-chernyy-or-full-hd-300-kd-m-120-gts/,2026-09-10 10:49:45
"Дисплей для Realme C75 4G (RMX3941) в сборе с тачскрином Черный - OR (Full HD, 300 Кд/м², 90 Гц)",950 ₽,790 ₽,/catalog/displei/displey-dlya-realme-c75-4g-rmx3941-v-sbore-s-tachskrinom-chernyy-or/,2026-09-10 10:49:45
"Дисплей для Huawei Honor 10X Lite/P Smart 2021 (DNN-LX9/PPA-LX1) в сборе с тачскрином Черный - OR (Full HD, 300 Кд/м², 60 Гц)",1200 ₽,990 ₽,/catalog/displei/displey-dlya-huawei-honor-10x-lite-p-smart-2021-dnn-lx9-ppa-lx1-v-sbore-s-tachskrinom-chernyy-or-ful/,2026-09-10 10:49:45
"Дисплей для Xiaomi Redmi 13 4G (24040RN64Y) модуль с рамкой Черный - OR (Full HD, 300 Кд/м², 90 Гц)",1400 ₽,1190 ₽,/catalog/displei/displey-dlya-xiaomi-redmi-13-4g-24040rn64y-modul-s-ramkoy-chernyy-or/,2026-09-10 10:49:45
Дисплей для Samsung Galaxy A31 (A315F) модуль с рамкой Черный - (OLED),2600 ₽,2170 ₽,/catalog/displei/displey-dlya-samsung-galaxy-a31-a315f-modul-s-ramkoy-chernyy-oled/,2026-09-10 10:49:45
"Дисплей для iPhone 13 (A2635) в сборе с тачскрином Черный - DD (Soft OLED, Full HD) (площадка под IC)",4300 ₽,3590 ₽,/catalog/displei/displey-dlya-iphone-13-a2635-v-sbore-s-tachskrinom-chernyy-dd-soft-oled-full-hd-ploshchadka-pod-ic/,2026-09-10 10:49:45
Дисплей для Xiaomi Redmi Note 11/11S 4G/Poco M4 Pro 4G (2201117TY/2201117SY/2201117PG) в сборе с тачскрином Черный - (OLED),2600 ₽,2190 ₽,/catalog/displei/displey-dlya-xiaomi-redmi-note-11-11s-4g-poco-m4-pro-4g-2201117ty-2-7c7540f7b64e11edb31700155d59fe0b/,2026-09-10 10:49:45
"Дисплей для Xiaomi Redmi 12C/Poco C55 (22120RN86G) в сборе с тачскрином Черный - OR (HD+, 300 Кд/м², 60 Гц)",850 ₽,720 ₽,/catalog/displei/displey-dlya-xiaomi-redmi-12c-poco-c55-22120rn86g-v-sbore-s-tachskrinom-chernyy-or-hd-300-kd-m-60-gts/,2026-09-10 10:49:45
Дисплей для Xiaomi Redmi Note 10 Pro 4G (M2101K6G) модуль с рамкой Черный - (OLED),2600 ₽,2220 ₽,/catalog/displei/displey-dlya-xiaomi-redmi-note-10-pro-4g-m2101k6g-modul-s-ramkoy-chernyy-oled/,2026-09-10 10:49:45
"Дисплей для Xiaomi Redmi A3x (24048RN6CG) в сборе с тачскрином Черный - OR (HD+, 300 Кд/м², 90 Гц)",950 ₽,790 ₽,/catalog/displei/displey-dlya-xiaomi-redmi-a3x-24048rn6cg-v-sbore-s-tachskrinom-chernyy-or-hd-300-kd-m-90-gts/,2026-09-10 10:49:45
"Дисплей для Huawei Honor X7b 4G/90 Smart (CLK-LX1/CLK-NX1) в сборе с тачскрином Черный - OR (Full HD, 300 Кд/м², 60 Гц)",1100 ₽,890 ₽,/catalog/displei/displey-dlya-huawei-honor-x7b-4g-90-smart-clk-lx1-clk-nx1-v-sbore-s-tachskrinom-chernyy-or-full-hd-3/,2026-09-10 10:49:45
Дисплей для Xiaomi Redmi Note 14 4G (24117RN76O/24117RN76G) модуль с рамкой Черный - (OLED),2700 ₽,2250 ₽,/catalog/displei/displey-dlya-xiaomi-redmi-note-14-4g-24117rn76o-24117rn76g-modul-s-ramkoy-chernyy-oled/,2026-09-10 10:49:45
"Дисплей для Xiaomi Redmi Note 9 (M2003J15SC/M2003J15SG) в сборе с тачскрином Черный - OR (Full, 300 Кд/м², 60 Гц)",950 ₽,780 ₽,/catalog/displei/displey-dlya-xiaomi-redmi-note-9-m2003j15sc-m2003j15sg-v-sbore-s-tachskrinom-chernyy-or-full-300-kd-/,2026-09-10 10:49:45
Дисплей для Xiaomi Poco X5 5G/Redmi Note 12 4G/5G (22111317PG/22111317I/23021RAA2Y) в сборе с тачскрином Черный - (OLED),2400 ₽,1990 ₽,/catalog/displei/displey-dlya-xiaomi-poco-x5-5g-redmi-note-12-4g-5g-22111317pg-22111-7280d734ab4111edb31700155d59fe0b/,2026-09-10 10:49:45
"Дисплей для Xiaomi Redmi Note 9S/9 Pro (M2003J6A1G/M2003J6B2G) в сборе с тачскрином Черный - OR (Full HD, 300 Кд/м², 60 Гц)",850 ₽,690 ₽,/catalog/displei/displey-dlya-xiaomi-redmi-note-9s-9-pro-m2003j6a1g-m2003j6b2g-v-sbore-s-tachskrinom-chernyy-or-full-/,2026-09-10 10:49:45
"Дисплей для Tecno Spark 8C (KG5n) в сборе с тачскрином Черный - OR (HD+, 300 Кд/м², 90 Гц)",800 ₽,670 ₽,/catalog/displei/displey-dlya-tecno-spark-8c-kg5n-v-sbore-s-tachskrinom-chernyy-or-hd-300-kd-m-90-gts/,2026-09-10 10:49:45
"Дисплей для Xiaomi Poco M7 4G/Redmi 15 4G (25062PC34G/25062RN2DY) в сборе с тачскрином Черный - OR (Full HD, 300 Кд/м², 120 Гц)",1300 ₽,1050 ₽,/catalog/displei/displey-dlya-xiaomi-poco-m7-4g-redmi-15-4g-25062pc34g-25062rn2dy-v-sbore-s-tachskrinom-chernyy-or/,2026-09-10 10:49:45
Дисплей для Huawei Honor X9b (ALI-NX1) модуль с рамкой Черный - OR,4100 ₽,3490 ₽,/catalog/displei/displey-dlya-huawei-honor-x9b-ali-nx1-modul-s-ramkoy-chernyy-or/,2026-09-10 10:49:45
Дисплей для Tecno Spark 30 Pro/Infinix Hot 50 Pro (KL7/X6881) в сборе с тачскрином Черный - OR,3300 ₽,2750 ₽,/catalog/displei/displey-dlya-tecno-spark-30-pro-infinix-hot-50-pro-kl7-x6881-v-sbore-s-tachskrinom-chernyy-or/,2026-09-10 10:49:45
Дисплей для Samsung Galaxy A17 4G (A175F) модуль с рамкой Черный - OR (SP),4900 ₽,4150 ₽,/catalog/displei/displey-dlya-samsung-galaxy-a17-4g-a175f-modul-s-ramkoy-chernyy-or-sp/,2026-09-10 10:49:45
"Дисплей для Tecno Spark 10 Pro (KI7) в сборе с тачскрином Черный - OR (Full HD, 300 Кд/м², 90 Гц)",1100 ₽,930 ₽,/catalog/displei/displey-dlya-tecno-spark-10-pro-ki7-v-sbore-s-tachskrinom-chernyy-or/,2026-09-10 10:49:45
Дисплей для Xiaomi Redmi Note 13 Pro 4G/Poco M6 Pro 4G (23117RA68G/2312FPCA6G) в сборе с тачскрином Черный - OR,2700 ₽,2240 ₽,/catalog/displei/displey-dlya-xiaomi-redmi-note-13-pro-4g-poco-m6-pro-4g-23117ra68g-55492e39cbad11eeb31f00155d59fe46/,2026-09-10 10:49:45
"Дисплей для iPhone 16 Pro (A3293) в сборе с тачскрином Черный - (Soft OLED, Full HD, 120 Гц) (площадка под IC)",6300 ₽,5380 ₽,/catalog/displei/displey-dlya-iphone-16-pro-a3293-v-sbore-s-tachskrinom-chernyy-soft-oled-full-hd-120-gts-ploshchadka/,2026-09-10 10:49:45
Дисплей для Samsung Galaxy A15 4G/5G (A155F/A156B) модуль с рамкой Черный - (OLED) (Full Size),3000 ₽,2520 ₽,/catalog/displei/displey-dlya-samsung-galaxy-a15-4g-5g-a155f-a156b-modul-s-ramkoy-chernyy-oled-full-size/,2026-09-10 10:49:45
"Дисплей для Huawei Nova Y72 (MGA-LX3) в сборе с тачскрином Черный - OR (HD+, 300 Кд/м², 60 Гц)",850 ₽,690 ₽,/catalog/displei/displey-dlya-huawei-nova-y72-mga-lx3-v-sbore-s-tachskrinom-chernyy-or/,2026-09-10 10:49:45
Дисплей для Xiaomi Redmi 14C/A3 Pro/Poco C75 (2411DRN47C/2410FPCC5G) в сборе с тачскрином Черный - OR100,1200 ₽,950 ₽,/catalog/displei/displey-dlya-xiaomi-redmi-14c-poco-c75-2411drn47c-2410fpcc5g-v-sbore-s-tachskrinom-chernyy-or100/,2026-09-10 10:49:45
"Дисплей для Realme C3/5/6i/OPPO A5 2020/A9 2020/A31 (RMX2020/RMX1927/RMX2001/CPH1931/CPH1941/CPH2015) в сборе с тачскрином Черный - OR (HD+, 300 Кд/м², 60 Гц)",900 ₽,750 ₽,/catalog/displei/displey-dlya-realme-c3-5-6i-oppo-a5-2020-a9-2020-a31-rmx2020-rmx192-193611ff507e11edb31500155d59fe0b/,2026-09-10 10:49:45
Дисплей для iPhone Xr (A2105) в сборе с тачскрином Черный - Премиум,1500 ₽,1220 ₽,/catalog/displei/displey-dlya-iphone-xr-a2105-v-sbore-s-tachskrinom-chernyy-premium/,2026-09-10 10:49:45
"Дисплей для Samsung Galaxy A22s 5G (A226B) в сборе с тачскрином Черный - OR (Full HD, 300 Кд/м², 90 Гц)",950 ₽,770 ₽,/catalog/displei/displey-dlya-samsung-galaxy-a22s-5g-a226b-v-sbore-s-tachskrinom-chernyy-or/,2026-09-10 10:49:45
Дисплей для Huawei Honor 50 (NTH-NX9) модуль с рамкой Черный - OR,4300 ₽,3590 ₽,/catalog/displei/displey-dlya-huawei-honor-50-nth-nx9-modul-s-ramkoy-chernyy-or/,2026-09-10 10:49:45
Дисплей для Xiaomi Redmi Note 11 Pro 4G/5G/11E Pro/10 Pro 4G/Poco X4 Pro 5G (2201116TG/2201116SG/2201116PG/M2101K6G) в сборе с тачскрином Черный - (OLED),2400 ₽,2050 ₽,/catalog/displei/displey-dlya-xiaomi-redmi-note-11-pro-4g-5g-11e-pro-10-pro-4g-poco-0e51fcd5422611eeb31c00155d59fe46/,2026-09-10 10:49:45
Дисплей для Samsung Galaxy A50 (A505F) модуль с рамкой Черный - (OLED),2500 ₽,2090 ₽,/catalog/displei/displey-dlya-samsung-galaxy-a50-a505f-modul-s-ramkoy-chernyy-oled/,2026-09-10 10:49:45
"Дисплей для iPhone 13 (A2635) в сборе с тачскрином Черный - (Soft OLED, Full HD) (площадка под IC)",4400 ₽,3750 ₽,/catalog/displei/displey-dlya-iphone-13-a2635-v-sbore-s-tachskrinom-chernyy-soft-oled-full-hd-ploshchadka-pod-ic/,2026-09-10 10:49:45
"Дисплей для iPhone 13 Pro (A2640) в сборе с тачскрином Черный - (Soft OLED, Full HD, 120 Гц) (площадка под IC)",4700 ₽,3950 ₽,/catalog/displei/displey-dlya-iphone-13-pro-a2640-v-sbore-s-tachskrinom-chernyy-soft-oled-full-hd-120-gts-ploshchadka/,2026-09-10 10:49:45
"Дисплей для iPhone X (A1865/A1901) в сборе с тачскрином Черный - (Hard OLED, Full HD)",2200 ₽,1860 ₽,/catalog/displei/displey-dlya-iphone-x-a1865-a1901-v-sbore-s-tachskrinom-chernyy-hard-oled-full-hd/,2026-09-10 10:49:45
Дисплей для iPhone Xs (A2097/A1920) в сборе с тачскрином Черный - GX (Hard OLED),2100 ₽,1750 ₽,/catalog/displei/displey-dlya-iphone-xs-a2097-a1920-v-sbore-s-tachskrinom-chernyy-gx-hard-oled/,2026-09-10 10:49:45
"Дисплей для Huawei Honor X8a 4G/90 Lite (CRT-LX1/CRT-NX1) в сборе с тачскрином Черный - OR (Full HD, 300 Кд/м², 90 Гц)",1100 ₽,940 ₽,/catalog/displei/displey-dlya-huawei-honor-x8a-4g-90-lite-crt-lx1-crt-nx1-v-sbore-s-tachskrinom-chernyy-or/,2026-09-10 10:49:45
"Дисплей для Realme 8i/9i/Narzo 50 4G (RMX3151/RMX3491/RMX3286) в сборе с тачскрином Черный - OR (Full HD, 300 Кд/м², 120 Гц)",1100 ₽,880 ₽,/catalog/displei/displey-dlya-realme-8i-9i-narzo-50-4g-rmx3151-rmx3491-rmx3286-v-sbore-s-tachskrinom-chernyy-or/,2026-09-10 10:49:45
Дисплей для Tecno Camon 40 Pro 5G (CM7) в сборе с тачскрином Черный - OR,3800 ₽,3190 ₽,/catalog/displei/displey-dlya-tecno-camon-40-pro-5g-cm7-v-sbore-s-tachskrinom-chernyy-or/,2026-09-10 10:49:45
"Дисплей для Infinix Hot 40 Pro (X6837) в сборе с тачскрином Черный - OR (HD+, 300 Кд/м², 120 Гц)",1100 ₽,880 ₽,/catalog/displei/displey-dlya-infinix-hot-40-pro-x6837-v-sbore-s-tachskrinom-chernyy-or/,2026-09-10 10:49:45
"Дисплей для Realme C55 (RMX3710) в сборе с тачскрином Черный - OR (Full HD, 300 Кд/м², 90 Гц)",850 ₽,690 ₽,/catalog/displei/displey-dlya-realme-c55-rmx3710-v-sbore-s-tachskrinom-chernyy-or-full-hd-300-kd-m-90-gts-90-gts/,2026-09-10 10:49:45
"Дисплей для Realme C25s (RMX3195) в сборе с тачскрином Черный - OR (HD+, 300 Кд/м², 60 Гц)",800 ₽,670 ₽,/catalog/displei/displey-dlya-realme-c25s-rmx3195-v-sbore-s-tachskrinom-chernyy-or-hd-300-kd-m-60-gts/,2026-09-10 10:49:45
"Дисплей для Tecno Spark 10C (KI5m) модуль с рамкой Черный - OR (HD+, 300 Кд/м², 90 Гц)",1200 ₽,950 ₽,/catalog/displei/displey-dlya-tecno-spark-10c-ki5m-modul-s-ramkoy-chernyy-or/,2026-09-10 10:49:45
"Дисплей для Realme C55 (RMX3710) модуль с рамкой Черный - OR (Full HD, 300 Кд/м², 90 Гц)",1200 ₽,980 ₽,/catalog/displei/displey-dlya-realme-c55-rmx3710-modul-s-ramkoy-chernyy-or/,2026-09-10 10:49:45
"Дисплей для Xiaomi Redmi 10 (21061119DG/21061119AG) в сборе с тачскрином Черный - OR (HD+, 300 Кд/м², 90 Гц)",900 ₽,760 ₽,/catalog/displei/displey-dlya-xiaomi-redmi-10-21061119dg-21061119ag-v-sbore-s-tachskrinom-chernyy-or-hd-300-kd-m-90-g/,2026-09-10 10:49:45
"Дисплей для Xiaomi Poco C65 (2310FPCA4G) в сборе с тачскрином Черный - OR (HD+, 300 Кд/м², 90 Гц)",950 ₽,790 ₽,/catalog/displei/displey-dlya-xiaomi-poco-c65-2310fpca4g-v-sbore-s-tachskrinom-chernyy-or/,2026-09-10 10:49:45
"Дисплей для Infinix Hot 40i (X6528B) в сборе с тачскрином Черный - OR (HD+, 300 Кд/м², 90 Гц)",900 ₽,760 ₽,/catalog/displei/displey-dlya-infinix-hot-40i-x6528b-v-sbore-s-tachskrinom-chernyy-or-hd-300-kd-m-90-gts/,2026-09-10 10:49:45
"Дисплей для Realme C71/P3 Lite 4G (RMX5303/RMX5300) модуль с рамкой Черный - OR (HD+, 300 Кд/м², 120 Гц)",1400 ₽,1160 ₽,/catalog/displei/displey-dlya-realme-c71-p3-lite-4g-rmx5303-rmx5300-modul-s-ramkoy-chernyy-or/,2026-09-10 10:49:45
Дисплей для Realme 9/10 4G (RMX3521/RMX3630) в сборе с тачскрином Черный - (OLED),3500 ₽,2950 ₽,/catalog/displei/displey-dlya-realme-9-10-4g-rmx3521-rmx3630-v-sbore-s-tachskrinom-chernyy-oled/,2026-09-10 10:49:45
Дисплей для Samsung Galaxy A12 (A125F) модуль c рамкой Черный - OR Ref. (SP),1400 ₽,1180 ₽,/catalog/displei/displey-dlya-samsung-galaxy-a12-a125f-modul-c-ramkoy-chernyy-or-ref-sp/,2026-09-10 10:49:45
"Дисплей для Xiaomi Poco C65 (2310FPCA4G) модуль с рамкой Черный - OR (HD+, 300 Кд/м², 90 Гц)",1200 ₽,950 ₽,/catalog/displei/displey-dlya-xiaomi-poco-c65-2310fpca4g-modul-s-ramkoy-chernyy-or-hd-300-kd-m-90-gts/,2026-09-10 10:49:45
"Дисплей для iPhone 16 Pro Max (A3296) в сборе с тачскрином Черный - (Soft OLED, Full HD, 120 Гц) (площадка под IC)",9100 ₽,7720 ₽,/catalog/displei/displey-dlya-iphone-16-pro-max-a3296-v-sbore-s-tachskrinom-chernyy-soft-oled-full-hd-120-gts-ploshch/,2026-09-10 10:49:45
Дисплей для Huawei MatePad SE 11 (AGS6-W09/AGS6-L09) в сборе с тачскрином Черный - OR,2100 ₽,1790 ₽,/catalog/displei/displey-dlya-huawei-matepad-se-11-ags6-w09-ags6-l09-v-sbore-s-tachskrinom-chernyy-or/,2026-09-10 10:49:45
Дисплей для Samsung Galaxy A51 (A515F) модуль с рамкой Черный - (In-Cell),1200 ₽,960 ₽,/catalog/displei/displey-dlya-samsung-galaxy-a51-a515f-modul-s-ramkoy-chernyy-in-cell/,2026-09-10 10:49:45
Дисплей для Xiaomi Redmi Note 12S (23030RAC7Y) модуль с рамкой Черный - (OLED),3000 ₽,2490 ₽,/catalog/displei/displey-dlya-xiaomi-redmi-note-12s-23030rac7y-modul-s-ramkoy-chernyy-oled/,2026-09-10 10:49:45
Дисплей для iPhone X (A1865/A1901) в сборе с тачскрином Черный - (In-Cell) Стандарт,950 ₽,790 ₽,/catalog/displei/displey-dlya-iphone-x-a1865-a1901-v-sbore-s-tachskrinom-chernyy-in-cell-standart/,2026-09-10 10:49:45
"Дисплей для Huawei Honor 9X/9X Premium (STK-LX1) модуль с рамкой Черный - OR (Full HD, 300 Кд/м², 60 Гц)",1800 ₽,1530 ₽,/catalog/displei/displey-dlya-huawei-honor-9x-9x-premium-stk-lx1-modul-s-ramkoy-chernyy-or/,2026-09-10 10:49:45
"Дисплей для Huawei Nova Y70/Y70 Plus/Y71/Enjoy 50 (MGA-LX9N) в сборе с тачскрином Черный - OR (HD+, 300 Кд/м², 60 Гц)",950 ₽,790 ₽,/catalog/displei/displey-dlya-huawei-nova-y70-y70-plus-y71-enjoy-50-mga-lx9n-v-sbore-s-tachskrinom-chernyy-or-hd-300-/,2026-09-10 10:49:45
"Дисплей для Huawei Honor Pad X9 11.5"" (ELN-W09/ELN-L09) в сборе с тачскрином Черный - Оптима",3100 ₽,2630 ₽,/catalog/displei/displey-dlya-huawei-honor-pad-x9-11-5-eln-w09-eln-l09-v-sbore-s-tachskrinom-chernyy-optima/,2026-09-10 10:49:45
"Дисплей для iPhone 14 Pro (A2891) в сборе с тачскрином Черный - (Soft OLED, Full HD, 120 Гц) (площадка под IC)",4800 ₽,4040 ₽,/catalog/displei/displey-dlya-iphone-14-pro-a2891-v-sbore-s-tachskrinom-chernyy-soft-oled-full-hd-120-gts-ploshchadka/,2026-09-10 10:49:45
"Дисплей для Tecno Spark 10 Pro (KI7) модуль с рамкой Черный - OR (Full HD, 300 Кд/м², 90 Гц)",1300 ₽,1090 ₽,/catalog/displei/displey-dlya-tecno-spark-10-pro-ki7-modul-s-ramkoy-chernyy-or-full-hd-300-kd-m-90-gts-90-gts/,2026-09-10 10:49:45
"Дисплей для Tecno Spark 20 (KJ5) модуль с рамкой Черный - OR (HD+, 300 Кд/м², 90 Гц)",1200 ₽,950 ₽,/catalog/displei/displey-dlya-tecno-spark-20-kj5-modul-s-ramkoy-chernyy-or/,2026-09-10 10:49:45
"Дисплей для Infinix Smart 9/9 HD (X6532/X6532C) в сборе с тачскрином Черный - OR (HD+, 300 Кд/м², 120 Гц)",900 ₽,760 ₽,/catalog/displei/displey-dlya-infinix-smart-9-9-hd-x6532-x6532c-v-sbore-s-tachskrinom-chernyy-or-hd-300-kd-m-120-gts/,2026-09-10 10:49:45
"Дисплей для Tecno Spark 20C (BG7n) модуль с рамкой Черный - OR (HD+, 300 Кд/м², 90 Гц)",1200 ₽,960 ₽,/catalog/displei/displey-dlya-tecno-spark-20c-bg7n-modul-s-ramkoy-chernyy-or-hd-300-kd-m-90-gts/,2026-09-10 10:49:45
Дисплей для Samsung Galaxy A16 4G (A165F) модуль с рамкой Черный - (In-Cell),1200 ₽,970 ₽,/catalog/displei/displey-dlya-samsung-galaxy-a16-4g-a165f-modul-s-ramkoy-chernyy-in-cell/,2026-09-10 10:49:45
Дисплей для Tecno Camon 30 4G/5G/Pova 6 4G/6 Pro 5G (CL6/CL7/LI7/LI9) в сборе с тачскрином Черный - OR,3300 ₽,2790 ₽,/catalog/displei/displey-dlya-tecno-camon-30-4g-5g-pova-6-4g-6-pro-5g-cl6-cl7-li7-li9-v-sbore-s-tachskrinom-chernyy-o/,2026-09-10 10:49:45
"Дисплей для iPhone 13 Pro Max (A2645) в сборе с тачскрином Черный - DD (Soft OLED, Full HD, 120 Гц) (площадка под IC)",4400 ₽,3740 ₽,/catalog/displei/displey-dlya-iphone-13-pro-max-a2645-v-sbore-s-tachskrinom-chernyy-dd-soft-oled-full-hd-120-gts-ploshch/,2026-09-10 10:49:45
Дисплей для Xiaomi Redmi Note 14 Pro 4G (24116RACCG) в сборе с тачскрином Черный - OR,3400 ₽,2850 ₽,/catalog/displei/displey-dlya-xiaomi-redmi-note-14-pro-4g-24116raccg-v-sbore-s-tachskrinom-chernyy-or/,2026-09-10 10:49:45
"Дисплей для Xiaomi Poco X3 NFC/X3 Pro/Mi 10T Lite (M2007J17G/M2102J20SG/M2007J20CG) в сборе с тачскрином Черный - OR (Full HD, 300 Кд/м², 120 Гц)",1300 ₽,1090 ₽,/catalog/displei/displey-dlya-xiaomi-poco-x3-nfc-x3-pro-mi-10t-lite-m2007j17g-m2102j20sg-m2007j20cg-v-sbore-s-tachskr/,2026-09-10 10:49:45
"Дисплей для Huawei Honor 9A/Y6p (MOA-LX9N/MED-LX9N) в сборе с тачскрином Черный - OR (HD+, 300 Кд/м², 60 Гц)",850 ₽,720 ₽,/catalog/displei/displey-dlya-huawei-honor-9a-y6p-moa-lx9n-med-lx9n-v-sbore-s-tachskrinom-chernyy-or-hd-300-kd-m-60-g/,2026-09-10 10:49:45
Дисплей для Google Pixel 7 Pro (GE2AE) в сборе с тачскрином Черный - (OLED),3500 ₽,2940 ₽,/catalog/displei/displey-dlya-google-pixel-7-pro-ge2ae-v-sbore-s-tachskrinom-chernyy-oled/,2026-09-10 10:49:45
"Дисплей для Samsung Galaxy A21s (A217F) в сборе с тачскрином Черный - OR (HD+, 300 Кд/м², 60 Гц)",850 ₽,690 ₽,/catalog/displei/displey-dlya-samsung-galaxy-a21s-a217f-v-sbore-s-tachskrinom-chernyy-or-hd-300-kd-m-60-gts/,2026-09-10 10:49:45
"Дисплей для Xiaomi Redmi 12 4G (23053RN02Y) в сборе с тачскрином Черный - OR100 (Full HD, 400 Кд/м², 90 Гц)",1500 ₽,1280 ₽,/catalog/displei/displey-dlya-xiaomi-redmi-12-4g-23053rn02y-v-sbore-s-tachskrinom-chernyy-or100/,2026-09-10 10:49:45
"Дисплей для Huawei Honor X7a/X7a Plus/Enjoy 40 Plus (RKY-LX1) в сборе с тачскрином Черный - OR (HD+, 300 Кд/м², 90 Гц)",850 ₽,720 ₽,/catalog/displei/displey-dlya-huawei-honor-x7a-x7a-plus-enjoy-40-plus-rky-lx1-v-sbore-s-tachskrinom-chernyy-or-hd-300/,2026-09-10 10:49:45
"Дисплей для Realme C35 (RMX3511) в сборе с тачскрином Черный - OR (Full HD, 300 Кд/м², 60 Гц)",800 ₽,650 ₽,/catalog/displei/displey-dlya-realme-c35-rmx3511-v-sbore-s-tachskrinom-chernyy-or/,2026-09-10 10:49:45
Дисплей для Infinix Hot 50 4G (X6882) в сборе с тачскрином Черный - OR,1100 ₽,890 ₽,/catalog/displei/displey-dlya-infinix-hot-50-4g-x6882-v-sbore-s-tachskrinom-chernyy-or/,2026-09-10 10:49:45
Дисплей для Xiaomi Redmi Note 13 4G/14 4G/5G (23129RAA4G/23124RA7EO/23129RA5FL/24117RN76O/24117RN76G/24094RAD4G) в сборе с тачскрином Черный - OR,5400 ₽,4580 ₽,/catalog/displei/displey-dlya-xiaomi-redmi-note-13-4g-14-4g-5g-23129raa4g-23124ra7eo-1c93ad8fcbad11eeb31f00155d59fe46/,2026-09-10 10:49:45
Дисплей для iPhone 11 Pro (A2215) в сборе с тачскрином Черный - (In-Cell) Стандарт,1100 ₽,930 ₽,/catalog/displei/displey-dlya-iphone-11-pro-a2215-v-sbore-s-tachskrinom-chernyy-in-cell-standart/,2026-09-10 10:49:45
"Дисплей для Huawei Honor 10X Lite/P Smart 2021 (DNN-LX9/PPA-LX1) модуль с рамкой Черный - OR (Full HD, 300 Кд/м², 60 Гц)",1400 ₽,1120 ₽,/catalog/displei/displey-dlya-huawei-honor-10x-lite-p-smart-2021-dnn-lx9-ppa-lx1-modul-s-ramkoy-chernyy-or-full-hd-30/,2026-09-10 10:49:45
"Дисплей для Huawei Honor X8 4G (TFY-LX1) модуль с рамкой Черный - OR (HD+, 300 Кд/м², 90 Гц)",1800 ₽,1460 ₽,/catalog/displei/displey-dlya-huawei-honor-x8-4g-tfy-lx1-modul-s-ramkoy-chernyy-or/,2026-09-10 10:49:45
Дисплей для iPhone Xr (A2105) в сборе с тачскрином Черный - Стандарт,950 ₽,780 ₽,/catalog/displei/displey-dlya-iphone-xr-a2105-v-sbore-s-tachskrinom-chernyy-standart/,2026-09-10 10:49:45
"Дисплей для Huawei Honor X7a/X7a Plus (RKY-LX1) модуль с рамкой Черный - OR (HD+, 300 Кд/м², 90 Гц)",1200 ₽,990 ₽,/catalog/displei/displey-dlya-huawei-honor-x7a-x7a-plus-rky-lx1-modul-s-ramkoy-chernyy-or/,2026-09-10 10:49:45
"Дисплей для Xiaomi Poco M3/Redmi 9T (M2010J19CG/M2010J19SY) модуль с рамкой Черный - OR (Full HD, 300 Кд/м², 60 Гц)",1300 ₽,1090 ₽,/catalog/displei/displey-dlya-xiaomi-poco-m3-redmi-9t-m2010j19cg-m2010j19sy-modul-s-ramkoy-chernyy-or-full-hd-300-kd-/,2026-09-10 10:49:45
"Дисплей для Vivo Y36 4G/5G (V2247) в сборе с тачскрином Черный - OR (Full HD, 300 Кд/м², 90 Гц)",950 ₽,790 ₽,/catalog/displei/displey-dlya-vivo-y36-4g-5g-v2247-v-sbore-s-tachskrinom-chernyy-or/,2026-09-10 10:49:45
Дисплей для Samsung Galaxy A13 (A135F/A137F) модуль с рамкой Черный - OR Ref. (SP),1600 ₽,1290 ₽,/catalog/displei/displey-dlya-samsung-galaxy-a13-a135f-a137f-modul-s-ramkoy-chernyy-or-ref-sp/,2026-09-10 10:49:45
"Дисплей для Tecno Pova Neo 2 (LG6n) модуль с рамкой Черный - OR (HD+, 300 Кд/м², 90 Гц)",1400 ₽,1120 ₽,/catalog/displei/displey-dlya-tecno-pova-neo-2-lg6n-modul-s-ramkoy-chernyy-or/,2026-09-10 10:49:45
"Дисплей для Realme Note 50 (RMX3834) в сборе с тачскрином Черный - OR100 (HD+, 400 Кд/м², 90 Гц)",1200 ₽,990 ₽,/catalog/displei/displey-dlya-realme-note-50-rmx3834-v-sbore-s-tachskrinom-chernyy-or100/,2026-09-10 10:49:45
Дисплей для Infinix Note 30i (X6716) модуль с рамкой Черный - (OLED),3700 ₽,3090 ₽,/catalog/displei/displey-dlya-infinix-note-30i-x6716-modul-s-ramkoy-chernyy-oled/,2026-09-10 10:49:45
Дисплей для Huawei Honor X9d 5G (MTN-NX1) в сборе с тачскрином Черный - OR,3300 ₽,2790 ₽,/catalog/displei/displey-dlya-huawei-honor-x9d-5g-mtn-nx1-v-sbore-s-tachskrinom-chernyy-or/,2026-09-10 10:49:45
"Дисплей для Infinix Smart 8 (X6525) в сборе с тачскрином Черный - OR (HD+, 300 Кд/м², 90 Гц)",900 ₽,760 ₽,/catalog/displei/displey-dlya-infinix-smart-8-x6525-v-sbore-s-tachskrinom-chernyy-or-hd-300-kd-m-90-gts/,2026-09-10 10:49:45
"Дисплей для Huawei Nova Y72 (MGA-LX3) модуль с рамкой Черный - OR (HD+, 300 Кд/м², 60 Гц)",1200 ₽,950 ₽,/catalog/displei/displey-dlya-huawei-nova-y72-mga-lx3-modul-s-ramkoy-chernyy-or-hd-300-kd-m-60-gts/,2026-09-10 10:49:45
Дисплей для Samsung Galaxy A52/A52 5G/A52s 5G (A525F/A526B/A528B) модуль с рамкой Черный - (OLED) (Full Size),3200 ₽,2670 ₽,/catalog/displei/displey-dlya-samsung-galaxy-a52-a52-5g-a52s-5g-a525f-a526b-a528b-modul-s-ramkoy-chernyy-oled-full-si/,2026-09-10 10:49:45
"Дисплей для iPhone 15 (A3090) в сборе с тачскрином Черный - DD (Soft OLED, Full HD) (площадка под IC)",4600 ₽,3890 ₽,/catalog/displei/displey-dlya-iphone-15-a3090-v-sbore-s-tachskrinom-chernyy-dd-soft-oled-full-hd-ploshchadka-pod-ic/,2026-09-10 10:49:45
Дисплей для Samsung Galaxy S23 Ultra (S918B) модуль с рамкой Черный - OR (SP),23900 ₽,20390 ₽,/catalog/displei/displey-dlya-samsung-galaxy-s23-ultra-s918b-modul-s-ramkoy-chernyy-or-sp/,2026-09-10 10:49:45
"Дисплей для iPhone 12/12 Pro (A2403/A2407) в сборе с тачскрином Черный - DD (Hard OLED, HD+) (площадка под IC)",3600 ₽,3050 ₽,/catalog/displei/displey-dlya-iphone-12-12-pro-a2403-a2407-v-sbore-s-tachskrinom-chernyy-dd-hard-oled-hd-ploshchadka-/,2026-09-10 10:49:45
"Дисплей для Tecno Pova 4 (LG7n) в сборе с тачскрином Черный - OR (HD+, 300 Кд/м², 90 Гц)",850 ₽,690 ₽,/catalog/displei/displey-dlya-tecno-pova-4-lg7n-v-sbore-s-tachskrinom-chernyy-or/,2026-09-10 10:49:45
"Дисплей для Xiaomi Redmi A3x (24048RN6CG) модуль с рамкой Черный - OR (HD+, 300 Кд/м², 90 Гц)",1200 ₽,950 ₽,/catalog/displei/displey-dlya-xiaomi-redmi-a3x-24048rn6cg-modul-s-ramkoy-chernyy-or-hd-300-kd-m-90-gts/,2026-09-10 10:49:45
"Дисплей для iPhone 12/12 Pro (A2403/A2407) в сборе с тачскрином Черный - OR100 (Снятый, без ремонта)",5600 ₽,4750 ₽,/catalog/displei/displey-dlya-iphone-12-12-pro-a2403-a2407-v-sbore-s-tachskrinom-chernyy-or100-snyatyy-bez-remonta/,2026-09-10 10:49:45
Дисплей для Samsung Galaxy A06 4G (A065F) модуль c рамкой Черный - OR Ref. (SP),1100 ₽,890 ₽,/catalog/displei/displey-dlya-samsung-galaxy-a06-4g-a065f-modul-c-ramkoy-chernyy-or-ref-sp/,2026-09-10 10:49:45
"Дисплей для Huawei Honor X6/X8 5G (VNE-LX1/VNE-N41) в сборе с тачскрином Черный - OR (HD+, 300 Кд/м², 60 Гц)",850 ₽,690 ₽,/catalog/displei/displey-dlya-huawei-honor-x6-x8-5g-vne-lx1-vne-n41-v-sbore-s-tachskrinom-chernyy-or/,2026-09-10 10:49:45
"Дисплей для iPhone 12 Pro Max (A2411) в сборе с тачскрином Черный - (Soft OLED, Full HD) (площадка под IC)",4700 ₽,3950 ₽,/catalog/displei/displey-dlya-iphone-12-pro-max-a2411-v-sbore-s-tachskrinom-chernyy-soft-oled-full-hd-ploshchadka-pod/,2026-09-10 10:49:45
"Дисплей для Infinix Smart 10/10 Plus (X6725) в сборе с тачскрином Черный - OR (HD+, 300 Кд/м², 120 Гц)",900 ₽,730 ₽,/catalog/displei/displey-dlya-infinix-smart-10-10-plus-x6725-v-sbore-s-tachskrinom-chernyy-or-hd-300-kd-m-120-gts/,2026-09-10 10:49:45
"Дисплей для iPhone 13 Pro Max (A2645) в сборе с тачскрином Черный - (Soft OLED, Full HD, 120 Гц) (площадка под IC)",4100 ₽,3490 ₽,/catalog/displei/displey-dlya-iphone-13-pro-max-a2645-v-sbore-s-tachskrinom-chernyy-soft-oled-full-hd-120-gts-ploshch/,2026-09-10 10:49:45
"Дисплей для Infinix Hot 30 4G (X6831) в сборе с тачскрином Черный - OR (HD+, 300 Кд/м², 90 Гц)",1100 ₽,920 ₽,/catalog/displei/displey-dlya-infinix-hot-30-4g-x6831-v-sbore-s-tachskrinom-chernyy-or-hd-300-kd-m-90-gts/,2026-09-10 10:49:45
Дисплей для Samsung Galaxy A15 4G/5G (A155F/A156B) модуль с рамкой Черный - (In-Cell),1100 ₽,890 ₽,/catalog/displei/displey-dlya-samsung-galaxy-a15-4g-5g-a155f-a156b-modul-s-ramkoy-chernyy-in-cell/,2026-09-10 10:49:45
"Дисплей для Huawei Nova Y73 в сборе с тачскрином Черный - OR (HD+, 300 Кд/м², 90 Гц)",1000 ₽,820 ₽,/catalog/displei/displey-dlya-huawei-nova-y73-v-sbore-s-tachskrinom-chernyy-or/,2026-09-10 10:49:45
"Дисплей для Infinix Hot 40 (X6836) в сборе с тачскрином Черный - OR (Full HD, 300 Кд/м², 90 Гц)",950 ₽,790 ₽,/catalog/displei/displey-dlya-infinix-hot-40-x6836-v-sbore-s-tachskrinom-chernyy-or-full-hd-300-kd-m-90-gts/,2026-09-10 10:49:45
"Дисплей для Huawei Honor 10 Lite/10i/20e (HRY-LX1/HRY-LX1T) модуль с рамкой Черный - OR (Full HD, 300 Кд/м², 60 Гц)",1800 ₽,1460 ₽,/catalog/displei/displey-dlya-huawei-honor-10-lite-10i-20e-hry-lx1-hry-lx1t-modul-s-ramkoy-chernyy-or-full-hd-300-kd-/,2026-09-10 10:49:45
Дисплей для Xiaomi Redmi Note 11 Pro+ 5G/12 Pro 4G/12 Pro Speed (21091116UG/2209116AG) в сборе с тачскрином Черный - (OLED),2400 ₽,2050 ₽,/catalog/displei/displey-dlya-xiaomi-redmi-note-11-pro-5g-12-pro-4g-12-pro-speed-21091116ug-2209116ag-v-sbore-s-tachs/,2026-09-10 10:49:45
"Дисплей для Xiaomi Redmi 15C 4G/Poco C85 4G (25078RA3EY/25078PC3EG) в сборе с тачскрином Черный - OR100 (HD+, 400 Кд/м², 120 Гц)",1300 ₽,1060 ₽,/catalog/displei/displey-dlya-xiaomi-redmi-15c-4g-poco-c85-4g-25078ra3ey-25078pc3eg-v-sbore-s-tachskrinom-chernyy-or1/,2026-09-10 10:49:45
Дисплей для Huawei Honor X9c (BRP-NX1) модуль с рамкой Черный - OR,4100 ₽,3450 ₽,/catalog/displei/displey-dlya-huawei-honor-x9c-brp-nx1-modul-s-ramkoy-chernyy-or/,2026-09-10 10:49:45
"Дисплей для Realme 9 Pro/Q5 (RMX3472/RMX3471) в сборе с тачскрином Черный - OR (HD+, 300 Кд/м², 120 Гц)",950 ₽,780 ₽,/catalog/displei/displey-dlya-realme-9-pro-q5-rmx3472-rmx3471-v-sbore-s-tachskrinom-chernyy-or/,2026-09-10 10:49:45
"Дисплей для Tecno Pova Neo 3 (LH6n) модуль с рамкой Черный - OR (HD+, 300 Кд/м², 90 Гц)",1200 ₽,980 ₽,/catalog/displei/displey-dlya-tecno-pova-neo-3-lh6n-modul-s-ramkoy-chernyy-or/,2026-09-10 10:49:45
"Дисплей для Realme C75 4G (RMX3941) модуль с рамкой Черный - OR (Full HD, 300 Кд/м², 90 Гц)",1300 ₽,1080 ₽,/catalog/displei/displey-dlya-realme-c75-4g-rmx3941-modul-s-ramkoy-chernyy-or-full-hd-300-kd-m-90-gts/,2026-09-10 10:49:45
Дисплей для iPhone 11 Pro Max (A2218) в сборе с тачскрином Черный - GX (Hard OLED),3000 ₽,2490 ₽,/catalog/displei/displey-dlya-iphone-11-pro-max-a2218-v-sbore-s-tachskrinom-chernyy-gx-hard-oled/,2026-09-10 10:49:45
Дисплей для Samsung Galaxy A23 (A235F) модуль с рамкой Черный - OR Ref. (SP),1700 ₽,1450 ₽,/catalog/displei/displey-dlya-samsung-galaxy-a23-a235f-modul-s-ramkoy-chernyy-or-ref-sp/,2026-09-10 10:49:45
"Дисплей для Samsung Galaxy A14 4G (A145F) в сборе с тачскрином Черный - OR (Full HD, 300 Кд/м², 90 Гц)",1000 ₽,830 ₽,/catalog/displei/displey-dlya-samsung-galaxy-a14-4g-a145f-v-sbore-s-tachskrinom-chernyy-or-full-hd-300-kd-m-90-gts/,2026-09-10 10:49:45
Дисплей для Xiaomi Poco X7 Pro (2412DPC0AG) в сборе с тачскрином Черный - OR,2700 ₽,2290 ₽,/catalog/displei/displey-dlya-xiaomi-poco-x7-pro-2412dpc0ag-v-sbore-s-tachskrinom-chernyy-or/,2026-09-10 10:49:45
"Дисплей для Tecno Spark 30 4G (KL6) в сборе с тачскрином Черный - OR (Full HD, 300 Кд/м², 90 Гц)",1300 ₽,1060 ₽,/catalog/displei/displey-dlya-tecno-spark-30-4g-kl6-v-sbore-s-tachskrinom-chernyy-or/,2026-09-10 10:49:45
Дисплей для Xiaomi Redmi Note 11 Pro 4G/5G/Poco X4 Pro 5G (2201116TG/2201116SG/2201116PG) модуль с рамкой Черный - (OLED),2600 ₽,2190 ₽,/catalog/displei/displey-dlya-xiaomi-redmi-note-11-pro-4g-5g-poco-x4-pro-5g-2201116tg-2201116sg-2201116pg-modul-s-ram/,2026-09-10 10:49:45
"Дисплей для Realme C51 (RMX3830) модуль с рамкой Черный - OR (HD+, 300 Кд/м², 90 Гц)",1300 ₽,1060 ₽,/catalog/displei/displey-dlya-realme-c51-rmx3830-modul-s-ramkoy-chernyy-or-hd-300-kd-m-90-gts/,2026-09-10 10:49:45
Дисплей для Realme 11 Pro 5G/11 Pro+ 5G (RMX3771/RMX3741/RMX3740) модуль с рамкой Черный - OR,3900 ₽,3290 ₽,/catalog/displei/displey-dlya-realme-11-pro-5g-11-pro-5g-rmx3771-rmx3741-rmx3740-modul-s-ramkoy-chernyy-or/,2026-09-10 10:49:45
"Дисплей для Huawei Honor 8A/8A Pro/Y6 2019/Y6s (JAT-LX1/MRD-LX1F/JAT-L41) в сборе с тачскрином Черный - OR (HD+, 300 Кд/м², 60 Гц)",800 ₽,650 ₽,/catalog/displei/displey-dlya-huawei-honor-8a-8a-pro-y6-2019-y6s-jat-lx1-mrd-lx1f-jat-l41-v-sbore-s-tachskrinom-chern/,2026-09-10 10:49:45
"Дисплей для Infinix Hot 40 Pro (X6837) модуль с рамкой Черный - OR (HD+, 300 Кд/м², 120 Гц)",1300 ₽,1080 ₽,/catalog/displei/displey-dlya-infinix-hot-40-pro-x6837-modul-s-ramkoy-chernyy-or-hd-300-kd-m-120-gts/,2026-09-10 10:49:45
"Дисплей для Tecno Spark 10 4G (KI5q) модуль с рамкой Черный - OR (HD+, 300 Кд/м², 90 Гц)",1300 ₽,1040 ₽,/catalog/displei/displey-dlya-tecno-spark-10-4g-ki5q-modul-s-ramkoy-chernyy-or-hd-300-kd-m-90-gts/,2026-09-10 10:49:45
Дисплей для Samsung Galaxy A12 Nacho (A127F) модуль c рамкой Черный - OR Ref. (SP),1200 ₽,1020 ₽,/catalog/displei/displey-dlya-samsung-galaxy-a12-nacho-a127f-modul-c-ramkoy-chernyy-or-ref-sp/,2026-09-10 10:49:45
"Дисплей для Samsung Galaxy A10/M10 (A105F/M105F) в сборе с тачскрином Черный - OR (HD+, 300 Кд/м², 60 Гц)",850 ₽,690 ₽,/catalog/displei/displey-dlya-samsung-galaxy-a10-m10-a105f-m105f-v-sbore-s-tachskrinom-chernyy-or/,2026-09-10 10:49:45
"Дисплей для Huawei Honor X8a 4G/90 Lite (CRT-LX1/CRT-NX1) модуль с рамкой Голубой - OR (Full HD, 300 Кд/м², 90 Гц)",1800 ₽,1490 ₽,/catalog/displei/displey-dlya-huawei-honor-x8a-4g-90-lite-crt-lx1-crt-nx1-modul-s-ramkoy-goluboy-or/,2026-09-10 10:49:45
"Дисплей для iPhone 11 Pro (A2215) в сборе с тачскрином Черный - DD (Hard OLED, Full HD) (площадка под IC)",2800 ₽,2390 ₽,/catalog/displei/displey-dlya-iphone-11-pro-a2215-v-sbore-s-tachskrinom-chernyy-dd-hard-oled-full-hd-ploshchadka-pod-/,2026-09-10 10:49:45
"Дисплей для Huawei Nova 12i (CTR-L81) в сборе с тачскрином Черный - OR (Full HD, 300 Кд/м², 90 Гц)",1300 ₽,1040 ₽,/catalog/displei/displey-dlya-huawei-nova-12i-ctr-l81-v-sbore-s-tachskrinom-chernyy-or/,2026-09-10 10:49:45
"Дисплей для Realme C61 (RMX3930) в сборе с тачскрином Черный - OR100 (HD+, 400 Кд/м², 90 Гц)",1200 ₽,960 ₽,/catalog/displei/displey-dlya-realme-c61-rmx3930-v-sbore-s-tachskrinom-chernyy-or100/,2026-09-10 10:49:45
Дисплей для Samsung Galaxy A06 4G (A065F) в сборе с тачскрином Черный - OR,950 ₽,770 ₽,/catalog/displei/displey-dlya-samsung-galaxy-a06-4g-a065f-v-sbore-s-tachskrinom-chernyy-or/,2026-09-10 10:49:45
Дисплей для Xiaomi Redmi 9 (M2004J19G) модуль с рамкой Черный - OR,1300 ₽,1060 ₽,/catalog/displei/displey-dlya-xiaomi-redmi-9-m2004j19g-modul-s-ramkoy-chernyy-or/,2026-09-10 10:49:45
"Дисплей для iPhone 11 (A2221) в сборе с тачскрином Черный - OR100 (Снятый, заменено стекло)",3900 ₽,3290 ₽,/catalog/displei/displey-dlya-iphone-11-a2221-v-sbore-s-tachskrinom-chernyy-or100-snyatyy-zameneno-steklo/,2026-09-10 10:49:45
"Дисплей для Huawei Honor X8 4G (TFY-LX1) в сборе с тачскрином Черный - OR (HD+, 300 Кд/м², 90 Гц)",1100 ₽,940 ₽,/catalog/displei/displey-dlya-huawei-honor-x8-4g-tfy-lx1-v-sbore-s-tachskrinom-chernyy-or-hd-300-kd-m-90-gts/,2026-09-10 10:49:45
"Дисплей для iPhone 14 Pro Max (A2895) в сборе с тачскрином Черный - JCID (Soft OLED, Full HD, 120 Гц) (с верификацией = с привязкой без ошибки)",6900 ₽,5850 ₽,/catalog/displei/displey-dlya-iphone-14-pro-max-a2895-v-sbore-s-tachskrinom-chernyy-jcid-soft-oled-full-hd-120-gts-s-/,2026-09-10 10:49:45
Дисплей для Samsung Galaxy A32 4G (A325F) модуль с рамкой Черный - (In-Cell),1000 ₽,830 ₽,/catalog/displei/displey-dlya-samsung-galaxy-a32-4g-a325f-modul-s-ramkoy-chernyy-in-cell/,2026-09-10 10:49:45
Дисплей для iPhone 12 mini (A2399) в сборе с тачскрином Черный - (In-Cell) Стандарт,1400 ₽,1120 ₽,/catalog/displei/displey-dlya-iphone-12-mini-a2399-v-sbore-s-tachskrinom-chernyy-in-cell-standart/,2026-09-10 10:49:45
Дисплей для Vivo V25/V25e/V21 (V2202/V2201) в сборе с тачскрином Черный - (OLED),2300 ₽,1950 ₽,/catalog/displei/displey-dlya-vivo-v25-v25e-v21-v2202-v2201-v-sbore-s-tachskrinom-chernyy-oled/,2026-09-10 10:49:45
Дисплей для Xiaomi Redmi Note 12 4G (23021RAA2Y) модуль с рамкой Черный - (In-Cell),1200 ₽,990 ₽,/catalog/displei/displey-dlya-xiaomi-redmi-note-12-4g-23021raa2y-modul-s-ramkoy-chernyy-in-cell/,2026-09-10 10:49:45
Дисплей для Samsung Galaxy S20 FE/S20 FE 5G (G780F/G781B) модуль с рамкой Синий - (OLED) (Full Size),3300 ₽,2790 ₽,/catalog/displei/displey-dlya-samsung-galaxy-s20-fe-s20-fe-5g-g780f-g781b-modul-s-ramkoy-siniy-oled-full-size/,2026-09-10 10:49:45
"Дисплей для Realme C30/Narzo 50i Prime (RMX3581/RMX3623/RMX3506) в сборе с тачскрином Черный - OR (HD+, 300 Кд/м², 60 Гц)",850 ₽,720 ₽,/catalog/displei/displey-dlya-realme-c30-narzo-50i-prime-rmx3581-rmx3623-rmx3506-v-sbore-s-tachskrinom-chernyy-or-hd-/,2026-09-10 10:49:45
"Дисплей для Huawei Honor X7d 4G (LGN-LX1) в сборе с тачскрином Черный - OR (HD+, 300 Кд/м², 120 Гц)",1000 ₽,850 ₽,/catalog/displei/displey-dlya-huawei-honor-x7d-4g-lgn-lx1-v-sbore-s-tachskrinom-chernyy-or/,2026-09-10 10:49:45
"Дисплей для Huawei Honor X8 4G (TFY-LX1) модуль с рамкой Серебро - OR (HD+, 300 Кд/м², 90 Гц)",1800 ₽,1490 ₽,/catalog/displei/displey-dlya-huawei-honor-x8-4g-tfy-lx1-modul-s-ramkoy-serebro-or-hd-300-kd-m-90-gts/,2026-09-10 10:49:45
"Дисплей для Infinix Hot 30 Play (X6835B) в сборе с тачскрином Черный - OR (HD+, 300 Кд/м², 90 Гц)",900 ₽,730 ₽,/catalog/displei/displey-dlya-infinix-hot-30-play-x6835b-v-sbore-s-tachskrinom-chernyy-or/,2026-09-10 10:49:45
"Дисплей для Huawei P40 Lite E/Honor 9C (ART-L29/AKA-L29) в сборе с тачскрином Черный - OR (HD+, 300 Кд/м², 60 Гц)",850 ₽,690 ₽,/catalog/displei/displey-dlya-huawei-p40-lite-e-honor-9c-art-l29-aka-l29-v-sbore-s-tachskrinom-chernyy-or-hd-300-kd-m/,2026-09-10 10:49:45
Дисплей для Xiaomi Redmi 9A/9C/10A (M2006C3LG) в сборе с тачскрином Черный - Оптима,650 ₽,540 ₽,/catalog/displei/displey-dlya-xiaomi-redmi-9a-9c-10a-m2006c3lg-v-sbore-s-tachskrinom-chernyy-optima/,2026-09-10 10:49:45
"Дисплей для Xiaomi Redmi 10 2022 (22011119UY) в сборе с тачскрином Черный - OR (Full HD, 300 Кд/м², 90 Гц)",850 ₽,690 ₽,/catalog/displei/displey-dlya-xiaomi-redmi-10-2022-22011119uy-v-sbore-s-tachskrinom-chernyy-or-full-hd-300-kd-m-90-gts/,2026-09-10 10:49:45
Дисплей для Samsung Galaxy M12 (M127F) модуль c рамкой Черный - OR Ref. (SP),1200 ₽,1020 ₽,/catalog/displei/displey-dlya-samsung-galaxy-m12-m127f-modul-c-ramkoy-chernyy-or-ref-sp/,2026-09-10 10:49:45
Дисплей для Xiaomi Redmi Note 10/10S/Poco M5s (M2101K7AG/M2101K7BNY/M2102K7AG/2207117BPG) модуль с рамкой Черный - (In-Cell),950 ₽,790 ₽,/catalog/displei/displey-dlya-xiaomi-redmi-note-10-10s-poco-m5s-m2101k7ag-m2101k7bny-m2102k7ag-2207117bpg-modul-s-ram/,2026-09-10 10:49:45
"Дисплей для Infinix Hot 30 4G (X6831) модуль с рамкой Черный - OR (HD+, 300 Кд/м², 90 Гц)",1400 ₽,1190 ₽,/catalog/displei/displey-dlya-infinix-hot-30-4g-x6831-modul-s-ramkoy-chernyy-or/,2026-09-10 10:49:45
"Дисплей для Realme C33 (RMX3624) в сборе с тачскрином Черный - OR (HD+, 300 Кд/м², 60 Гц)",850 ₽,720 ₽,/catalog/displei/displey-dlya-realme-c33-rmx3624-v-sbore-s-tachskrinom-chernyy-or-hd-300-kd-m-60-gts/,2026-09-10 10:49:45
"Дисплей для Huawei Nova Y70/Y70 Plus/Y71/Enjoy 50 (MGA-LX9N) модуль с рамкой Черный - OR (HD+, 300 Кд/м², 60 Гц)",1200 ₽,950 ₽,/catalog/displei/displey-dlya-huawei-nova-y70-y70-plus-y71-enjoy-50-mga-lx9n-modul-s-ramkoy-chernyy-or-hd-300-kd-m-60/,2026-09-10 10:49:45
Дисплей для Xiaomi Poco X5 Pro 5G/Redmi Note 12 Pro 5G/12 Pro+ (22101320G/221013164UG/22101316C/22101316I 22101316G) в сборе с тачскрином Черный - OR,3000 ₽,2490 ₽,/catalog/displei/displey-dlya-xiaomi-poco-x5-pro-5g-redmi-note-12-pro-5g-12-pro-2210-c3c07b51ab4111edb31700155d59fe0b/,2026-09-10 10:49:45
"Дисплей для Tecno Spark 30C 4G (KL5n) в сборе с тачскрином Черный - OR100 (HD+, 400 Кд/м², 120 Гц)",1200 ₽,990 ₽,/catalog/displei/displey-dlya-tecno-spark-30c-4g-kl5n-v-sbore-s-tachskrinom-chernyy-or100/,2026-09-10 10:49:45
"Дисплей для iPhone 17 Pro Max (A3526) в сборе с тачскрином Черный - (Soft OLED, Full HD, 120 Гц) (площадка под IC)",11500 ₽,9790 ₽,/catalog/displei/displey-dlya-iphone-17-pro-max-a3526-v-sbore-s-tachskrinom-chernyy-soft-oled-full-hd-120-gts-ploshch/,2026-09-10 10:49:45
Дисплей для Xiaomi 11T/11T Pro (21081111RG/2107113SG) в сборе с тачскрином Черный - OR,3100 ₽,2580 ₽,/catalog/displei/displey-dlya-xiaomi-11t-11t-pro-21081111rg-2107113sg-v-sbore-s-tachskrinom-chernyy-or/,2026-09-10 10:49:45
"Дисплей для Xiaomi Redmi A2+ (23028RNCAG) в сборе с тачскрином Черный - OR (HD+, 300 Кд/м², 60 Гц)",850 ₽,720 ₽,/catalog/displei/displey-dlya-xiaomi-redmi-a2-23028rncag-v-sbore-s-tachskrinom-chernyy-or-hd-300-kd-m-60-gts/,2026-09-10 10:49:45
Дисплей для Xiaomi Redmi Note 11 Pro 4G/5G/11E Pro/10 Pro 4G/Poco X4 Pro 5G (2201116TG/2201116SG/2201116PG/M2101K6G) в сборе с тачскрином Черный - (In-Cell),900 ₽,730 ₽,/catalog/displei/displey-dlya-xiaomi-redmi-note-11-pro-4g-5g-11e-pro-10-pro-4g-poco-x4-pro-5g-2201116tg-2201116sg-220/,2026-09-10 10:49:45
Дисплей для Xiaomi Redmi Note 12S (23030RAC7Y) в сборе с тачскрином Черный - (OLED),2700 ₽,2290 ₽,/catalog/displei/displey-dlya-xiaomi-redmi-note-12s-23030rac7y-v-sbore-s-tachskrinom-chernyy-oled/,2026-09-10 10:49:45
Дисплей для Xiaomi Redmi Note 11S 4G/Poco M4 Pro 4G (2201117SY/2201117PG) модуль с рамкой Черный - (OLED),3000 ₽,2490 ₽,/catalog/displei/displey-dlya-xiaomi-redmi-note-11s-4g-poco-m4-pro-4g-2201117sy-2201117pg-modul-s-ramkoy-chernyy-oled/,2026-09-10 10:49:45
"Дисплей для Samsung Galaxy A14 5G (A146B) в сборе с тачскрином Черный - OR (Full HD, 300 Кд/м², 90 Гц)",850 ₽,690 ₽,/catalog/displei/displey-dlya-samsung-galaxy-a14-5g-a146b-v-sbore-s-tachskrinom-chernyy-or-hd-300-kd-m-90-gts/,2026-09-10 10:49:45
"Дисплей для iPhone 15 Pro (A3102) в сборе с тачскрином Черный - JCID (Soft OLED, Full HD, 120 Гц) (с верификацией = с привязкой без ошибки)",9400 ₽,7990 ₽,/catalog/displei/displey-dlya-iphone-15-pro-a3102-v-sbore-s-tachskrinom-chernyy-jcid-soft-oled-full-hd-120-gts-s-veri/,2026-09-10 10:49:45
"Дисплей для Tecno Pova 4 (LG7n) модуль с рамкой Черный - OR (HD+, 300 Кд/м², 90 Гц)",1200 ₽,980 ₽,/catalog/displei/displey-dlya-tecno-pova-4-lg7n-modul-s-ramkoy-chernyy-or/,2026-09-10 10:49:45
"Дисплей для Infinix Hot 40i (X6528B) модуль с рамкой Черный - OR (HD+, 300 Кд/м², 90 Гц)",1300 ₽,1040 ₽,/catalog/displei/displey-dlya-infinix-hot-40i-x6528b-modul-s-ramkoy-chernyy-or-hd-300-kd-m-90-gts-hd-300-kd-m-90-gts/,2026-09-10 10:49:45
"Дисплей для iPhone 13 Pro (A2640) в сборе с тачскрином Черный - DD (Soft OLED, Full HD, 120 Гц) (площадка под IC)",4800 ₽,4050 ₽,/catalog/displei/displey-dlya-iphone-13-pro-a2640-v-sbore-s-tachskrinom-chernyy-dd-soft-oled-full-hd-120-gts-ploshcha/,2026-09-10 10:49:45
"Дисплей для Xiaomi Poco M4 Pro 5G/Redmi Note 11S 5G (21091116AG/22031116BG) в сборе с тачскрином Черный - OR (HD+, 300 Кд/м², 90 Гц)",1000 ₽,850 ₽,/catalog/displei/displey-dlya-xiaomi-poco-m4-pro-5g-redmi-note-11s-5g-21091116ag-220-54b6f6e408c911edb31400155d59fe0b/,2026-09-10 10:49:45
"Дисплей для Xiaomi Redmi Note 8 Pro (M1906G7T/M1906G7G) модуль с рамкой Черный - OR (Full HD, 300 Кд/м², 60 Гц)",2000 ₽,1640 ₽,/catalog/displei/displey-dlya-xiaomi-redmi-note-8-pro-m1906g7t-m1906g7g-modul-s-ramkoy-chernyy-or/,2026-09-10 10:49:45
Дисплей для Samsung Galaxy A25 5G (A256E) модуль с рамкой Черный - OR (SP),5100 ₽,4290 ₽,/catalog/displei/displey-dlya-samsung-galaxy-a25-5g-a256e-modul-s-ramkoy-chernyy-or-sp/,2026-09-10 10:49:45
"Дисплей для Huawei Nova 12i (CTR-L81) модуль с рамкой Черный - OR (Full HD, 300 Кд/м², 90 Гц)",1900 ₽,1590 ₽,/catalog/displei/displey-dlya-huawei-nova-12i-ctr-l81-modul-s-ramkoy-chernyy-or-full-hd-300-kd-m-90-gts/,2026-09-10 10:49:45
"Дисплей для Vivo Y31 2021 (V2036) в сборе с тачскрином Черный - OR (Full HD, 300 Кд/м², 60 Гц)",950 ₽,780 ₽,/catalog/displei/displey-dlya-vivo-y31-2021-v2036-v-sbore-s-tachskrinom-chernyy-or/,2026-09-10 10:49:45
"Дисплей для Tecno Spark 20C (BG7n) в сборе с тачскрином Черный - OR100 (HD+, 400 Кд/м², 90 Гц)",1200 ₽,990 ₽,/catalog/displei/displey-dlya-tecno-spark-20c-bg7n-v-sbore-s-tachskrinom-chernyy-or100/,2026-09-10 10:49:45
Дисплей для Realme GT Master Edition/GT 5G/GT Neo (RMX3363/RMX2202) в сборе с тачскрином Черный - (OLED),3300 ₽,2790 ₽,/catalog/displei/displey-dlya-realme-gt-master-edition-gt-5g-gt-neo-rmx3363-rmx2202-v-sbore-s-tachskrinom-chernyy-ole/,2026-09-10 10:49:45
"Дисплей для iPhone 13 mini (A2630) в сборе с тачскрином Черный - (Hard OLED, HD+) Стандарт",5400 ₽,4590 ₽,/catalog/displei/displey-dlya-iphone-13-mini-a2630-v-sbore-s-tachskrinom-chernyy-hard-oled-hd-standart/,2026-09-10 10:49:45
"Дисплей для Samsung Galaxy A07 4G (A075F) модуль с рамкой Черный - OR (HD+, 300 Кд/м², 90 Гц)",1300 ₽,1070 ₽,/catalog/displei/displey-dlya-samsung-galaxy-a07-4g-a075f-modul-s-ramkoy-chernyy-or-hd-300-kd-m-90-gts/,2026-09-10 10:49:45
Дисплей для Samsung Galaxy A22s 5G (A226B) модуль c рамкой Черный - OR Ref. (SP),1500 ₽,1220 ₽,/catalog/displei/displey-dlya-samsung-galaxy-a22s-5g-a226b-modul-c-ramkoy-chernyy-or-ref-sp/,2026-09-10 10:49:45
"Дисплей для Xiaomi Poco M3 Pro 5G/Redmi Note 10T/10 5G (M2103K19Y/M2103K19PG/M2103K19G) в сборе с тачскрином Черный - OR (Full HD, 300 Кд/м², 90 Гц)",900 ₽,740 ₽,/catalog/displei/displey-dlya-xiaomi-poco-m3-pro-5g-redmi-note-10t-10-5g-m2103k19pg-m2103k19y-v-sbore-s-tachskrinom-ch/,2026-09-10 10:49:45
Дисплей для Huawei Y8p/Honor 30i/P Smart S (AQM-LX1/LRA-LX1) в сборе с тачскрином Черный - OR,2900 ₽,2440 ₽,/catalog/displei/displey-dlya-huawei-y8p-honor-30i-p-smart-s-aqm-lx1-lra-lx1-v-sbore-s-tachskrinom-chernyy-or/,2026-09-10 10:49:45
Дисплей для Xiaomi Redmi Note 13 4G (23129RAA4G/23124RA7EO/23129RA5FL) модуль с рамкой Черный - OR (SP),6100 ₽,5180 ₽,/catalog/displei/displey-dlya-xiaomi-redmi-note-13-4g-23129raa4g-23124ra7eo-23129ra5fl-modul-s-ramkoy-chernyy-or-sp/,2026-09-10 10:49:45
"Дисплей для Samsung Galaxy A05s (A057F) в сборе с тачскрином Черный - OR (Full HD, 300 Кд/м², 90 Гц)",1100 ₽,890 ₽,/catalog/displei/displey-dlya-samsung-galaxy-a05s-a057f-v-sbore-s-tachskrinom-chernyy-or-full-hd-300-kd-m-90-gts/,2026-09-10 10:49:45
Дисплей для Tecno Spark 30 Pro (KL7) модуль с рамкой Черный - OR,3800 ₽,3240 ₽,/catalog/displei/displey-dlya-tecno-spark-30-pro-kl7-modul-s-ramkoy-chernyy-or/,2026-09-10 10:49:45
Дисплей для Xiaomi Redmi Note 13 4G (23129RAA4G/23124RA7EO/23129RA5FL) модуль с рамкой Черный - (In-Cell),1400 ₽,1180 ₽,/catalog/displei/displey-dlya-xiaomi-redmi-note-13-4g-23129raa4g-23124ra7eo-23129ra5fl-modul-s-ramkoy-chernyy-in-cell/,2026-09-10 10:49:45
Дисплей для Xiaomi Poco X6 Pro 5G (2311DRK48G) модуль с рамкой Черный - OR,3800 ₽,3230 ₽,/catalog/displei/displey-dlya-xiaomi-poco-x6-pro-5g-2311drk48g-modul-s-ramkoy-chernyy-or/,2026-09-10 10:49:45
"Дисплей для Huawei Honor 50 Lite/Nova 8i/X20 (NTN-LX1/NEN-LX1/NTN-AN20) в сборе с тачскрином Черный - OR (Full HD, 300 Кд/м², 60 Гц)",1200 ₽,950 ₽,/catalog/displei/displey-dlya-huawei-honor-50-lite-nova-8i-x20-ntn-lx1-nen-lx1-ntn-an20-v-sbore-s-tachskrinom-chernyy/,2026-09-10 10:49:45
Дисплей для Huawei Honor 10 Lite/10i/20e (HRY-LX1/HRY-LX1T) в сборе с тачскрином Черный - Стандарт (COG),700 ₽,590 ₽,/catalog/displei/displey-dlya-huawei-honor-10-lite-10i-20e-hry-lx1-hry-lx1t-v-sbore-s-tachskrinom-chernyy-standart-co/,2026-09-10 10:49:45
"Дисплей для Realme C67 4G (RMX3890) в сборе с тачскрином Черный - OR (Full HD, 300 Кд/м², 90 Гц)",900 ₽,750 ₽,/catalog/displei/displey-dlya-realme-c67-4g-rmx3890-v-sbore-s-tachskrinom-chernyy-or/,2026-09-10 10:49:45
Дисплей для Tecno Camon 30S (CLA5) в сборе с тачскрином Черный - OR,3700 ₽,3160 ₽,/catalog/displei/displey-dlya-tecno-camon-30s-cla5-v-sbore-s-tachskrinom-chernyy-or/,2026-09-10 10:49:45
"Дисплей для Huawei MatePad SE 10.4"" (AGS5-L09/AGS5-W09/AGS5-W00) в сборе с тачскрином Черный - Оптима",2600 ₽,2190 ₽,/catalog/displei/displey-dlya-huawei-matepad-se-10-4-ags5-l09-ags5-w09-ags5-w00-v-sbore-s-tachskrinom-chernyy-optima/,2026-09-10 10:49:45
Дисплей для Huawei Honor 200 (ELI-AN00) в сборе с тачскрином Черный - OR,2800 ₽,2330 ₽,/catalog/displei/displey-dlya-huawei-honor-200-eli-an00-v-sbore-s-tachskrinom-chernyy-or/,2026-09-10 10:49:45
"Дисплей для Realme C53/C51 (RMX3760/RMX3830) в сборе с тачскрином Черный - OR100 (HD+, 400 Кд/м², 90 Гц)",1300 ₽,1030 ₽,/catalog/displei/displey-dlya-realme-c53-c51-rmx3760-rmx3830-v-sbore-s-tachskrinom-chernyy-or100/,2026-09-10 10:49:45
Дисплей для Huawei Honor 70 (FNE-NX9) модуль с рамкой Черный - OR,3500 ₽,2950 ₽,/catalog/displei/displey-dlya-huawei-honor-70-fne-nx9-modul-s-ramkoy-chernyy-or/,2026-09-10 10:49:45
"Дисплей для Xiaomi Redmi 12C (22120RN86G) модуль с рамкой Черный - OR (HD+, 300 Кд/м², 60 Гц)",1100 ₽,890 ₽,/catalog/displei/displey-dlya-xiaomi-redmi-12c-22120rn86g-modul-s-ramkoy-chernyy-or-hd-300-kd-m-60-gts-60-gts/,2026-09-10 10:49:45
"Дисплей для Huawei Honor X8a 4G/90 Lite (CRT-LX1/CRT-NX1) модуль с рамкой Серебро - OR (Full HD, 300 Кд/м², 90 Гц)",1800 ₽,1490 ₽,/catalog/displei/displey-dlya-huawei-honor-x8a-4g-90-lite-crt-lx1-crt-nx1-modul-s-ramkoy-serebro-or/,2026-09-10 10:49:45
Дисплей для Samsung Galaxy M30s/M21 (M307F/M215F) модуль с рамкой Черный - (OLED),2300 ₽,1950 ₽,/catalog/displei/displey-dlya-samsung-galaxy-m30s-m21-m307f-m215f-modul-s-ramkoy-chernyy-oled/,2026-09-10 10:49:45
"Дисплей для iPhone Xr, совместимый с корпусом iPhone 13/14/15 в сборе с тачскрином Черный - Оптима",1700 ₽,1390 ₽,/catalog/displei/displey-dlya-iphone-xr-sovmestimyy-s-korpusom-iphone-13-14-15-v-sbore-s-tachskrinom-chernyy-optima/,2026-09-10 10:49:45
"Дисплей для Xiaomi Redmi A5/Poco C71 (25028RN03A/25028PC03G) в сборе с тачскрином Черный - OR100 (HD+, 400 Кд/м², 120 Гц)",1100 ₽,870 ₽,/catalog/displei/displey-dlya-xiaomi-redmi-a5-poco-c71-25028rn03a-25028pc03g-v-sbore-s-tachskrinom-chernyy-or100/,2026-09-10 10:49:45
Дисплей для Samsung Galaxy A25 5G (A256E) модуль с рамкой Черный - (OLED) (Full Size),3300 ₽,2740 ₽,/catalog/displei/displey-dlya-samsung-galaxy-a25-5g-a256e-modul-s-ramkoy-chernyy-oled-full-size/,2026-09-10 10:49:45
"Дисплей для Tecno Spark Go 2022 (KG5m) в сборе с тачскрином Черный - OR (HD+, 300 Кд/м², 60 Гц)",850 ₽,720 ₽,/catalog/displei/displey-dlya-tecno-spark-go-2022-kg5m-v-sbore-s-tachskrinom-chernyy-or-hd-300-kd-m-60-gts/,2026-09-10 10:49:45
Дисплей для Infinix Note 30i (X6716) в сборе с тачскрином Черный - (OLED),3400 ₽,2890 ₽,/catalog/displei/displey-dlya-infinix-note-30i-x6716-v-sbore-s-tachskrinom-chernyy-oled/,2026-09-10 10:49:45
Дисплей для Huawei Honor 90 (REA-NX9) модуль с рамкой Зеленый - OR,3700 ₽,3080 ₽,/catalog/displei/displey-dlya-huawei-honor-90-rea-nx9-modul-s-ramkoy-zelenyy-or/,2026-09-10 10:49:45
Дисплей для Huawei P60/P60 Pro (LNA-LX9/MNA-LX9) в сборе с тачскрином Черный - OR,5100 ₽,4340 ₽,/catalog/displei/displey-dlya-huawei-p60-p60-pro-lna-lx9-mna-lx9-v-sbore-s-tachskrinom-chernyy-or/,2026-09-10 10:49:45
Дисплей для iPhone 7 в сборе с тачскрином Черный - Премиум,1200 ₽,980 ₽,/catalog/displei/displey-dlya-iphone-7-v-sbore-s-tachskrinom-chernyy-premium/,2026-09-10 10:49:45
Дисплей для Xiaomi Poco M7 4G/Redmi 15 4G (25062PC34G/25062RN2DY) в сборе с тачскрином Черный - OR100,1700 ₽,1370 ₽,/catalog/displei/displey-dlya-xiaomi-poco-m7-4g-redmi-15-4g-25062pc34g-25062rn2dy-v-sbore-s-tachskrinom-chernyy-or100/,2026-09-10 10:49:45
Дисплей для Xiaomi 12T/12T Pro (22071212AG/MZB0CE5RU) в сборе с тачскрином Черный - OR,3300 ₽,2740 ₽,/catalog/displei/displey-dlya-xiaomi-12t-12t-pro-22071212ag-mzb0ce5ru-v-sbore-s-tachskrinom-chernyy-or/,2026-09-10 10:49:45
"Дисплей для iPhone 12 Pro Max (A2411) в сборе с тачскрином Черный - (Hard OLED, Full HD) (площадка под IC)",3700 ₽,3090 ₽,/catalog/displei/displey-dlya-iphone-12-pro-max-a2411-v-sbore-s-tachskrinom-chernyy-hard-oled-full-hd-ploshchadka-pod/,2026-09-10 10:49:45
"Дисплей для Huawei MatePad 11.5"" 2023 (BTK-W09/BTK-AL09) в сборе с тачскрином Черный - Оптима",2500 ₽,2090 ₽,/catalog/displei/displey-dlya-huawei-matepad-11-5-2023-btk-w09-btk-al09-v-sbore-s-tachskrinom-chernyy-optima/,2026-09-10 10:49:45
"Дисплей для Realme Narzo 50A (RMX3430) в сборе с тачскрином Черный - OR (HD+, 300 Кд/м², 60 Гц)",900 ₽,760 ₽,/catalog/displei/displey-dlya-realme-narzo-50a-rmx3430-v-sbore-s-tachskrinom-chernyy-or-hd-300-kd-m-60-gts/,2026-09-10 10:49:45
Дисплей для Huawei Honor X9a 5G/X40/Magic 5 Lite (RMO-NX1) модуль с рамкой Черный - OR,3900 ₽,3250 ₽,/catalog/displei/displey-dlya-huawei-honor-x9a-5g-x40-magic-5-lite-rmo-nx1-modul-s-ramkoy-chernyy-or/,2026-09-10 10:49:45
Дисплей для iPhone 11 Pro Max (A2218) в сборе с тачскрином Черный - (In-Cell) Стандарт,1200 ₽,990 ₽,/catalog/displei/displey-dlya-iphone-11-pro-max-a2218-v-sbore-s-tachskrinom-chernyy-in-cell-standart/,2026-09-10 10:49:45
Дисплей для Realme 10 4G (RMX3630) модуль с рамкой Черный - (In-Cell),1400 ₽,1150 ₽,/catalog/displei/displey-dlya-realme-10-4g-rmx3630-modul-s-ramkoy-chernyy-in-cell/,2026-09-10 10:49:45
"Дисплей для Huawei P40 Lite (JNY-LX1) в сборе с тачскрином Черный - OR (Full HD, 300 Кд/м², 60 Гц)",1300 ₽,1070 ₽,/catalog/displei/displey-dlya-huawei-p40-lite-jny-lx1-v-sbore-s-tachskrinom-chernyy-or/,2026-09-10 10:49:45
Дисплей для Xiaomi Redmi Note 11 (2201117TY/2201117SY) модуль с рамкой Черный - (In-Cell),1100 ₽,890 ₽,/catalog/displei/displey-dlya-xiaomi-redmi-note-11-2201117ty-2201117sy-modul-s-ramkoy-chernyy-in-cell/,2026-09-10 10:49:45
Дисплей для Xiaomi Poco X5 5G/Redmi Note 12 4G/5G (22111317PG/22111317I/23021RAA2Y) в сборе с тачскрином Черный - OR,5500 ₽,4680 ₽,/catalog/displei/displey-dlya-xiaomi-poco-x5-5g-redmi-note-12-4g-5g-22111317pg-22111317i-23021raa2y-v-sbore-s-tachskr/,2026-09-10 10:49:45
"Дисплей для Tecno Spark Go 2/40 4G/40C (KM4/KM5n/KM4k) в сборе с тачскрином Черный - OR100 (HD+, 400 Кд/м², 120 Гц)",1400 ₽,1190 ₽,/catalog/displei/displey-dlya-tecno-spark-go-2-40-4g-40c-km4-km5n-km4k-v-sbore-s-tachskrinom-chernyy-or100/,2026-09-10 10:49:45
Дисплей для iPhone 13 Pro (A2640) в сборе с тачскрином Черный - (In-Cell) Стандарт,1500 ₽,1250 ₽,/catalog/displei/displey-dlya-iphone-13-pro-a2640-v-sbore-s-tachskrinom-chernyy-in-cell-standart/,2026-09-10 10:49:45
"Дисплей для Tecno Spark Go 2 (KM4) модуль с рамкой Черный - OR (HD+, 300 Кд/м², 120 Гц)",1300 ₽,1070 ₽,/catalog/displei/displey-dlya-tecno-spark-go-2-km4-modul-s-ramkoy-chernyy-or/,2026-09-10 10:49:45
Дисплей для Xiaomi Poco X6 Pro 5G (2311DRK48G) в сборе с тачскрином Черный - OR,3500 ₽,2990 ₽,/catalog/displei/displey-dlya-xiaomi-poco-x6-pro-5g-2311drk48g-v-sbore-s-tachskrinom-chernyy-or/,2026-09-10 10:49:45
"Дисплей для iPhone 13 (A2635) в сборе с тачскрином Черный - JCID (Soft OLED, Full HD) (с верификацией = с привязкой без ошибки)",5600 ₽,4750 ₽,/catalog/displei/displey-dlya-iphone-13-a2635-v-sbore-s-tachskrinom-chernyy-jcid-soft-oled-full-hd-s-verifikatsiey-s-/,2026-09-10 10:49:45
"Дисплей для Realme C25/OPPO A16 (RMX3191/CPH2269) в сборе с тачскрином Черный - OR (HD+, 300 Кд/м², 60 Гц)",800 ₽,670 ₽,/catalog/displei/displey-dlya-realme-c25-oppo-a16-rmx3191-cph2269-v-sbore-s-tachskrinom-chernyy-or/,2026-09-10 10:49:45
Дисплей для Xiaomi Redmi 10 (21061119DG/21061119AG) модуль с рамкой Черный - OR,1200 ₽,1020 ₽,/catalog/displei/displey-dlya-xiaomi-redmi-10-21061119dg-21061119ag-modul-s-ramkoy-chernyy-or/,2026-09-10 10:49:45
Дисплей для Tecno Spark 20 Pro+ (KJ7) модуль с рамкой Черный - OR,4000 ₽,3390 ₽,/catalog/displei/displey-dlya-tecno-spark-20-pro-kj7-modul-s-ramkoy-chernyy-or/,2026-09-10 10:49:45
"Дисплей для Infinix Hot 12 Pro (X668C) в сборе с тачскрином Черный - OR (HD+, 300 Кд/м², 90 Гц)",900 ₽,760 ₽,/catalog/displei/displey-dlya-infinix-hot-12-pro-x668c-v-sbore-s-tachskrinom-chernyy-or/,2026-09-10 10:49:45
"Дисплей для Realme 10 Pro 5G (RMX3661/RMX3660/RMX3663) в сборе с тачскрином Черный - OR (HD+, 300 Кд/м², 120 Гц)",1100 ₽,940 ₽,/catalog/displei/displey-dlya-realme-10-pro-5g-rmx3661-rmx3660-rmx3663-v-sbore-s-tachskrinom-chernyy-or/,2026-09-10 10:49:45
"Дисплей для Samsung Galaxy Tab A9+ 11"" 2023 (X210/X215/X216) в сборе с тачскрином Черный - Оптима",2100 ₽,1740 ₽,/catalog/displei/displey-dlya-samsung-galaxy-tab-a9-11-2023-x210-x215-x216-v-sbore-s-tachskrinom-chernyy-optima/,2026-09-10 10:49:45
Дисплей для iPhone 8 Plus в сборе с тачскрином Белый - Премиум,1200 ₽,990 ₽,/catalog/displei/displey-dlya-iphone-8-plus-v-sbore-s-tachskrinom-belyy-premium/,2026-09-10 10:49:45
"Дисплей для Realme C21Y (RMX3263) в сборе с тачскрином Черный - OR (HD+, 300 Кд/м², 60 Гц)",850 ₽,720 ₽,/catalog/displei/displey-dlya-realme-c21y-rmx3263-v-sbore-s-tachskrinom-chernyy-or-hd-300-kd-m-60-gts/,2026-09-10 10:49:45
"Дисплей для Infinix Hot 50 4G (X6882) модуль с рамкой Черный - OR (Full HD, 300 Кд/м², 120 Гц)",1500 ₽,1240 ₽,/catalog/displei/displey-dlya-infinix-hot-50-4g-x6882-modul-s-ramkoy-chernyy-or-full-hd-300-kd-m-120-gts/,2026-09-10 10:49:45
"Дисплей для Xiaomi Redmi Pad SE 11"" (23073RPBFG) в сборе с тачскрином Черный - Оптима",2300 ₽,1890 ₽,/catalog/displei/displey-dlya-xiaomi-redmi-pad-se-11-23073rpbfg-v-sbore-s-tachskrinom-chernyy-optima/,2026-09-10 10:49:45
"Дисплей для Samsung Galaxy Tab A7 Lite 8.7"" LTE (T225) в сборе с тачскрином Черный - Оптима",1500 ₽,1260 ₽,/catalog/displei/displey-dlya-samsung-galaxy-tab-a7-lite-8-7-lte-t225-v-sbore-s-tachskrinom-chernyy-optima/,2026-09-10 10:49:45
Дисплей для Samsung Galaxy A21s (A217F) модуль c рамкой Черный - OR Ref. (SP),1600 ₽,1290 ₽,/catalog/displei/displey-dlya-samsung-galaxy-a21s-a217f-modul-c-ramkoy-chernyy-or-ref-sp/,2026-09-10 10:49:45
"Дисплей для Realme C21/C20/C11 2021/Narzo 50i (RMX3201/RMX3231/RMX3235) в сборе с тачскрином Черный - OR (HD+, 300 Кд/м², 60 Гц)",950 ₽,780 ₽,/catalog/displei/displey-dlya-realme-c21-c20-c11-2021-narzo-50i-rmx3201-rmx3231-rmx3-9745469d507d11edb31500155d59fe0b/,2026-09-10 10:49:45
"Дисплей для Infinix Smart 8 (X6525) модуль с рамкой Черный - OR (HD+, 300 Кд/м², 90 Гц)",1100 ₽,880 ₽,/catalog/displei/displey-dlya-infinix-smart-8-x6525-modul-s-ramkoy-chernyy-or/,2026-09-10 10:49:45
Дисплей для OPPO Reno 12 F 4G/Realme 12 4G (CPH2687/RMX3871) в сборе с тачскрином Черный - OR,5100 ₽,4330 ₽,/catalog/displei/displey-dlya-oppo-reno-12-f-4g-realme-12-4g-cph2687-rmx3871-v-sbore-s-tachskrinom-chernyy-or/,2026-09-10 10:49:45
"Дисплей для Infinix Hot 50i (X6531) модуль с рамкой Черный - OR (HD+, 300 Кд/м², 120 Гц)",1100 ₽,890 ₽,/catalog/displei/displey-dlya-infinix-hot-50i-x6531-modul-s-ramkoy-chernyy-or/,2026-09-10 10:49:45
Дисплей для Samsung Galaxy M31 (M315F) модуль с рамкой Черный - (OLED),2300 ₽,1930 ₽,/catalog/displei/displey-dlya-samsung-galaxy-m31-m315f-modul-s-ramkoy-chernyy-oled/,2026-09-10 10:49:45
"Дисплей для iPhone 15 (A3090) в сборе с тачскрином Черный - (Soft OLED, Full HD) (площадка под IC)",4700 ₽,3990 ₽,/catalog/displei/displey-dlya-iphone-15-a3090-v-sbore-s-tachskrinom-chernyy-soft-oled-full-hd-ploshchadka-pod-ic/,2026-09-10 10:49:45
Дисплей для Xiaomi 13T/13T Pro (2306EPN60G/23078PND5G) в сборе с тачскрином Черный - OR,3400 ₽,2850 ₽,/catalog/displei/displey-dlya-xiaomi-13t-13t-pro-2306epn60g-23078pnd5g-v-sbore-s-tachskrinom-chernyy-or/,2026-09-10 10:49:45
"Дисплей для Realme C53 (RMX3760) модуль с рамкой Черный - OR (HD+, 300 Кд/м², 90 Гц)",1300 ₽,1040 ₽,/catalog/displei/displey-dlya-realme-c53-rmx3760-modul-s-ramkoy-chernyy-or/,2026-09-10 10:49:45
"Дисплей для Xiaomi Redmi Note 8T (M1908C3XG) в сборе с тачскрином Черный - OR (Full HD, 300 Кд/м², 60 Гц)",900 ₽,740 ₽,/catalog/displei/displey-dlya-xiaomi-redmi-note-8t-m1908c3xg-v-sbore-s-tachskrinom-chernyy-or/,2026-09-10 10:49:45
"Дисплей для Samsung Galaxy A03 (A035F) в сборе с тачскрином Черный - OR (HD+, 300 Кд/м², 60 Гц)",850 ₽,720 ₽,/catalog/displei/displey-dlya-samsung-galaxy-a03-a035f-v-sbore-s-tachskrinom-chernyy-or-hd-300-kd-m-60-gts/,2026-09-10 10:49:45
"Дисплей для Tecno Pova 7 5G (LJ7) в сборе с тачскрином Черный - OR (Full HD, 300 Кд/м², 144 Гц)",1300 ₽,1050 ₽,/catalog/displei/displey-dlya-tecno-pova-7-5g-lj7-v-sbore-s-tachskrinom-chernyy-or/,2026-09-10 10:49:45
Дисплей для Infinix GT 20 Pro (X6871) модуль с рамкой Серебро - OR,3800 ₽,3190 ₽,/catalog/displei/displey-dlya-infinix-gt-20-pro-x6871-modul-s-ramkoy-serebro-or/,2026-09-10 10:49:45
Дисплей для iPhone X (A1865/A1901) в сборе с тачскрином Черный - (In-Cell),1400 ₽,1190 ₽,/catalog/displei/displey-dlya-iphone-x-a1865-a1901-v-sbore-s-tachskrinom-chernyy-in-cell/,2026-09-10 10:49:45
Дисплей для iPhone 11 Pro (A2215) в сборе с тачскрином Черный - (Hard OLED) Стандарт,2000 ₽,1680 ₽,/catalog/displei/displey-dlya-iphone-11-pro-a2215-v-sbore-s-tachskrinom-chernyy-hard-oled-standart/,2026-09-10 10:49:45
Дисплей для Samsung Galaxy A17 4G (A175F) модуль с рамкой Черный - (OLED) (Full Size),3000 ₽,2550 ₽,/catalog/displei/displey-dlya-samsung-galaxy-a17-4g-a175f-modul-s-ramkoy-chernyy-oled-full-size/,2026-09-10 10:49:45
Дисплей для Huawei Honor X6a (5109ATKH) в сборе с тачскрином Черный - OR,850 ₽,690 ₽,/catalog/displei/displey-dlya-huawei-honor-x6a-5109atkh-v-sbore-s-tachskrinom-chernyy-or/,2026-09-10 10:49:45
Дисплей для Samsung Galaxy A50 (A505F) модуль с рамкой Черный - Сервисный Оригинал,5200 ₽,4390 ₽,/catalog/displei/displey-dlya-samsung-galaxy-a50-a505f-modul-s-ramkoy-chernyy-servisnyy-original/,2026-09-10 10:49:45
Дисплей для Xiaomi Redmi Note 13 4G/14 4G/5G (23129RAA4G/23124RA7EO/23129RA5FL/24117RN76O/24117RN76G/24094RAD4G) в сборе с тачскрином Черный - (In-Cell),1000 ₽,830 ₽,/catalog/displei/displey-dlya-xiaomi-redmi-note-13-4g-14-4g-5g-23129raa4g-23124ra7eo-23129ra5fl-24117rn76o-24117rn76g/,2026-09-10 10:49:45
Дисплей для Infinix Zero 30 4G (X6731B) модуль с рамкой Золото - OR,4300 ₽,3630 ₽,/catalog/displei/displey-dlya-infinix-zero-30-4g-x6731b-modul-s-ramkoy-zoloto-or/,2026-09-10 10:49:45
"Дисплей для Huawei Honor X7d 4G (LGN-LX1) в сборе с тачскрином Черный - OR100 (HD+, 400 Кд/м², 120 Гц)",1300 ₽,1080 ₽,/catalog/displei/displey-dlya-huawei-honor-x7d-4g-lgn-lx1-v-sbore-s-tachskrinom-chernyy-or100/,2026-09-10 10:49:45
"Дисплей для Tecno Spark 30 4G (KL6) модуль с рамкой Черный - OR (Full HD, 300 Кд/м², 90 Гц)",1500 ₽,1240 ₽,/catalog/displei/displey-dlya-tecno-spark-30-4g-kl6-modul-s-ramkoy-chernyy-or/,2026-09-10 10:49:45
Дисплей для Infinix Note 30i (X6716) модуль с рамкой Черный - (In-Cell),1200 ₽,970 ₽,/catalog/displei/displey-dlya-infinix-note-30i-x6716-modul-s-ramkoy-chernyy-in-cell/,2026-09-10 10:49:45
Дисплей для Xiaomi Poco X5 5G/Redmi Note 12 5G (22111317PG/22111317I) модуль с рамкой Черный - (OLED),2600 ₽,2180 ₽,/catalog/displei/displey-dlya-xiaomi-poco-x5-5g-redmi-note-12-5g-22111317pg-22111317i-modul-s-ramkoy-chernyy-oled/,2026-09-10 10:49:45
Дисплей для Xiaomi Redmi Note 12 Pro 4G (2209116AG) модуль с рамкой Черный - (OLED),2600 ₽,2190 ₽,/catalog/displei/displey-dlya-xiaomi-redmi-note-12-pro-4g-2209116ag-modul-s-ramkoy-chernyy-oled/,2026-09-10 10:49:45
Дисплей для Samsung Galaxy A24 4G (A245F) модуль с рамкой Черный - OR (SP),5500 ₽,4690 ₽,/catalog/displei/displey-dlya-samsung-galaxy-a24-4g-a245f-modul-s-ramkoy-chernyy-or-sp/,2026-09-10 10:49:45
"Дисплей для Tecno Spark Go 2023 (BF7) в сборе с тачскрином Черный - OR (HD+, 300 Кд/м², 60 Гц)",950 ₽,770 ₽,/catalog/displei/displey-dlya-tecno-spark-go-2023-bf7-v-sbore-s-tachskrinom-chernyy-or-hd-300-kd-m-60-gts/,2026-09-10 10:49:45
Дисплей для Huawei Honor 90 (REA-NX9) модуль с рамкой Черный - OR,3800 ₽,3180 ₽,/catalog/displei/displey-dlya-huawei-honor-90-rea-nx9-modul-s-ramkoy-chernyy-or/,2026-09-10 10:49:45
"Дисплей для Infinix Hot 40 (X6836) модуль с рамкой Черный - OR (Full HD, 300 Кд/м², 90 Гц)",1300 ₽,1040 ₽,/catalog/displei/displey-dlya-infinix-hot-40-x6836-modul-s-ramkoy-chernyy-or/,2026-09-10 10:49:45
Дисплей для Tecno Pova 4 Pro (LG8n) в сборе с тачскрином Черный - (OLED),3200 ₽,2690 ₽,/catalog/displei/displey-dlya-tecno-pova-4-pro-lg8n-v-sbore-s-tachskrinom-chernyy-oled/,2026-09-10 10:49:45
Дисплей для Huawei Honor 400 (DNY-NX9) в сборе с тачскрином Черный - OR,3600 ₽,3050 ₽,/catalog/displei/displey-dlya-huawei-honor-400-dny-nx9-v-sbore-s-tachskrinom-chernyy-or/,2026-09-10 10:49:45
Дисплей для Samsung Galaxy A52/A52 5G/A52s 5G (A525F/A526B/A528B) модуль с рамкой Черный - (In-Cell),1200 ₽,980 ₽,/catalog/displei/displey-dlya-samsung-galaxy-a52-a52-5g-a52s-5g-a525f-a526b-a528b-modul-s-ramkoy-chernyy-in-cell/,2026-09-10 10:49:45
"Дисплей для Tecno Spark 9 Pro/9T/9 Pro Sport (KH7n) в сборе с тачскрином Черный - OR (Full HD, 300 Кд/м², 60 Гц)",950 ₽,790 ₽,/catalog/displei/displey-dlya-tecno-spark-9-pro-9t-9-pro-sport-kh7n-v-sbore-s-tachskrinom-chernyy-or/,2026-09-10 10:49:45
"Дисплей для Huawei Nova Y61 (EVE-LX9N) в сборе с тачскрином Черный - OR (HD+, 300 Кд/м², 60 Гц)",900 ₽,760 ₽,/catalog/displei/displey-dlya-huawei-nova-y61-eve-lx9n-v-sbore-s-tachskrinom-chernyy-or-hd-300-kd-m-60-gts/,2026-09-10 10:49:45
Дисплей для Xiaomi Redmi Note 11/11S 4G/Poco M4 Pro 4G (2201117TY/2201117SY/2201117PG) в сборе с тачскрином Черный - (In-Cell),850 ₽,690 ₽,/catalog/displei/displey-dlya-xiaomi-redmi-note-11-11s-4g-poco-m4-pro-4g-2201117ty-2201117sy-2201117pg-v-sbore-s-tach/,2026-09-10 10:49:45
"Дисплей для iPhone 15 Pro (A3102) в сборе с тачскрином Черный - (Soft OLED, Full HD, 120 Гц) (с верификацией = с привязкой без ошибки)",8500 ₽,7230 ₽,/catalog/displei/displey-dlya-iphone-15-pro-a3102-v-sbore-s-tachskrinom-chernyy-soft-oled-full-hd-120-gts-s-verifikats/,2026-09-10 10:49:45
"Дисплей для Huawei Honor X7/Play6/Enjoy 30 Plus (CMA-LX1/CMA-LX2) в сборе с тачскрином Черный - OR (HD+, 300 Кд/м², 90 Гц)",850 ₽,690 ₽,/catalog/displei/displey-dlya-huawei-honor-x7-play6-enjoy-30-plus-cma-lx1-cma-lx2-v-sbore-s-tachskrinom-chernyy-or/,2026-09-10 10:49:45
"Дисплей для Xiaomi Redmi Note 7/7 Pro (M1901F7G) в сборе с тачскрином Черный - OR (Full HD, 300 Кд/м², 60 Гц)",850 ₽,690 ₽,/catalog/displei/displey-dlya-xiaomi-redmi-note-7-7-pro-m1901f7g-v-sbore-s-tachskrinom-chernyy-or-full-hd-300-kd-m-60/,2026-09-10 10:49:45
Дисплей для Samsung Galaxy S22 Ultra (S908B/S908E/S9080) модуль с рамкой Черный - (OLED),7100 ₽,5990 ₽,/catalog/displei/displey-dlya-samsung-galaxy-s22-ultra-s908b-s9080-modul-s-ramkoy-chernyy-oled/,2026-09-10 10:49:45
"Дисплей для Samsung Galaxy A07 4G/M07 4G (A075F/M075F) в сборе с тачскрином Черный - OR100 (HD+, 400 Кд/м², 90 Гц)",1200 ₽,960 ₽,/catalog/displei/displey-dlya-samsung-galaxy-a07-4g-m07-4g-a075f-m075f-v-sbore-s-tachskrinom-chernyy-or100/,2026-09-10 10:49:45
Дисплей для Realme 12 Pro 5G/12 Pro+ 5G (RMX3842/RMX3840/RMX3841) в сборе с тачскрином Черный - OR,3300 ₽,2780 ₽,/catalog/displei/displey-dlya-realme-12-pro-5g-12-pro-5g-rmx3842-rmx3840-rmx3841-v-sbore-s-tachskrinom-chernyy-or/,2026-09-10 10:49:45
Дисплей для Realme 11 4G (RMX3636) модуль с рамкой Черный - (OLED),4100 ₽,3460 ₽,/catalog/displei/displey-dlya-realme-11-4g-rmx3636-modul-s-ramkoy-chernyy-oled/,2026-09-10 10:49:45
Дисплей для iPhone 8 Plus в сборе с тачскрином Черный - Премиум,1200 ₽,990 ₽,/catalog/displei/displey-dlya-iphone-8-plus-v-sbore-s-tachskrinom-chernyy-premium/,2026-09-10 10:49:45
Дисплей для Infinix Note 30i (X6716) в сборе с тачскрином Черный - (In-Cell),850 ₽,690 ₽,/catalog/displei/displey-dlya-infinix-note-30i-x6716-v-sbore-s-tachskrinom-chernyy-in-cell/,2026-09-10 10:49:45
Дисплей для Tecno Spark 8C (KG5n) модуль с рамкой Черный - OR,1100 ₽,890 ₽,/catalog/displei/displey-dlya-tecno-spark-8c-kg5n-modul-s-ramkoy-chernyy-or/,2026-09-10 10:49:45
Дисплей для Xiaomi 14T/14T Pro (2406APNFAG/2407FPN8EG) в сборе с тачскрином Черный - OR,2700 ₽,2240 ₽,/catalog/displei/displey-dlya-xiaomi-14t-14t-pro-2406apnfag-2407fpn8eg-v-sbore-s-tachskrinom-chernyy-or/,2026-09-10 10:49:45
"Дисплей для Infinix Smart 9/9 HD (X6532/X6532C) модуль с рамкой Черный - OR (HD+, 300 Кд/м², 120 Гц)",1300 ₽,1070 ₽,/catalog/displei/displey-dlya-infinix-smart-9-9-hd-x6532-x6532c-modul-s-ramkoy-chernyy-or-hd-300-kd-m-120-gts/,2026-09-10 10:49:45
"Дисплей для iPhone 15 Pro Max (A3106) в сборе с тачскрином Черный - DD (Soft OLED, Full HD, 120 Гц) (с верификацией = с привязкой без ошибки)",7500 ₽,6340 ₽,/catalog/displei/displey-dlya-iphone-15-pro-max-a3106-v-sbore-s-tachskrinom-chernyy-dd-soft-oled-full-hd-120-gts-s-ve/,2026-09-10 10:49:45
"Дисплей для Samsung Galaxy A05 (A055F) в сборе с тачскрином Черный - OR (HD+, 300 Кд/м², 60 Гц)",900 ₽,740 ₽,/catalog/displei/displey-dlya-samsung-galaxy-a05-a055f-v-sbore-s-tachskrinom-chernyy-or-hd-300-kd-m-60-gts/,2026-09-10 10:49:45
"Дисплей для iPhone 16 (A3287) в сборе с тачскрином Черный - (Soft OLED, Full HD) (площадка под IC)",4700 ₽,3990 ₽,/catalog/displei/displey-dlya-iphone-16-a3287-v-sbore-s-tachskrinom-chernyy-soft-oled-full-hd-ploshchadka-pod-ic/,2026-09-10 10:49:45
"Дисплей для Itel A70 (A665L) в сборе с тачскрином Черный - OR (HD+, 300 Кд/м², 60 Гц)",800 ₽,670 ₽,/catalog/displei/displey-dlya-itel-a70-a665l-v-sbore-s-tachskrinom-chernyy-or-hd-300-kd-m-60-gts/,2026-09-10 10:49:45
"Дисплей для Xiaomi Redmi 12C/Poco C55 (22120RN86G) в сборе с тачскрином Черный - OR100 (HD+, 400 Кд/м², 60 Гц)",1200 ₽,990 ₽,/catalog/displei/displey-dlya-xiaomi-redmi-12c-poco-c55-22120rn86g-v-sbore-s-tachskrinom-chernyy-or100/,2026-09-10 10:49:45
Дисплей для iPhone 12 Pro Max (A2411) в сборе с тачскрином Черный - (In-Cell) Стандарт,1400 ₽,1150 ₽,/catalog/displei/displey-dlya-iphone-12-pro-max-a2411-v-sbore-s-tachskrinom-chernyy-in-cell-standart/,2026-09-10 10:49:45
Дисплей для Xiaomi Poco X4 GT (22041216G) в сборе с тачскрином Черный - OR,950 ₽,790 ₽,/catalog/displei/displey-dlya-xiaomi-poco-x4-gt-22041216g-v-sbore-s-tachskrinom-chernyy-or/,2026-09-10 10:49:45
"Дисплей для Tecno Pova 3 (LF7n) в сборе с тачскрином Черный - OR (Full HD, 300 Кд/м², 90 Гц)",1100 ₽,880 ₽,/catalog/displei/displey-dlya-tecno-pova-3-lf7n-v-sbore-s-tachskrinom-chernyy-or-full-hd-300-kd-m-90-gts/,2026-09-10 10:49:45
"Дисплей для Xiaomi Redmi Note 8/8 2021 (M1908C3JC) в сборе с тачскрином Черный - OR (Full HD, 300 Кд/м², 60 Гц)",850 ₽,690 ₽,/catalog/displei/displey-dlya-xiaomi-redmi-note-8-8-2021-m1908c3jc-v-sbore-s-tachskrinom-chernyy-or/,2026-09-10 10:49:45
"Дисплей для iPhone 11 Pro Max (A2218) в сборе с тачскрином Черный - (Soft OLED, Full HD) (площадка под IC)",3900 ₽,3250 ₽,/catalog/displei/displey-dlya-iphone-11-pro-max-a2218-v-sbore-s-tachskrinom-chernyy-soft-oled-full-hd-ploshchadka-pod/,2026-09-10 10:49:45
"Дисплей для Huawei Nova Y90 (CTR-LX1) в сборе с тачскрином Черный - OR (Full HD, 300 Кд/м², 90 Гц)",1300 ₽,1050 ₽,/catalog/displei/displey-dlya-huawei-nova-y90-ctr-lx1-v-sbore-s-tachskrinom-chernyy-or/,2026-09-10 10:49:45
Дисплей для Samsung Galaxy A71 (A715F) модуль с рамкой Черный - (OLED) (Full Size),2700 ₽,2290 ₽,/catalog/displei/displey-dlya-samsung-galaxy-a71-a715f-modul-s-ramkoy-chernyy-oled-full-size/,2026-09-10 10:49:45
"Дисплей для Realme 8i/Narzo 50 4G (RMX3151/RMX3286) модуль с рамкой Черный - OR (Full HD, 300 Кд/м², 120 Гц)",1400 ₽,1190 ₽,/catalog/displei/displey-dlya-realme-8i-narzo-50-4g-rmx3151-rmx3286-modul-s-ramkoy-chernyy-or/,2026-09-10 10:49:45
"Дисплей для Tecno Spark 8P/8T/Infinix Hot 11 X662B/Itel Vision 5 Plus/S18 Pro (KG7n/KG6p) в сборе с тачскрином Черный - OR (Full HD, 300 Кд/м², 90 Гц)",1100 ₽,870 ₽,/catalog/displei/displey-dlya-tecno-spark-8p-8t-infinix-hot-11-x662b-itel-vision-5-plus-s18-pro-kg7n-kg6p-v-sbore-s-t/,2026-09-10 10:49:45
"Дисплей для Tecno Spark Go 2024 (BG6) в сборе с тачскрином Черный - OR100 (HD+, 400 Кд/м², 90 Гц)",1100 ₽,890 ₽,/catalog/displei/displey-dlya-tecno-spark-go-2024-bg6-v-sbore-s-tachskrinom-chernyy-or100/,2026-09-10 10:49:45
"Дисплей для Xiaomi Redmi A3/Poco C61 (23129RN51X/2312BPC51X) в сборе с тачскрином Черный - OR100 (HD+, 400 Кд/м², 90 Гц)",1200 ₽,960 ₽,/catalog/displei/displey-dlya-xiaomi-redmi-a3-poco-c61-23129rn51x-2312bpc51x-v-sbore-s-tachskrinom-chernyy-or100/,2026-09-10 10:49:45
Дисплей для Tecno Camon 20 Pro 4G/20 (CK7n/CK6n) модуль с рамкой Черный - OR,3000 ₽,2560 ₽,/catalog/displei/displey-dlya-tecno-camon-20-pro-4g-20-ck7n-ck6n-modul-s-ramkoy-chernyy-or/,2026-09-10 10:49:45
"Дисплей для Infinix Hot 40i (X6528B) в сборе с тачскрином Черный - OR100 (HD+, 400 Кд/м², 90 Гц)",1100 ₽,870 ₽,/catalog/displei/displey-dlya-infinix-hot-40i-x6528b-v-sbore-s-tachskrinom-chernyy-or100/,2026-09-10 10:49:45
"Дисплей для Xiaomi Redmi A2+ (23028RNCAG) модуль с рамкой Черный - OR (HD+, 300 Кд/м², 60 Гц)",1300 ₽,1060 ₽,/catalog/displei/displey-dlya-xiaomi-redmi-a2-23028rncag-modul-s-ramkoy-chernyy-or-hd-300-kd-m-60-gts/,2026-09-10 10:49:45
Дисплей для iPhone 7 в сборе с тачскрином Черный - Оптима,800 ₽,660 ₽,/catalog/displei/displey-dlya-iphone-7-v-sbore-s-tachskrinom-chernyy-optima/,2026-09-10 10:49:45
"Дисплей для Tecno Camon 18/18P (CH6n/CH7n) в сборе с тачскрином Черный - OR (Full HD, 300 Кд/м², 90 Гц)",1000 ₽,830 ₽,/catalog/displei/displey-dlya-tecno-camon-18-18p-ch6n-ch7n-v-sbore-s-tachskrinom-chernyy-or-full-hd-300-kd-m-90-gts/,2026-09-10 10:49:45
"Дисплей для Tecno Camon 19 Pro (CI8n) в сборе с тачскрином Черный - OR (HD+, 300 Кд/м², 120 Гц)",1000 ₽,830 ₽,/catalog/displei/displey-dlya-tecno-camon-19-pro-ci8n-v-sbore-s-tachskrinom-chernyy-or/,2026-09-10 10:49:45
Дисплей для Samsung Galaxy A31 (A315F) модуль с рамкой Черный - (In-Cell),1200 ₽,960 ₽,/catalog/displei/displey-dlya-samsung-galaxy-a31-a315f-modul-s-ramkoy-chernyy-in-cell/,2026-09-10 10:49:45
Дисплей для Xiaomi Redmi Note 13 Pro 4G (23117RA68G) модуль с рамкой Черный - OR,3400 ₽,2890 ₽,/catalog/displei/displey-dlya-xiaomi-redmi-note-13-pro-4g-23117ra68g-modul-s-ramkoy-chernyy-or/,2026-09-10 10:49:45
Дисплей для Samsung Galaxy S10+ (G975F) модуль с рамкой Черный - (In-Cell),2100 ₽,1740 ₽,/catalog/displei/displey-dlya-samsung-galaxy-s10-g975f-modul-s-ramkoy-chernyy-in-cell/,2026-09-10 10:49:45
Дисплей для Tecno Camon 20 Pro 4G/5G/20/20 Premier 5G (CK7n/CK8n/CK6n/CK9n) в сборе с тачскрином Черный - OR,3100 ₽,2590 ₽,/catalog/displei/displey-dlya-tecno-camon-20-pro-4g-5g-20-20-premier-5g-ck7n-ck8n-ck-9cd371d3dd5c11efb32600155d59fe46/,2026-09-10 10:49:45
Дисплей для Samsung Galaxy A54 5G (A546E) модуль с рамкой Черный - (OLED) (Full Size),2800 ₽,2390 ₽,/catalog/displei/displey-dlya-samsung-galaxy-a54-5g-a546e-modul-s-ramkoy-chernyy-oled-full-size/,2026-09-10 10:49:45
Дисплей для Xiaomi Redmi Note 10/10S/Poco M5s (M2101K7AG/M2101K7BNY/M2102K7AG/2207117BPG) в сборе с тачскрином Черный - OR,5800 ₽,4890 ₽,/catalog/displei/displey-dlya-xiaomi-redmi-note-10-10s-poco-m5s-m2101k7ag-m2101k7bny-m2102k7ag-2207117bpg-v-sbore-s-t/,2026-09-10 10:49:45
"Дисплей для Infinix Hot 11S (X6812B) в сборе с тачскрином Черный - OR (Full HD, 300 Кд/м², 90 Гц)",900 ₽,750 ₽,/catalog/displei/displey-dlya-infinix-hot-11s-x6812b-v-sbore-s-tachskrinom-chernyy-or/,2026-09-10 10:49:45
"Дисплей для Xiaomi Poco M6 4G (2404APC5FG) модуль с рамкой Черный - OR (Full HD, 300 Кд/м², 90 Гц)",1400 ₽,1190 ₽,/catalog/displei/displey-dlya-xiaomi-poco-m6-4g-2404apc5fg-modul-s-ramkoy-chernyy-or/,2026-09-10 10:49:45
"Дисплей для Samsung Galaxy A11/M11 (A115F/M115F) в сборе с тачскрином Черный - OR (HD+, 300 Кд/м², 60 Гц)",950 ₽,790 ₽,/catalog/displei/displey-dlya-samsung-galaxy-a11-m11-a115f-m115f-v-sbore-s-tachskrinom-chernyy-or/,2026-09-10 10:49:45
Дисплей для Samsung Galaxy A56 5G (A566B) модуль с рамкой Серый - OR (SP),7900 ₽,6690 ₽,/catalog/displei/displey-dlya-samsung-galaxy-a56-5g-a566b-modul-s-ramkoy-seryy-or-sp/,2026-09-10 10:49:45
"Дисплей для Huawei Honor 10 (COL-L29) в сборе с тачскрином Черный - OR (отпечаток работает) (Full HD, 300 Кд/м², 60 Гц)",1200 ₽,980 ₽,/catalog/displei/displey-dlya-huawei-honor-10-col-l29-v-sbore-s-tachskrinom-chernyy-or-full-hd-300-kd-m-60-gts-otpech/,2026-09-10 10:49:45
"Дисплей для Tecno Camon 19 Neo (CH6i) в сборе с тачскрином Черный - OR (Full HD, 300 Кд/м², 60 Гц)",1100 ₽,870 ₽,/catalog/displei/displey-dlya-tecno-camon-19-neo-ch6i-v-sbore-s-tachskrinom-chernyy-or-full-hd-300-kd-m-60-gts/,2026-09-10 10:49:45
Дисплей для iPhone 8/SE (2020)/SE (2022) (A2783/A2296) в сборе с тачскрином Черный - Оптима,700 ₽,580 ₽,/catalog/displei/displey-dlya-iphone-8-se-2020-se-2022-a2783-a2296-v-sbore-s-tachskrinom-chernyy-optima/,2026-09-10 10:49:45
"Дисплей для iPhone Xs (A2097/A1920) в сборе с тачскрином Черный - (Hard OLED, Full HD)",2200 ₽,1860 ₽,/catalog/displei/displey-dlya-iphone-xs-a2097-a1920-v-sbore-s-tachskrinom-chernyy-hard-oled-full-hd/,2026-09-10 10:49:45
Дисплей для Vivo V20/V21e 4G/V23e 4G (V2025/V2061/V2116) в сборе с тачскрином Черный - (OLED),2300 ₽,1930 ₽,/catalog/displei/displey-dlya-vivo-v20-v21e-4g-v23e-4g-v2025-v2061-v2116-v-sbore-s-tachskrinom-chernyy-oled/,2026-09-10 10:49:45
"Дисплей для Huawei Honor 20 Pro (YAL-L41) модуль с рамкой Фиолетовый - OR (Full HD, 300 Кд/м², 60 Гц)",2000 ₽,1640 ₽,/catalog/displei/displey-dlya-huawei-honor-20-pro-yal-l41-modul-s-ramkoy-fioletovyy-or/,2026-09-10 10:49:45
"Дисплей для Xiaomi Redmi Note 9 (M2003J15SC/M2003J15SG) модуль с рамкой Черный - OR (Full HD, 300 Кд/м², 60 Гц)",1300 ₽,1060 ₽,/catalog/displei/displey-dlya-xiaomi-redmi-note-9-m2003j15sc-m2003j15sg-modul-s-ramkoy-chernyy-or/,2026-09-10 10:49:45
"Дисплей для OPPO A53 (CPH2127) в сборе с тачскрином Черный - OR (HD+, 300 Кд/м², 90 Гц)",950 ₽,790 ₽,/catalog/displei/displey-dlya-oppo-a53-cph2127-v-sbore-s-tachskrinom-chernyy-or/,2026-09-10 10:49:45
Дисплей для Samsung Galaxy A32 4G (A325F) модуль с рамкой Черный - OR (SP),6600 ₽,5590 ₽,/catalog/displei/displey-dlya-samsung-galaxy-a32-4g-a325f-modul-s-ramkoy-chernyy-or-sp/,2026-09-10 10:49:45
Дисплей для iPhone 5S/SE в сборе с тачскрином Белый - Оптима,700 ₽,590 ₽,/catalog/displei/displey-dlya-iphone-5s-se-v-sbore-s-tachskrinom-belyy-optima/,2026-09-10 10:49:45
"Дисплей для iPhone 13 Pro Max (A2645) в сборе с тачскрином Черный - JCID (Soft OLED, Full HD, 120 Гц) (с верификацией = с привязкой без ошибки)",6100 ₽,5150 ₽,/catalog/displei/displey-dlya-iphone-13-pro-max-a2645-v-sbore-s-tachskrinom-chernyy-jcid-soft-oled-full-hd-120-gts-s-/,2026-09-10 10:49:45
Дисплей для Samsung Galaxy M23 5G/M33 5G (M236B/M336B) в сборе с тачскрином Черный - Оптима,950 ₽,780 ₽,/catalog/displei/displey-dlya-samsung-galaxy-m23-5g-m33-5g-m236b-m336b-v-sbore-s-tachskrinom-chernyy-optima/,2026-09-10 10:49:45
"Дисплей для iPhone 15 Pro Max (A3106) в сборе с тачскрином Черный - JCID (Soft OLED, Full HD, 120 Гц) (с верификацией = с привязкой без ошибки)",9300 ₽,7940 ₽,/catalog/displei/displey-dlya-iphone-15-pro-max-a3106-v-sbore-s-tachskrinom-chernyy-jcid-soft-oled-full-hd-120-gts-s-/,2026-09-10 10:49:45
"Дисплей для OPPO A57s/A57/OnePlus Nord N20 SE (CPH2385/CPH2469) в сборе с тачскрином Черный - OR (HD+, 300 Кд/м², 60 Гц)",850 ₽,690 ₽,/catalog/displei/displey-dlya-oppo-a57s-a57-oneplus-nord-n20-se-cph2385-cph2469-v-sbore-s-tachskrinom-chernyy-or/,2026-09-10 10:49:45
"Дисплей для Realme 9 Pro/Q5 (RMX3472/RMX3471) модуль с рамкой Черный - OR (HD+, 300 Кд/м², 120 Гц)",1300 ₽,1050 ₽,/catalog/displei/displey-dlya-realme-9-pro-q5-rmx3472-rmx3471-modul-s-ramkoy-chernyy-or/,2026-09-10 10:49:45
"Дисплей для Huawei Mate 20 Lite (SNE-LX1) в сборе с тачскрином Черный - OR (HD+, 300 Кд/м², 60 Гц)",1100 ₽,890 ₽,/catalog/displei/displey-dlya-huawei-mate-20-lite-sne-lx1-v-sbore-s-tachskrinom-chernyy-or-hd-300-kd-m-60-gts/,2026-09-10 10:49:45
"Дисплей для Tecno Pova 2 (LE7n) в сборе с тачскрином Черный - OR (HD+, 300 Кд/м², 60 Гц)",1000 ₽,850 ₽,/catalog/displei/displey-dlya-tecno-pova-2-le7n-v-sbore-s-tachskrinom-chernyy-or-hd-300-kd-m-60-gts/,2026-09-10 10:49:45
Дисплей для Infinix Note 12 Pro/12 2023 (X676B/X676С/X670) в сборе с тачскрином Черный - (OLED),3400 ₽,2830 ₽,/catalog/displei/displey-dlya-infinix-note-12-pro-12-2023-x676b-x676s-x670-v-sbore-s-tachskrinom-chernyy-oled/,2026-09-10 10:49:45
Дисплей для Xiaomi Redmi Note 11 (2201117TY) модуль с рамкой Черный - (OLED),3000 ₽,2490 ₽,/catalog/displei/displey-dlya-xiaomi-redmi-note-11-2201117ty-modul-s-ramkoy-chernyy-oled/,2026-09-10 10:49:45
Дисплей для Xiaomi Poco F3/Mi 11i/K40/K40 Pro (M2012K11AG) в сборе с тачскрином Черный - (OLED),2700 ₽,2250 ₽,/catalog/displei/displey-dlya-xiaomi-poco-f3-mi-11i-k40-k40-pro-m2012k11ag-v-sbore-s-tachskrinom-chernyy-oled/,2026-09-10 10:49:45
"Дисплей для iPhone 13 (A2635) в сборе с тачскрином Черный - OR100 (Снятый, без ремонта)",7000 ₽,5940 ₽,/catalog/displei/displey-dlya-iphone-13-a2635-v-sbore-s-tachskrinom-chernyy-or100-snyatyy-bez-remonta/,2026-09-10 10:49:45
"Дисплей для Realme C30s (RMX3690) в сборе с тачскрином Черный - OR (HD+, 300 Кд/м², 60 Гц)",950 ₽,790 ₽,/catalog/displei/displey-dlya-realme-c30s-rmx3690-v-sbore-s-tachskrinom-chernyy-or-hd-300-kd-m-60-gts/,2026-09-10 10:49:45
Дисплей для Huawei Honor 200 (ELI-AN00) модуль с рамкой Черный - OR,3800 ₽,3190 ₽,/catalog/displei/displey-dlya-huawei-honor-200-eli-an00-modul-s-ramkoy-chernyy-or/,2026-09-10 10:49:45
"Дисплей для Vivo Y12/Y11/Y17/Y3 (1904/1906/1902) в сборе с тачскрином Черный - OR (HD+, 300 Кд/м², 60 Гц)",800 ₽,670 ₽,/catalog/displei/displey-dlya-vivo-y12-y11-y17-y3-1904-1906-1902-v-sbore-s-tachskrinom-chernyy-or/,2026-09-10 10:49:45
Дисплей для Tecno Spark Go 1 (KL4) в сборе с тачскрином Черный - Оптима,850 ₽,690 ₽,/catalog/displei/displey-dlya-tecno-spark-go-1-kl4-v-sbore-s-tachskrinom-chernyy-optima/,2026-09-10 10:49:45
Дисплей для Samsung Galaxy A35 5G (A356E) модуль с рамкой Синий - (OLED) (Full Size),3300 ₽,2770 ₽,/catalog/displei/displey-dlya-samsung-galaxy-a35-5g-a356e-modul-s-ramkoy-siniy-oled-full-size/,2026-09-10 10:49:45
"Дисплей для Samsung Galaxy Tab A8 10.5"" 2022 (X200/X205) в сборе с тачскрином Черный - Оптима",2300 ₽,1890 ₽,/catalog/displei/displey-dlya-samsung-galaxy-tab-a8-10-5-2022-x200-x205-v-sbore-s-tachskrinom-chernyy-optima/,2026-09-10 10:49:45
Дисплей для Xiaomi Mi 11 Pro/Mi 11 Ultra (M2102K1G/M2011K1C) в сборе с тачскрином Черный - OR,7400 ₽,6290 ₽,/catalog/displei/displey-dlya-xiaomi-mi-11-pro-mi-11-ultra-m2102k1g-m2011k1c-v-sbore-s-tachskrinom-chernyy-or/,2026-09-10 10:49:45
"Дисплей для Xiaomi Pad 6/6 Pro 11"" (23043RP34G/23046RP50C) в сборе с тачскрином Черный - Оптима",2600 ₽,2150 ₽,/catalog/displei/displey-dlya-xiaomi-pad-6-6-pro-11-23043rp34g-23046rp50c-v-sbore-s-tachskrinom-chernyy-optima/,2026-09-10 10:49:45
Дисплей для Samsung Galaxy A30s (A307F) модуль с рамкой Черный - (OLED),2400 ₽,1970 ₽,/catalog/displei/displey-dlya-samsung-galaxy-a30s-a307f-modul-s-ramkoy-chernyy-oled/,2026-09-10 10:49:45
"Дисплей для Vivo Y20 (V2027) в сборе с тачскрином Черный - OR (HD+, 300 Кд/м², 60 Гц)",800 ₽,680 ₽,/catalog/displei/displey-dlya-vivo-y20-v2027-v-sbore-s-tachskrinom-chernyy-or-hd-300-kd-m-60-gts/,2026-09-10 10:49:45
Дисплей для Samsung Galaxy S24 Ultra (S928B) в сборе с тачскрином Черный - OR (SP),16800 ₽,14290 ₽,/catalog/displei/displey-dlya-samsung-galaxy-s24-ultra-s928b-v-sbore-s-tachskrinom-chernyy-or-sp/,2026-09-10 10:49:45
"Дисплей для Xiaomi Poco X3 NFC/X3 Pro (M2102J20SG/M2007J20CG) модуль с рамкой Черный - OR (Full HD, 300 Кд/м², 120 Гц)",1800 ₽,1490 ₽,/catalog/displei/displey-dlya-xiaomi-poco-x3-nfc-x3-pro-m2102j20sg-m2007j20cg-modul-s-ramkoy-chernyy-or-full-hd-300-k/,2026-09-10 10:49:45
"Дисплей для Samsung Galaxy A03 Core (A032F) в сборе с тачскрином Черный - OR (HD+, 300 Кд/м², 60 Гц)",900 ₽,760 ₽,/catalog/displei/displey-dlya-samsung-galaxy-a03-core-a032f-v-sbore-s-tachskrinom-chernyy-or/,2026-09-10 10:49:45
"Дисплей для Huawei Honor 8X/9X Lite (JSN-L21) модуль с рамкой Черный - OR (Full HD, 300 Кд/м², 60 Гц)",1800 ₽,1490 ₽,/catalog/displei/displey-dlya-huawei-honor-8x-9x-lite-jsn-l21-modul-s-ramkoy-chernyy-or/,2026-09-10 10:49:45
Дисплей для iPhone Xs Max (A1921/A2101) в сборе с тачскрином Черный - GX (Hard OLED),3300 ₽,2740 ₽,/catalog/displei/displey-dlya-iphone-xs-max-a1921-a2101-v-sbore-s-tachskrinom-chernyy-gx-hard-oled/,2026-09-10 10:49:45
"Дисплей для Infinix Hot 30 Play (X6835B) модуль с рамкой Черный - OR (HD+, 300 Кд/м², 90 Гц)",1200 ₽,970 ₽,/catalog/displei/displey-dlya-infinix-hot-30-play-x6835b-modul-s-ramkoy-chernyy-or/,2026-09-10 10:49:45
"Дисплей для Huawei Honor X6b (JDY-LX1/JDY-LX2) модуль с рамкой Черный - OR (HD+, 300 Кд/м², 90 Гц)",1200 ₽,950 ₽,/catalog/displei/displey-dlya-huawei-honor-x6b-jdy-lx1-jdy-lx2-modul-s-ramkoy-chernyy-or/,2026-09-10 10:49:45
"Дисплей для Samsung Galaxy S23 Ultra (S918B) модуль с рамкой Черный - (Soft OLED, 120 Гц) (Full Size)",13600 ₽,11590 ₽,/catalog/displei/displey-dlya-samsung-galaxy-s23-ultra-s918b-modul-s-ramkoy-chernyy-soft-oled-120-gts-full-size/,2026-09-10 10:49:45
Дисплей для Samsung Galaxy S21 Ultra (G998B) модуль с рамкой Черный - (OLED) (Full Size),6700 ₽,5650 ₽,/catalog/displei/displey-dlya-samsung-galaxy-s21-ultra-g998b-modul-s-ramkoy-chernyy-oled-full-size/,2026-09-10 10:49:45
Дисплей для Huawei Nova 11 Pro/10 Pro (GOA-LX9/GLA-LX1) в сборе с тачскрином Черный - OR,4900 ₽,4150 ₽,/catalog/displei/displey-dlya-huawei-nova-11-pro-10-pro-goa-lx9-gla-lx1-v-sbore-s-tachskrinom-chernyy-or/,2026-09-10 10:49:45
"Дисплей для Infinix Smart 7 HD (X6516) в сборе с тачскрином Черный - OR (HD+, 300 Кд/м², 60 Гц)",800 ₽,670 ₽,/catalog/displei/displey-dlya-infinix-smart-7-hd-x6516-v-sbore-s-tachskrinom-chernyy-or/,2026-09-10 10:49:45
"Дисплей для Tecno Spark 20 (KJ5) в сборе с тачскрином Черный - OR100 (HD+, 400 Кд/м², 90 Гц)",1000 ₽,850 ₽,/catalog/displei/displey-dlya-tecno-spark-20-kj5-v-sbore-s-tachskrinom-chernyy-or100/,2026-09-10 10:49:45
Дисплей для Samsung Galaxy A70 (A705F) модуль с рамкой Черный - (OLED) (Full Size),3300 ₽,2760 ₽,/catalog/displei/displey-dlya-samsung-galaxy-a70-a705f-modul-s-ramkoy-chernyy-oled-full-size/,2026-09-10 10:49:45
Дисплей для Infinix Note 30 Pro (X678B) модуль с рамкой Черный - OR,3500 ₽,2930 ₽,/catalog/displei/displey-dlya-infinix-note-30-pro-x678b-modul-s-ramkoy-chernyy-or/,2026-09-10 10:49:45
"Дисплей для Infinix Hot 50i (X6531) в сборе с тачскрином Черный - OR (HD+, 300 Кд/м², 120 Гц)",950 ₽,790 ₽,/catalog/displei/displey-dlya-infinix-hot-50i-x6531-v-sbore-s-tachskrinom-chernyy-or/,2026-09-10 10:49:45
Дисплей для iPhone Xs Max (A1921/A2101) в сборе с тачскрином Черный - (In-Cell) Стандарт,1300 ₽,1070 ₽,/catalog/displei/displey-dlya-iphone-xs-max-a1921-a2101-v-sbore-s-tachskrinom-chernyy-in-cell-standart/,2026-09-10 10:49:45
"Дисплей для OPPO A58 4G (CPH2577) в сборе с тачскрином Черный - OR (Full HD, 300 Кд/м², 60 Гц)",850 ₽,690 ₽,/catalog/displei/displey-dlya-oppo-a58-4g-cph2577-v-sbore-s-tachskrinom-chernyy-or-full-hd-300-kd-m-60-gts/,2026-09-10 10:49:45
"Дисплей для iPhone Xs (A2097/A1920) в сборе с тачскрином Черный - DD (Hard OLED, Full HD)",2700 ₽,2240 ₽,/catalog/displei/displey-dlya-iphone-xs-a2097-a1920-v-sbore-s-tachskrinom-chernyy-dd-hard-oled-full-hd/,2026-09-10 10:49:45
Дисплей для Infinix Zero 30 4G/5G (X6731B/X6731) в сборе с тачскрином Черный - OR,3900 ₽,3250 ₽,/catalog/displei/displey-dlya-infinix-zero-30-4g-5g-x6731b-x6731-v-sbore-s-tachskrinom-chernyy-or/,2026-09-10 10:49:45
"Дисплей для Tecno Spark Go 3 (KN3) в сборе с тачскрином Черный - OR (HD+, 300 Кд/м², 120 Гц)",1000 ₽,840 ₽,/catalog/displei/displey-dlya-tecno-spark-go-3-kn3-v-sbore-s-tachskrinom-chernyy-or-hd-300-kd-m-120-gts/,2026-09-10 10:49:45
"Дисплей для Tecno Pova 5 Pro 5G (LH8n) в сборе с тачскрином Черный - OR (Full HD, 300 Кд/м², 120 Гц)",950 ₽,790 ₽,/catalog/displei/displey-dlya-tecno-pova-5-pro-5g-lh8n-v-sbore-s-tachskrinom-chernyy-or-full-hd-300-kd-m-120-gts/,2026-09-10 10:49:45
Дисплей для Realme 8 4G (RMX3085) модуль с рамкой Черный - (In-Cell),1400 ₽,1190 ₽,/catalog/displei/displey-dlya-realme-8-4g-rmx3085-modul-s-ramkoy-chernyy-in-cell/,2026-09-10 10:49:45
"Дисплей для Realme C31 (RMX3501) в сборе с тачскрином Черный - OR (HD+, 300 Кд/м², 60 Гц)",950 ₽,790 ₽,/catalog/displei/displey-dlya-realme-c31-rmx3501-v-sbore-s-tachskrinom-chernyy-or-hd-300-kd-m-60-gts/,2026-09-10 10:49:45
Дисплей для Realme 9/10 4G (RMX3521/RMX3630) в сборе с тачскрином Черный - (In-Cell),950 ₽,780 ₽,/catalog/displei/displey-dlya-realme-9-10-4g-rmx3521-rmx3630-v-sbore-s-tachskrinom-chernyy-in-cell/,2026-09-10 10:49:45
Дисплей для Realme 8 4G (RMX3085) в сборе с тачскрином Черный - OR,4800 ₽,4080 ₽,/catalog/displei/displey-dlya-realme-8-4g-rmx3085-v-sbore-s-tachskrinom-chernyy-or/,2026-09-10 10:49:45
"Дисплей для Huawei Honor 50 Lite/Nova 8i (NTN-LX1/NEN-LX1) модуль с рамкой Черный - OR (Full HD, 300 Кд/м², 60 Гц)",1900 ₽,1590 ₽,/catalog/displei/displey-dlya-huawei-honor-50-lite-nova-8i-ntn-lx1-nen-lx1-modul-s-ramkoy-chernyy-or/,2026-09-10 10:49:45
"Дисплей для Huawei Honor View 20 (PCT-L29) в сборе с тачскрином Черный - OR (Full HD, 300 Кд/м², 60 Гц) (COF)",1300 ₽,1060 ₽,/catalog/displei/displey-dlya-huawei-honor-view-20-pct-l29-v-sbore-s-tachskrinom-chernyy-or-cof/,2026-09-10 10:49:45
"Дисплей для Huawei Honor X6b (JDY-LX1/JDY-LX2) в сборе с тачскрином Черный - OR (HD+, 300 Кд/м², 90 Гц)",850 ₽,690 ₽,/catalog/displei/displey-dlya-huawei-honor-x6b-jdy-lx1-jdy-lx2-v-sbore-s-tachskrinom-chernyy-or/,2026-09-10 10:49:45
"Дисплей для Huawei P40 Lite E/Honor 9C (ART-L29/AKA-L29) модуль с рамкой Черный - OR (HD+, 300 Кд/м², 60 Гц)",1400 ₽,1190 ₽,/catalog/displei/displey-dlya-huawei-p40-lite-e-honor-9c-art-l29-aka-l29-modul-s-ramkoy-chernyy-or/,2026-09-10 10:49:45
Дисплей для iPhone 5S/SE в сборе с тачскрином Черный - Оптима,650 ₽,550 ₽,/catalog/displei/displey-dlya-iphone-5s-se-v-sbore-s-tachskrinom-chernyy-optima/,2026-09-10 10:49:45
Дисплей для Tecno Spark 30 Pro/Infinix Hot 50 Pro (KL7/X6881) в сборе с тачскрином Черный - (In-Cell),950 ₽,790 ₽,/catalog/displei/displey-dlya-tecno-spark-30-pro-infinix-hot-50-pro-kl7-x6881-v-sbore-s-tachskrinom-chernyy-in-cell/,2026-09-10 10:49:45
Дисплей для Samsung Galaxy S20 FE/S20 FE 5G (G780F/G781B) модуль с рамкой Синий - Сервисный Оригинал,7300 ₽,6180 ₽,/catalog/displei/displey-dlya-samsung-galaxy-s20-fe-s20-fe-5g-g780f-g781b-modul-s-ramkoy-siniy-servisnyy-original/,2026-09-10 10:49:45
"Дисплей для Huawei Honor X7/Play6/Enjoy 30 Plus (CMA-LX1/CMA-LX2) модуль с рамкой Черный - OR (HD+, 300 Кд/м², 90 Гц)",1300 ₽,1080 ₽,/catalog/displei/displey-dlya-huawei-honor-x7-play6-enjoy-30-plus-cma-lx1-cma-lx2-modul-s-ramkoy-chernyy-or/,2026-09-10 10:49:45
Дисплей для Xiaomi Poco X5 5G/Redmi Note 12 4G/5G (22111317PG/22111317I/23021RAA2Y) в сборе с тачскрином Черный - (In-Cell),900 ₽,750 ₽,/catalog/displei/displey-dlya-xiaomi-poco-x5-5g-redmi-note-12-4g-5g-22111317pg-22111-e07820247a2211eeb31c00155d59fe46/,2026-09-10 10:49:45
Дисплей для Huawei Nova 13i (CTR-L91) в сборе с тачскрином Черный - OR,1300 ₽,1060 ₽,/catalog/displei/displey-dlya-huawei-nova-13i-ctr-l91-v-sbore-s-tachskrinom-chernyy-or/,2026-09-10 10:49:45
"Дисплей для Xiaomi Poco C40 (220333QPG) модуль с рамкой Черный - OR (HD+, 300 Кд/м², 60 Гц)",1300 ₽,1070 ₽,/catalog/displei/displey-dlya-xiaomi-poco-c40-220333qpg-modul-s-ramkoy-chernyy-or/,2026-09-10 10:49:45
"Дисплей для iPhone 12/12 Pro (A2403/A2407) в сборе с тачскрином Черный - OR (Снятый, заменено ТОЛЬКО стекло)",5900 ₽,4990 ₽,/catalog/displei/displey-dlya-iphone-12-12-pro-a2403-a2407-v-sbore-s-tachskrinom-chernyy-or-snyatyy-zameneno-tolko-st/,2026-09-10 10:49:45
"Дисплей для Tecno Camon 19 (CI6n) в сборе с тачскрином Черный - OR (HD+, 300 Кд/м², 60 Гц)",1000 ₽,830 ₽,/catalog/displei/displey-dlya-tecno-camon-19-ci6n-v-sbore-s-tachskrinom-chernyy-or/,2026-09-10 10:49:45
Дисплей для Samsung Galaxy S23 Ultra (S918B) модуль с рамкой Черный - (OLED),7100 ₽,6040 ₽,/catalog/displei/displey-dlya-samsung-galaxy-s23-ultra-s918b-modul-s-ramkoy-chernyy-oled/,2026-09-10 10:49:45
Дисплей для Samsung Galaxy A34 5G (A346B) модуль с рамкой Черный - OR (SP),7200 ₽,6150 ₽,/catalog/displei/displey-dlya-samsung-galaxy-a34-5g-a346b-modul-s-ramkoy-chernyy-or-sp/,2026-09-10 10:49:45
"Дисплей для Samsung Galaxy A02s (A025F) в сборе с тачскрином Черный - OR (HD+, 300 Кд/м², 60 Гц)",950 ₽,790 ₽,/catalog/displei/displey-dlya-samsung-galaxy-a02s-a025f-v-sbore-s-tachskrinom-chernyy-or/,2026-09-10 10:49:45
"Дисплей для Infinix Hot 12 Play/20 Play (X6816D/X6825) в сборе с тачскрином Черный - OR (HD+, 300 Кд/м², 90 Гц)",850 ₽,690 ₽,/catalog/displei/displey-dlya-infinix-hot-12-play-20-play-x6816d-x6825-v-sbore-s-tachskrinom-chernyy-or-hd-300-kd-m-9/,2026-09-10 10:49:45
Дисплей для Samsung Galaxy A36 5G (A366B) модуль с рамкой Черный - (OLED) (Full Size),3200 ₽,2690 ₽,/catalog/displei/displey-dlya-samsung-galaxy-a36-5g-a366b-modul-s-ramkoy-chernyy-oled-full-size/,2026-09-10 10:49:45
"Дисплей для Huawei Honor Pad X8a 11"" (NDL-W09) в сборе с тачскрином Черный - Оптима",2000 ₽,1640 ₽,/catalog/displei/displey-dlya-huawei-honor-pad-x8a-11-ndl-w09-v-sbore-s-tachskrinom-chernyy-optima/,2026-09-10 10:49:45
"Дисплей для Huawei Nova Y61 (EVE-LX9N) модуль с рамкой Черный - OR (HD+, 300 Кд/м², 60 Гц)",1400 ₽,1120 ₽,/catalog/displei/displey-dlya-huawei-nova-y61-eve-lx9n-modul-s-ramkoy-chernyy-or/,2026-09-10 10:49:45
Дисплей для iPhone Xs (A2097/A1920) в сборе с тачскрином Черный - (In-Cell),1300 ₽,1090 ₽,/catalog/displei/displey-dlya-iphone-xs-a2097-a1920-v-sbore-s-tachskrinom-chernyy-in-cell/,2026-09-10 10:49:45
"Дисплей для Realme 9i (RMX3491) модуль с рамкой Черный - OR (Full HD, 300 Кд/м², 90 Гц)",1300 ₽,1050 ₽,/catalog/displei/displey-dlya-realme-9i-rmx3491-modul-s-ramkoy-chernyy-or/,2026-09-10 10:49:45
Дисплей для Realme 11 4G (RMX3636) в сборе с тачскрином Черный - (OLED),3500 ₽,2940 ₽,/catalog/displei/displey-dlya-realme-11-4g-rmx3636-v-sbore-s-tachskrinom-chernyy-oled/,2026-09-10 10:49:45
"Дисплей для Xiaomi Poco M5 (22071219CG) модуль с рамкой Черный - OR (Full HD, 300 Кд/м², 90 Гц)",1200 ₽,1020 ₽,/catalog/displei/displey-dlya-xiaomi-poco-m5-22071219cg-modul-s-ramkoy-chernyy-or-full-hd-300-kd-m-90-gts/,2026-09-10 10:49:45
Дисплей для iPhone 14 Pro Max (A2895) в сборе с тачскрином Черный - (In-Cell) Стандарт,1900 ₽,1580 ₽,/catalog/displei/displey-dlya-iphone-14-pro-max-a2895-v-sbore-s-tachskrinom-chernyy-in-cell-standart/,2026-09-10 10:49:45
Дисплей для Infinix Hot 50 Pro (X6881) модуль с рамкой Черный - OR,3800 ₽,3230 ₽,/catalog/displei/displey-dlya-infinix-hot-50-pro-x6881-modul-s-ramkoy-chernyy-or/,2026-09-10 10:49:45
"Дисплей для Vivo Y35 (V2205) в сборе с тачскрином Черный - OR (Full HD, 300 Кд/м², 90 Гц)",900 ₽,760 ₽,/catalog/displei/displey-dlya-vivo-y35-v2205-v-sbore-s-tachskrinom-chernyy-or/,2026-09-10 10:49:45
"Дисплей для Huawei Honor 20/Nova 5T (YAL-L21) модуль с рамкой Синий - OR (Full HD, 300 Кд/м², 60 Гц)",1900 ₽,1620 ₽,/catalog/displei/displey-dlya-huawei-honor-20-nova-5t-yal-l21-modul-s-ramkoy-siniy-or-full-hd-300-kd-m-60-gts/,2026-09-10 10:49:45
"Дисплей для Realme C25Y (RMX3269/RMX3265/RMX3268) в сборе с тачскрином Черный - OR (HD+, 300 Кд/м², 60 Гц)",850 ₽,720 ₽,/catalog/displei/displey-dlya-realme-c25y-rmx3269-rmx3265-rmx3268-v-sbore-s-tachskrinom-chernyy-or-hd-300-kd-m-60-gts/,2026-09-10 10:49:45
"Дисплей для Xiaomi Poco M3 Pro 5G/Redmi Note 10T/10 5G (M2103K19Y/M2103K19PG/M2103K19G) модуль с рамкой Черный - OR (Full HD, 300 Кд/м², 90 Гц)",1400 ₽,1160 ₽,/catalog/displei/displey-dlya-xiaomi-poco-m3-pro-5g-redmi-note-10t-10-5g-m2103k19y-m2103k19pg-m2103k19g-modul-s-ramko/,2026-09-10 10:49:45
"Дисплей для OPPO A54 4G (CPH2239) в сборе с тачскрином Черный - OR (HD+, 300 Кд/м², 60 Гц), 60 Гц)",800 ₽,670 ₽,/catalog/displei/displey-dlya-oppo-a54-4g-cph2239-v-sbore-s-tachskrinom-chernyy-or-hd-300-kd-m-60-gts/,2026-09-10 10:49:45
Дисплей для iPhone 7 Plus в сборе с тачскрином Черный - Премиум,1200 ₽,960 ₽,/catalog/displei/displey-dlya-iphone-7-plus-v-sbore-s-tachskrinom-chernyy-premium/,2026-09-10 10:49:45
"Дисплей для Realme C30/Narzo 50i Prime (RMX3581/RMX3623/RMX3506) модуль с рамкой Черный - OR (HD+, 300 Кд/м², 60 Гц)",1200 ₽,990 ₽,/catalog/displei/displey-dlya-realme-c30-narzo-50i-prime-rmx3581-rmx3623-rmx3506-modul-s-ramkoy-chernyy-or-hd-300-kd-/,2026-09-10 10:49:45
Дисплей для Xiaomi Mi 9T/9T Pro/Redmi K20/K20 Pro (Rev. Samsung Galaxy) (M1903F10G) в сборе с тачскрином Черный - (OLED),3400 ₽,2850 ₽,/catalog/displei/displey-dlya-xiaomi-mi-9t-9t-pro-redmi-k20-k20-pro-rev-samsung-gala-561b20f5933311e9b2301c98ec116e4b/,2026-09-10 10:49:45
"Дисплей для Huawei Nova 9 SE/Honor 50 SE (JLN-LX1/JLH-AN00) в сборе с тачскрином Черный - OR (Full HD, 300 Кд/м², 90 Гц)",1300 ₽,1080 ₽,/catalog/displei/displey-dlya-huawei-nova-9-se-honor-50-se-jln-lx1-jlh-an00-v-sbore-s-tachskrinom-chernyy-or/,2026-09-10 10:49:45
"Дисплей для Realme C35 (RMX3511) модуль с рамкой Черный - OR (Full HD, 300 Кд/м², 60 Гц)",1100 ₽,930 ₽,/catalog/displei/displey-dlya-realme-c35-rmx3511-modul-s-ramkoy-chernyy-or/,2026-09-10 10:49:45
Дисплей для Huawei Honor 10X Lite/P Smart 2021 (DNN-LX9/PPA-LX1) в сборе с тачскрином Черный - Оптима,800 ₽,670 ₽,/catalog/displei/displey-dlya-huawei-honor-10x-lite-p-smart-2021-dnn-lx9-ppa-lx1-v-sbore-s-tachskrinom-chernyy-optima/,2026-09-10 10:49:45
Дисплей для Samsung Galaxy A53 5G (A536B) модуль с рамкой Черный - (OLED) (Full Size),3200 ₽,2690 ₽,/catalog/displei/displey-dlya-samsung-galaxy-a53-5g-a536b-modul-s-ramkoy-chernyy-oled-full-size/,2026-09-10 10:49:45
Дисплей для Xiaomi Poco X7/Redmi Note 14 Pro 5G (24095PCADG/24090RA29G) в сборе с тачскрином Черный - OR,3700 ₽,3090 ₽,/catalog/displei/displey-dlya-xiaomi-poco-x7-redmi-note-14-pro-5g-24095pcadg-24090ra29g-v-sbore-s-tachskrinom-chernyy/,2026-09-10 10:49:45
Дисплей для Tecno Camon 30S Pro (CLA6) в сборе с тачскрином Черный - OR,3800 ₽,3170 ₽,/catalog/displei/displey-dlya-tecno-camon-30s-pro-cla6-v-sbore-s-tachskrinom-chernyy-or/,2026-09-10 10:49:45
"Дисплей для Huawei Nova 14i (STG-LX2) в сборе с тачскрином Черный - OR (Full HD, 300 Кд/м², 90 Гц)",1900 ₽,1590 ₽,/catalog/displei/displey-dlya-huawei-nova-14i-stg-lx2-v-sbore-s-tachskrinom-chernyy-or/,2026-09-10 10:49:45
"Дисплей для Samsung Galaxy A04 (A045F) в сборе с тачскрином Черный - OR (HD+, 300 Кд/м², 60 Гц)",950 ₽,770 ₽,/catalog/displei/displey-dlya-samsung-galaxy-a04-a045f-v-sbore-s-tachskrinom-chernyy-or/,2026-09-10 10:49:45
"Дисплей для iPhone 16 Pro (A3293) в сборе с тачскрином Черный - (Soft OLED, Full HD, 120 Гц) (с верификацией = с привязкой без ошибки)",10700 ₽,9140 ₽,/catalog/displei/displey-dlya-iphone-16-pro-a3293-v-sbore-s-tachskrinom-chernyy-soft-oled-full-hd-120-gts-s-verifikats/,2026-09-10 10:49:45
Дисплей для iPhone 11 Pro Max (A2218) в сборе с тачскрином Черный - (Hard OLED) Стандарт,2400 ₽,1990 ₽,/catalog/displei/displey-dlya-iphone-11-pro-max-a2218-v-sbore-s-tachskrinom-chernyy-hard-oled-standart/,2026-09-10 10:49:45
"Дисплей для Realme C11/C15/Narzo 30A (RMX2185/RMX2180/RMX3171) в сборе с тачскрином Черный - OR (HD+, 300 Кд/м², 60 Гц)",900 ₽,760 ₽,/catalog/displei/displey-dlya-realme-c11-c15-narzo-30a-rmx2185-rmx2180-rmx3171-v-sbore-s-tachskrinom-chernyy-or-hd-30/,2026-09-10 10:49:45
Дисплей для Realme 9 Pro+ (RMX3393/RMX3392) в сборе с тачскрином Черный - (OLED),3700 ₽,3150 ₽,/catalog/displei/displey-dlya-realme-9-pro-rmx3393-rmx3392-v-sbore-s-tachskrinom-chernyy-oled/,2026-09-10 10:49:45
Дисплей для Xiaomi Redmi Note 10/10S/Poco M5s (M2101K7AG/M2101K7BNY/M2102K7AG/2207117BPG) модуль с рамкой Черный - (In-Cell) - Премиум,1600 ₽,1290 ₽,/catalog/displei/displey-dlya-xiaomi-redmi-note-10-10s-poco-m5s-m2101k7ag-m2101k7bny-2706ae30b3ad11efb32500155d59fe46/,2026-09-10 10:49:45
Дисплей для Xiaomi Redmi Note 11/11S 4G/Poco M4 Pro 4G (2201117TY/2201117SY/2201117PG) в сборе с тачскрином Черный - OR,6400 ₽,5470 ₽,/catalog/displei/displey-dlya-xiaomi-redmi-note-11-11s-4g-poco-m4-pro-4g-2201117ty-2-1c603426a51811ec8d6a000c294520cf/,2026-09-10 10:49:45
Дисплей для Samsung Galaxy A14 5G (A146B) модуль с рамкой Черный - OR Ref. (SP),1700 ₽,1380 ₽,/catalog/displei/displey-dlya-samsung-galaxy-a14-5g-a146b-modul-s-ramkoy-chernyy-or-ref-sp/,2026-09-10 10:49:45
Дисплей для Huawei Honor 400 Lite (ABR-NX1) в сборе с тачскрином Черный - OR,2700 ₽,2290 ₽,/catalog/displei/displey-dlya-huawei-honor-400-lite-abr-nx1-v-sbore-s-tachskrinom-chernyy-or/,2026-09-10 10:49:45
"Дисплей для OPPO A17 (CPH2477) в сборе с тачскрином Черный - OR (HD+, 300 Кд/м², 60 Гц)",950 ₽,790 ₽,/catalog/displei/displey-dlya-oppo-a17-cph2477-v-sbore-s-tachskrinom-chernyy-or-hd-300-kd-m-60-gts/,2026-09-10 10:49:45
Дисплей для Samsung Galaxy A22 4G (A225F) модуль с рамкой Черный - OR (SP),2900 ₽,2430 ₽,/catalog/displei/displey-dlya-samsung-galaxy-a22-4g-a225f-modul-s-ramkoy-chernyy-or-sp/,2026-09-10 10:49:45
Дисплей для Samsung Galaxy S10 (G973F) модуль с рамкой Черный - (In-Cell),1900 ₽,1590 ₽,/catalog/displei/displey-dlya-samsung-galaxy-s10-g973f-modul-s-ramkoy-chernyy-in-cell/,2026-09-10 10:49:45
"Дисплей для iPhone 12 mini (A2399) в сборе с тачскрином Черный - OR (Снятый, заменено ТОЛЬКО стекло)",6300 ₽,5340 ₽,/catalog/displei/displey-dlya-iphone-12-mini-a2399-v-sbore-s-tachskrinom-chernyy-or-snyatyy-zameneno-tolko-steklo/,2026-09-10 10:49:45
Дисплей для iPhone 13 mini (A2630) в сборе с тачскрином Черный - (In-Cell) Стандарт,1500 ₽,1250 ₽,/catalog/displei/displey-dlya-iphone-13-mini-a2630-v-sbore-s-tachskrinom-chernyy-in-cell-standart/,2026-09-10 10:49:45
"Дисплей для Huawei Nova 11i (MAO-LX9N) модуль с рамкой Черный - OR (Full HD, 300 Кд/м², 90 Гц)",2000 ₽,1690 ₽,/catalog/displei/displey-dlya-huawei-nova-11i-mao-lx9n-modul-s-ramkoy-chernyy-or-full-hd-300-kd-m-90-gts/,2026-09-10 10:49:45
"Дисплей для iPhone Xs Max (A1921/A2101) в сборе с тачскрином Черный - DD (Hard OLED, Full HD)",3200 ₽,2690 ₽,/catalog/displei/displey-dlya-iphone-xs-max-a1921-a2101-v-sbore-s-tachskrinom-chernyy-dd-hard-oled-full-hd/,2026-09-10 10:49:45
"Дисплей для Infinix Smart 7 (X6515) в сборе с тачскрином Черный - OR (HD+, 300 Кд/м², 60 Гц)",800 ₽,650 ₽,/catalog/displei/displey-dlya-infinix-smart-7-x6515-v-sbore-s-tachskrinom-chernyy-or/,2026-09-10 10:49:45
Дисплей для Huawei Honor X8b (LLY-LX1) модуль с рамкой Зеленый - OR,3000 ₽,2520 ₽,/catalog/displei/displey-dlya-huawei-honor-x8b-lly-lx1-modul-s-ramkoy-zelenyy-or/,2026-09-10 10:49:45
"Дисплей для Infinix Hot 20 4G (X6826B) в сборе с тачскрином Черный - OR (HD+, 300 Кд/м², 90 Гц)",850 ₽,690 ₽,/catalog/displei/displey-dlya-infinix-hot-20-4g-x6826b-v-sbore-s-tachskrinom-chernyy-or-hd-300-kd-m-90-gts/,2026-09-10 10:49:45
Дисплей для Samsung Galaxy S23 Ultra (S918B) модуль с рамкой Зеленый - OR (SP),23300 ₽,19890 ₽,/catalog/displei/displey-dlya-samsung-galaxy-s23-ultra-s918b-modul-s-ramkoy-zelenyy-or-sp/,2026-09-10 10:49:45
"Дисплей для Realme C63 4G (RMX3939) модуль с рамкой Черный - OR (HD+, 300 Кд/м², 90 Гц)",1300 ₽,1040 ₽,/catalog/displei/displey-dlya-realme-c63-4g-rmx3939-modul-s-ramkoy-chernyy-or/,2026-09-10 10:49:45
Дисплей для Huawei Honor 90 (REA-NX9) в сборе с тачскрином Черный - OR,2800 ₽,2370 ₽,/catalog/displei/displey-dlya-huawei-honor-90-rea-nx9-v-sbore-s-tachskrinom-chernyy-or/,2026-09-10 10:49:45
"Дисплей для Realme C55 (RMX3710) в сборе с тачскрином Черный - OR100 (Full HD, 400 Кд/м², 90 Гц)",1400 ₽,1190 ₽,/catalog/displei/displey-dlya-realme-c55-rmx3710-v-sbore-s-tachskrinom-chernyy-or100/,2026-09-10 10:49:45
Дисплей для iPhone 11 (A2221) в сборе с тачскрином Черный - Оптима (площадка под IC),1400 ₽,1190 ₽,/catalog/displei/displey-dlya-iphone-11-a2221-v-sbore-s-tachskrinom-chernyy-optima-ploshchadka-pod-ic/,2026-09-10 10:49:45
"Дисплей для OPPO A17k (CPH2471) в сборе с тачскрином Черный - OR (HD+, 300 Кд/м², 60 Гц)",850 ₽,690 ₽,/catalog/displei/displey-dlya-oppo-a17k-cph2471-v-sbore-s-tachskrinom-chernyy-or-hd-300-kd-m-60-gts/,2026-09-10 10:49:45
Дисплей для Realme Note 50 (RMX3834) в сборе с тачскрином Черный - Оптима,700 ₽,580 ₽,/catalog/displei/displey-dlya-realme-note-50-rmx3834-v-sbore-s-tachskrinom-chernyy-optima/,2026-09-10 10:49:45
Дисплей для Infinix Note 12 Pro/12 2023 (X676B/X676С/X670) в сборе с тачскрином Черный - (In-Cell),850 ₽,690 ₽,/catalog/displei/displey-dlya-infinix-note-12-pro-12-2023-x676b-x676s-x670-v-sbore-s-tachskrinom-chernyy-in-cell/,2026-09-10 10:49:45
Дисплей для Samsung Galaxy A10 (A105F) модуль c рамкой Черный - OR Ref. (SP),1300 ₽,1090 ₽,/catalog/displei/displey-dlya-samsung-galaxy-a10-a105f-modul-c-ramkoy-chernyy-or-ref-sp/,2026-09-10 10:49:45
"Дисплей для Tecno Pova 2 (LE7n) модуль с рамкой Черный - OR (HD+, 300 Кд/м², 60 Гц)",1700 ₽,1390 ₽,/catalog/displei/displey-dlya-tecno-pova-2-le7n-modul-s-ramkoy-chernyy-or-hd-300-kd-m-60-gts/,2026-09-10 10:49:45
Дисплей для Xiaomi Redmi Note 13 Pro+ (23090RA98C/23090RA98G/23090RA98) в сборе с тачскрином Черный - OR,3200 ₽,2690 ₽,/catalog/displei/displey-dlya-xiaomi-redmi-note-13-pro-23090ra98c-23090ra98g-23090ra-1cd9eafc846211eeb31f00155d59fe46/,2026-09-10 10:49:45
Дисплей для Samsung Galaxy Note 10+ (N975F) модуль с рамкой Черный - (OLED) (Full Size),6100 ₽,5170 ₽,/catalog/displei/displey-dlya-samsung-galaxy-note-10-n975f-modul-s-ramkoy-chernyy-oled-full-size/,2026-09-10 10:49:45
Дисплей для Samsung Galaxy A56 5G (A566B) модуль с рамкой Черный - (OLED) (Full Size),3500 ₽,2960 ₽,/catalog/displei/displey-dlya-samsung-galaxy-a56-5g-a566b-modul-s-ramkoy-chernyy-oled-full-size/,2026-09-10 10:49:45
"Дисплей для Infinix Hot 60i 4G (X6728) в сборе с тачскрином Черный - OR (HD+, 300 Кд/м², 120 Гц)",850 ₽,720 ₽,/catalog/displei/displey-dlya-infinix-hot-60i-4g-x6728-v-sbore-s-tachskrinom-chernyy-or/,2026-09-10 10:49:45
"Дисплей для Huawei Honor X5c (NLA-LX2) в сборе с тачскрином Черный - OR (HD+, 300 Кд/м², 90 Гц)",900 ₽,750 ₽,/catalog/displei/displey-dlya-huawei-honor-x5c-nla-lx2-v-sbore-s-tachskrinom-chernyy-or-hd-300-kd-m-90-gts/,2026-09-10 10:49:45
"Дисплей для Tecno Spark 30 5G (KL8) в сборе с тачскрином Черный - OR (HD+, 300 Кд/м², 120 Гц)",850 ₽,720 ₽,/catalog/displei/displey-dlya-tecno-spark-30-5g-kl8-v-sbore-s-tachskrinom-chernyy-or-hd-300-kd-m-120-gts/,2026-09-10 10:49:45
Дисплей для Samsung Galaxy A03 (A035F) модуль c рамкой Черный - OR Ref. (SP),1300 ₽,1070 ₽,/catalog/displei/displey-dlya-samsung-galaxy-a03-a035f-modul-c-ramkoy-chernyy-or-ref-sp/,2026-09-10 10:49:45
Дисплей для Samsung Galaxy A26 5G (A266B) модуль с рамкой Черный - OR (SP),6100 ₽,5180 ₽,/catalog/displei/displey-dlya-samsung-galaxy-a26-5g-a266b-modul-s-ramkoy-chernyy-or-sp/,2026-09-10 10:49:45
"Дисплей для iPhone 12/12 Pro (A2403/A2407) в сборе с тачскрином Черный - JCID (Hard OLED, Full HD) (с верификацией = с привязкой без ошибки)",4700 ₽,3950 ₽,/catalog/displei/displey-dlya-iphone-12-12-pro-a2403-a2407-v-sbore-s-tachskrinom-chernyy-jcid-hard-oled-full-hd-s-ver/,2026-09-10 10:49:45
"Дисплей для Vivo Y31 2021 (V2036) модуль с рамкой Черный - OR (Full HD, 300 Кд/м², 60 Гц)",1200 ₽,950 ₽,/catalog/displei/displey-dlya-vivo-y31-2021-v2036-modul-s-ramkoy-chernyy-or/,2026-09-10 10:49:45
Дисплей для Samsung Galaxy A02 (A022G) в сборе с тачскрином Черный - OR,900 ₽,750 ₽,/catalog/displei/displey-dlya-samsung-galaxy-a02-a022g-v-sbore-s-tachskrinom-chernyy-or/,2026-09-10 10:49:45
Дисплей для Xiaomi 11 Lite 5G NE/Mi 11 Lite 4G/5G (2109119DG) в сборе с тачскрином Черный - OR,4100 ₽,3470 ₽,/catalog/displei/displey-dlya-xiaomi-11-lite-5g-ne-mi-11-lite-4g-5g-2109119dg-v-sbore-s-tachskrinom-chernyy-or/,2026-09-10 10:49:45
Дисплей для Xiaomi Poco X5 Pro 5G/Redmi Note 12 Pro 5G (22101320G/22101316C/22101316I/22101316G) модуль с рамкой Черный - OR,3600 ₽,3030 ₽,/catalog/displei/displey-dlya-xiaomi-poco-x5-pro-5g-redmi-note-12-pro-5g-22101320g-2-c00e3b4d82f011f0b32900155d59fe46/,2026-09-10 10:49:45
"Дисплей для iPhone X (A1865/A1901) в сборе с тачскрином Черный - DD (Hard OLED, Full HD)",2600 ₽,2220 ₽,/catalog/displei/displey-dlya-iphone-x-a1865-a1901-v-sbore-s-tachskrinom-chernyy-dd-hard-oled-full-hd/,2026-09-10 10:49:45
Дисплей для Samsung Galaxy S20+ (G985F) модуль с рамкой Черный - (OLED) (Full Size),5000 ₽,4190 ₽,/catalog/displei/displey-dlya-samsung-galaxy-s20-g985f-modul-s-ramkoy-chernyy-oled-full-size/,2026-09-10 10:49:45
"Дисплей для Huawei Honor X6/X8 5G (VNE-LX1/VNE-N41) модуль с рамкой Черный - OR (HD+, 300 Кд/м², 60 Гц)",1300 ₽,1060 ₽,/catalog/displei/displey-dlya-huawei-honor-x6-x8-5g-vne-lx1-vne-n41-modul-s-ramkoy-chernyy-or/,2026-09-10 10:49:45
Дисплей для iPhone 13 Pro Max (A2645) в сборе с тачскрином Черный - (In-Cell) Стандарт,1700 ₽,1390 ₽,/catalog/displei/displey-dlya-iphone-13-pro-max-a2645-v-sbore-s-tachskrinom-chernyy-in-cell-standart/,2026-09-10 10:49:45
Дисплей для Samsung Galaxy S20 FE/S20 FE 5G (G780F/G781B) модуль с рамкой Синий - (In-Cell),1500 ₽,1250 ₽,/catalog/displei/displey-dlya-samsung-galaxy-s20-fe-s20-fe-5g-g780f-g781b-modul-s-ramkoy-siniy-in-cell/,2026-09-10 10:49:45
"Дисплей для Samsung Galaxy Tab A 10.1"" 2019 (T510/T515) в сборе с тачскрином Черный - Оптима",2800 ₽,2390 ₽,/catalog/displei/displey-dlya-samsung-galaxy-tab-a-10-1-2019-t510-t515-v-sbore-s-tachskrinom-chernyy-optima/,2026-09-10 10:49:45
Дисплей для Samsung Galaxy A14 4G (A145F) модуль с рамкой Черный - OR Ref. (SP),1600 ₽,1340 ₽,/catalog/displei/displey-dlya-samsung-galaxy-a14-4g-a145f-modul-s-ramkoy-chernyy-or-ref-sp/,2026-09-10 10:49:45
Дисплей для iPhone 15 Pro (A3102) в сборе с тачскрином Черный - (In-Cell) Стандарт,1600 ₽,1330 ₽,/catalog/displei/displey-dlya-iphone-15-pro-a3102-v-sbore-s-tachskrinom-chernyy-in-cell-standart/,2026-09-10 10:49:45
"Дисплей для Realme C30s (RMX3690) модуль с рамкой Черный - OR (HD+, 300 Кд/м², 60 Гц)",1200 ₽,1020 ₽,/catalog/displei/displey-dlya-realme-c30s-rmx3690-modul-s-ramkoy-chernyy-or-hd-300-kd-m-60-gts/,2026-09-10 10:49:45
"Дисплей для Infinix Smart 8 Plus (X6526) в сборе с тачскрином Черный - OR (HD+, 300 Кд/м², 90 Гц)",950 ₽,780 ₽,/catalog/displei/displey-dlya-infinix-smart-8-plus-x6526-v-sbore-s-tachskrinom-chernyy-or-hd-300-kd-m-90-gts/,2026-09-10 10:49:45
Дисплей для Tecno Camon 30 4G/5G/Pova 6 4G/6 Pro 5G (CL6/CL7/LI7/LI9) в сборе с тачскрином Черный - (In-Cell),1100 ₽,880 ₽,/catalog/displei/displey-dlya-tecno-camon-30-4g-5g-pova-6-4g-6-pro-5g-cl6-cl7-li7-li9-v-sbore-s-tachskrinom-chernyy-i/,2026-09-10 10:49:45
Дисплей для Samsung Galaxy A34 5G (A346B) модуль с рамкой Черный - (OLED) (Full Size),3500 ₽,2990 ₽,/catalog/displei/displey-dlya-samsung-galaxy-a34-5g-a346b-modul-s-ramkoy-chernyy-oled-full-size/,2026-09-10 10:49:45
"Дисплей для Huawei Honor 9A/Y6p (MOA-LX9N/MED-LX9N) модуль с рамкой Черный - OR (HD+, 300 Кд/м², 60 Гц)",1300 ₽,1050 ₽,/catalog/displei/displey-dlya-huawei-honor-9a-y6p-moa-lx9n-med-lx9n-modul-s-ramkoy-chernyy-or-hd-300-kd-m-60-gts/,2026-09-10 10:49:45
Дисплей для Huawei P Smart Z/Y9s/Y9 Prime 2019/Honor 9X (STK-LX1/STK-L21) в сборе с тачскрином Черный - Стандарт (COG),700 ₽,580 ₽,/catalog/displei/displey-dlya-huawei-p-smart-z-y9s-y9-prime-2019-honor-9x-stk-lx1-st-d179660af98b11eb99a8000c294520cf/,2026-09-10 10:49:45
Дисплей для Huawei Nova 10 SE (BNE-LX1) в сборе с тачскрином Черный - OR,3900 ₽,3280 ₽,/catalog/displei/displey-dlya-huawei-nova-10-se-bne-lx1-v-sbore-s-tachskrinom-chernyy-or/,2026-09-10 10:49:45
"Дисплей для iPhone 15 Pro Max (A3106) в сборе с тачскрином Черный - OR (Снятый, заменено ТОЛЬКО стекло)",20600 ₽,17590 ₽,/catalog/displei/displey-dlya-iphone-15-pro-max-a3106-v-sbore-s-tachskrinom-chernyy-or-snyatyy-zameneno-tolko-steklo/,2026-09-10 10:49:45
Дисплей для Tecno Pova 6 4G (LI7) модуль с рамкой Черный - OR,4000 ₽,3390 ₽,/catalog/displei/displey-dlya-tecno-pova-6-4g-li7-modul-s-ramkoy-chernyy-or/,2026-09-10 10:49:45
Дисплей для Samsung Galaxy A56 5G (A566B) модуль с рамкой Черный - OR (SP),7900 ₽,6670 ₽,/catalog/displei/displey-dlya-samsung-galaxy-a56-5g-a566b-modul-s-ramkoy-chernyy-or-sp/,2026-09-10 10:49:45
"Дисплей для Infinix Smart 9/9 HD (X6532/X6532C) в сборе с тачскрином Черный - OR100 (HD+, 400 Кд/м², 120 Гц)",1200 ₽,970 ₽,/catalog/displei/displey-dlya-infinix-smart-9-9-hd-x6532-x6532c-v-sbore-s-tachskrinom-chernyy-or100/,2026-09-10 10:49:45
"Дисплей для Huawei Nova 12i (CTR-L81) модуль с рамкой Зеленый - OR (Full HD, 300 Кд/м², 90 Гц)",1800 ₽,1490 ₽,/catalog/displei/displey-dlya-huawei-nova-12i-ctr-l81-modul-s-ramkoy-zelenyy-or/,2026-09-10 10:49:45
"Дисплей для Samsung Galaxy A03s (A037F) в сборе с тачскрином Черный - OR (HD+, 300 Кд/м², 60 Гц)",950 ₽,770 ₽,/catalog/displei/displey-dlya-samsung-galaxy-a03s-a037f-v-sbore-s-tachskrinom-chernyy-or/,2026-09-10 10:49:45
Дисплей для Samsung Galaxy A55 5G (A556E) модуль с рамкой Черный - OR (SP),6400 ₽,5430 ₽,/catalog/displei/displey-dlya-samsung-galaxy-a55-5g-a556e-modul-s-ramkoy-chernyy-or-sp/,2026-09-10 10:49:45
"Дисплей для Xiaomi Redmi 10 2022 (22011119UY) модуль с рамкой Черный - OR (Full HD, 300 Кд/м², 90 Гц)",1200 ₽,990 ₽,/catalog/displei/displey-dlya-xiaomi-redmi-10-2022-22011119uy-modul-s-ramkoy-chernyy-or-full-hd-300-kd-m-90-gts/,2026-09-10 10:49:45
"Дисплей для iPhone 13 Pro Max (A2645) в сборе с тачскрином Черный - OR (Снятый, заменено ТОЛЬКО стекло)",11900 ₽,10090 ₽,/catalog/displei/displey-dlya-iphone-13-pro-max-a2645-v-sbore-s-tachskrinom-chernyy-or-snyatyy-zameneno-tolko-steklo/,2026-09-10 10:49:45
Дисплей для Realme C21Y (RMX3263) модуль с рамкой Черный - OR,1100 ₽,880 ₽,/catalog/displei/displey-dlya-realme-c21y-rmx3263-modul-s-ramkoy-chernyy-or/,2026-09-10 10:49:45
Дисплей для Vivo V30 Lite 4G/V40 Lite 4G/5G (V2342/V2424/V2417 Snapdragon 4 Gen 2) в сборе с тачскрином Черный - (OLED),2600 ₽,2140 ₽,/catalog/displei/displey-dlya-vivo-v30-lite-4g-v40-lite-4g-5g-v2342-v2424-v2417-snapdragon-4-gen-2-v-sbore-s-tachskri/,2026-09-10 10:49:45
Дисплей для Realme 10 4G (RMX3630) модуль с рамкой Черный - (OLED),4100 ₽,3440 ₽,/catalog/displei/displey-dlya-realme-10-4g-rmx3630-modul-s-ramkoy-chernyy-oled/,2026-09-10 10:49:45
Дисплей для Huawei P30 (ELE-L29) в сборе с тачскрином Черный - OR,3000 ₽,2540 ₽,/catalog/displei/displey-dlya-huawei-p30-ele-l29-v-sbore-s-tachskrinom-chernyy-or/,2026-09-10 10:49:45
"Дисплей для iPhone 11 Pro (A2215) в сборе с тачскрином Черный - (Hard OLED, Full HD) (площадка под IC)",2800 ₽,2370 ₽,/catalog/displei/displey-dlya-iphone-11-pro-a2215-v-sbore-s-tachskrinom-chernyy-hard-oled-full-hd-ploshchadka-pod-ic/,2026-09-10 10:49:45
Дисплей для Samsung Galaxy A51 (A515F) модуль с рамкой Черный - Сервисный Оригинал,6900 ₽,5890 ₽,/catalog/displei/displey-dlya-samsung-galaxy-a51-a515f-modul-s-ramkoy-chernyy-servisnyy-original/,2026-09-10 10:49:45
Дисплей для Samsung Galaxy M30s/M21/M31 (M307F/M215F/M315F) в сборе с тачскрином Черный - (In-Cell),850 ₽,690 ₽,/catalog/displei/displey-dlya-samsung-galaxy-m30s-m21-m31-m307f-m215f-m315f-v-sbore-s-tachskrinom-chernyy-in-cell/,2026-09-10 10:49:45
"Дисплей для iPhone 12 Pro Max (A2411) в сборе с тачскрином Черный - DD (Hard OLED, HD+) (площадка под IC)",4300 ₽,3660 ₽,/catalog/displei/displey-dlya-iphone-12-pro-max-a2411-v-sbore-s-tachskrinom-chernyy-dd-hard-oled-hd-ploshchadka-pod-i/,2026-09-10 10:49:45
"Дисплей для Samsung Galaxy A06 4G (A065F) в сборе с тачскрином Черный - OR100 (HD+, 400 Кд/м², 90 Гц)",1100 ₽,860 ₽,/catalog/displei/displey-dlya-samsung-galaxy-a06-4g-a065f-v-sbore-s-tachskrinom-chernyy-or100/,2026-09-10 10:49:45
"Дисплей для Realme 9 5G (RMX3474) в сборе с тачскрином Черный - OR (Full HD, 300 Кд/м², 120 Гц)",1100 ₽,930 ₽,/catalog/displei/displey-dlya-realme-9-5g-rmx3474-v-sbore-s-tachskrinom-chernyy-or/,2026-09-10 10:49:45
Дисплей для Xiaomi Redmi Note 12S (23030RAC7Y) модуль с рамкой Черный - (In-Cell),1200 ₽,950 ₽,/catalog/displei/displey-dlya-xiaomi-redmi-note-12s-23030rac7y-modul-s-ramkoy-chernyy-in-cell/,2026-09-10 10:49:45
Дисплей для Samsung Galaxy A55 5G (A556E) модуль с рамкой Голубой - OR (SP),6300 ₽,5370 ₽,/catalog/displei/displey-dlya-samsung-galaxy-a55-5g-a556e-modul-s-ramkoy-goluboy-or-sp/,2026-09-10 10:49:45
Дисплей для Tecno Spark 40 Pro (KM6) в сборе с тачскрином Черный - OR,3200 ₽,2730 ₽,/catalog/displei/displey-dlya-tecno-spark-40-pro-km6-v-sbore-s-tachskrinom-chernyy-or/,2026-09-10 10:49:45
Дисплей для Huawei Honor X9b (ALI-NX1) модуль с рамкой Оранжевый - OR,4300 ₽,3650 ₽,/catalog/displei/displey-dlya-huawei-honor-x9b-ali-nx1-modul-s-ramkoy-oranzhevyy-or/,2026-09-10 10:49:45
Дисплей для iPhone 7 Plus в сборе с тачскрином Черный - Оптима,900 ₽,760 ₽,/catalog/displei/displey-dlya-iphone-7-plus-v-sbore-s-tachskrinom-chernyy-optima/,2026-09-10 10:49:45
Дисплей для Samsung Galaxy A41 (A415F) модуль с рамкой Черный - (OLED) (Full Size),3600 ₽,3050 ₽,/catalog/displei/displey-dlya-samsung-galaxy-a41-a415f-modul-s-ramkoy-chernyy-oled-full-size/,2026-09-10 10:49:45
Дисплей для iPhone 7 в сборе с тачскрином Белый - Премиум,1300 ₽,1090 ₽,/catalog/displei/displey-dlya-iphone-7-v-sbore-s-tachskrinom-belyy-premium/,2026-09-10 10:49:45
Дисплей для Xiaomi Redmi Note 10 Pro 4G (M2101K6G) модуль с рамкой Черный - (In-Cell) - Премиум,2000 ₽,1640 ₽,/catalog/displei/displey-dlya-xiaomi-redmi-note-10-pro-4g-m2101k6g-modul-s-ramkoy-chernyy-in-cell-premium/,2026-09-10 10:49:45
"Дисплей для Huawei MatePad 11.5"" 2025 (TXZ-W09) в сборе с тачскрином Черный - OR",3000 ₽,2490 ₽,/catalog/displei/displey-dlya-huawei-matepad-11-5-2025-txz-w09-v-sbore-s-tachskrinom-chernyy-or/,2026-09-10 10:49:45
"Дисплей для Xiaomi Redmi A1/A1+/Poco C50 (220733SG/220733SFG) в сборе с тачскрином Черный - OR (HD+, 300 Кд/м², 60 Гц)",800 ₽,650 ₽,/catalog/displei/displey-dlya-xiaomi-redmi-a1-a1-poco-c50-220733sg-220733sfg-v-sbore-s-tachskrinom-chernyy-or-hd-300-/,2026-09-10 10:49:45
Дисплей для Samsung Galaxy A35 5G/A55 5G (A556E) в сборе с тачскрином Черный - OR (SP),5100 ₽,4320 ₽,/catalog/displei/displey-dlya-samsung-galaxy-a35-5g-a55-5g-a556e-v-sbore-s-tachskrinom-chernyy-or-sp/,2026-09-10 10:49:45
Дисплей для Samsung Galaxy S23 Ultra (S918B) модуль с рамкой Черный - (In-Cell),2900 ₽,2420 ₽,/catalog/displei/displey-dlya-samsung-galaxy-s23-ultra-s918b-modul-s-ramkoy-chernyy-in-cell/,2026-09-10 10:49:45
Дисплей для Samsung Galaxy A24 4G (A245F) модуль с рамкой Черный - (OLED) (Full Size),3300 ₽,2750 ₽,/catalog/displei/displey-dlya-samsung-galaxy-a24-4g-a245f-modul-s-ramkoy-chernyy-oled-full-size/,2026-09-10 10:49:45
Дисплей для Xiaomi Mi 9T/9T Pro/Redmi K20/K20 Pro (Rev. Samsung Galaxy) (M1903F10G) в сборе с тачскрином Черный - OR,4900 ₽,4180 ₽,/catalog/displei/displey-dlya-xiaomi-mi-9t-9t-pro-redmi-k20-k20-pro-rev-samsung-gala-ad675656bcde11eaa651000c294520cf/,2026-09-10 10:49:45
Дисплей для iPhone Xr (A2105) в сборе с тачскрином Черный - Оптима,1300 ₽,1090 ₽,/catalog/displei/displey-dlya-iphone-xr-a2105-v-sbore-s-tachskrinom-chernyy-optima/,2026-09-10 10:49:45
"Дисплей для Huawei Nova 11i (MAO-LX9N) модуль с рамкой Зеленый - OR (Full HD, 300 Кд/м², 90 Гц)",2000 ₽,1690 ₽,/catalog/displei/displey-dlya-huawei-nova-11i-mao-lx9n-modul-s-ramkoy-zelenyy-or-full-hd-300-kd-m-90-gts/,2026-09-10 10:49:45
Дисплей для Realme 12 4G (RMX3871) модуль с рамкой Черный - (OLED),3000 ₽,2560 ₽,/catalog/displei/displey-dlya-realme-12-4g-rmx3871-modul-s-ramkoy-chernyy-oled/,2026-09-10 10:49:45
"Дисплей для Tecno Spark 7 (KF6n) в сборе с тачскрином Черный - OR (HD+, 300 Кд/м², 60 Гц)",800 ₽,680 ₽,/catalog/displei/displey-dlya-tecno-spark-7-kf6n-v-sbore-s-tachskrinom-chernyy-or-hd-300-kd-m-60-gts/,2026-09-10 10:49:45
Дисплей для Huawei Honor 200 Pro (ELP-AN00) в сборе с тачскрином Черный - OR,3400 ₽,2860 ₽,/catalog/displei/displey-dlya-huawei-honor-200-pro-elp-an00-v-sbore-s-tachskrinom-chernyy-or/,2026-09-10 10:49:45
Дисплей для Samsung Galaxy S21 FE (G990B) модуль с рамкой Серый - (OLED) (Full Size),3700 ₽,3140 ₽,/catalog/displei/displey-dlya-samsung-galaxy-s21-fe-g990b-modul-s-ramkoy-seryy-oled-full-size/,2026-09-10 10:49:45
Дисплей для iPhone 14 Pro (A2891) в сборе с тачскрином Черный - (In-Cell) Стандарт,1600 ₽,1350 ₽,/catalog/displei/displey-dlya-iphone-14-pro-a2891-v-sbore-s-tachskrinom-chernyy-in-cell-standart/,2026-09-10 10:49:45
"Дисплей для Xiaomi Redmi 8/8A (M1908C3IC) в сборе с тачскрином Черный - OR (HD+, 300 Кд/м², 60 Гц)",750 ₽,630 ₽,/catalog/displei/displey-dlya-xiaomi-redmi-8-8a-m1908c3ic-v-sbore-s-tachskrinom-chernyy-or/,2026-09-10 10:49:45
Дисплей для iPhone 13 (A2635) в сборе с тачскрином Черный - GX (Hard OLED) (площадка под IC),3300 ₽,2790 ₽,/catalog/displei/displey-dlya-iphone-13-a2635-v-sbore-s-tachskrinom-chernyy-gx-hard-oled-ploshchadka-pod-ic/,2026-09-10 10:49:45
"Дисплей для Huawei Honor 8A/8A Pro (JAT-LX1/JAT-L41) модуль с рамкой Черный - OR (HD+, 300 Кд/м², 60 Гц)",1200 ₽,980 ₽,/catalog/displei/displey-dlya-huawei-honor-8a-8a-pro-jat-lx1-jat-l41-modul-s-ramkoy-chernyy-or/,2026-09-10 10:49:45
"Дисплей для Huawei Honor Pad X7 8.7"" (JMS-W09) в сборе с тачскрином Черный - OR",2100 ₽,1730 ₽,/catalog/displei/displey-dlya-huawei-honor-pad-x7-8-7-jms-w09-v-sbore-s-tachskrinom-chernyy-or/,2026-09-10 10:49:45
"Дисплей для Samsung Galaxy A20s (A207F) в сборе с тачскрином Черный - OR (HD+, 300 Кд/м², 60 Гц)",900 ₽,760 ₽,/catalog/displei/displey-dlya-samsung-galaxy-a20s-a207f-v-sbore-s-tachskrinom-chernyy-or-hd-300-kd-m-60-gts/,2026-09-10 10:49:45
Дисплей для Tecno POP 7 (BF6) в сборе с тачскрином Черный - Оптима,800 ₽,670 ₽,/catalog/displei/displey-dlya-tecno-pop-7-bf6-v-sbore-s-tachskrinom-chernyy-optima/,2026-09-10 10:49:45
"Дисплей для Realme C33 (RMX3624) модуль с рамкой Черный - OR (HD+, 300 Кд/м², 60 Гц)",1400 ₽,1190 ₽,/catalog/displei/displey-dlya-realme-c33-rmx3624-modul-s-ramkoy-chernyy-or/,2026-09-10 10:49:45
Дисплей для Samsung Galaxy S23 FE (S711B)  в сборе с тачскрином Черный - OR (SP),4800 ₽,4070 ₽,/catalog/displei/displey-dlya-samsung-galaxy-s23-fe-s711b-v-sbore-s-tachskrinom-chernyy-or-sp/,2026-09-10 10:49:45
Дисплей для Huawei Honor 8X/9X Lite (JSN-L21) в сборе с тачскрином Черный - Стандарт (COG),850 ₽,690 ₽,/catalog/displei/displey-dlya-huawei-honor-8x-9x-lite-jsn-l21-v-sbore-s-tachskrinom-chernyy-standart-cog/,2026-09-10 10:49:45
"Дисплей для iPhone 13 Pro (A2640) в сборе с тачскрином Черный - (Hard OLED, Full HD) (площадка под IC)",3700 ₽,3080 ₽,/catalog/displei/displey-dlya-iphone-13-pro-a2640-v-sbore-s-tachskrinom-chernyy-hard-oled-full-hd-ploshchadka-pod-ic/,2026-09-10 10:49:45
"Дисплей для Huawei P20 Lite/Nova 3e (ANE-LX1) в сборе с тачскрином Черный - OR (Full HD, 300 Кд/м², 60 Гц)",850 ₽,690 ₽,/catalog/displei/displey-dlya-huawei-p20-lite-nova-3e-ane-lx1-v-sbore-s-tachskrinom-chernyy-or/,2026-09-10 10:49:45
Дисплей для Samsung Galaxy A35 5G (A356E) модуль с рамкой Синий - OR (SP),6500 ₽,5490 ₽,/catalog/displei/displey-dlya-samsung-galaxy-a35-5g-a356e-modul-s-ramkoy-siniy-or-sp/,2026-09-10 10:49:45
"Дисплей для Lenovo Tab M10 Plus 10.3"" (TB-X606X/TB-X606F) в сборе с тачскрином Черный - Оптима",2300 ₽,1950 ₽,/catalog/displei/displey-dlya-lenovo-tab-m10-plus-10-3-tb-x606x-tb-x606f-v-sbore-s-tachskrinom-chernyy-optima/,2026-09-10 10:49:45
Дисплей для Samsung Galaxy A50 (A505F) модуль с рамкой Черный - (In-Cell),1000 ₽,850 ₽,/catalog/displei/displey-dlya-samsung-galaxy-a50-a505f-modul-s-ramkoy-chernyy-in-cell/,2026-09-10 10:49:45
"Дисплей для Huawei MatePad 11 10.9"" 2021 (DBY-W09) в сборе с тачскрином Черный - Оптима",2800 ₽,2390 ₽,/catalog/displei/displey-dlya-huawei-matepad-11-10-9-2021-dby-w09-v-sbore-s-tachskrinom-chernyy-optima/,2026-09-10 10:49:45
Дисплей для Samsung Galaxy A12 (A125F) в сборе с тачскрином Черный Mecanico - AMP,750 ₽,620 ₽,/catalog/displei/displey-dlya-samsung-galaxy-a12-a125f-v-sbore-s-tachskrinom-chernyy-mecanico-amp/,2026-09-10 10:49:45
Дисплей для iPhone Xs (A2097/A1920) в сборе с тачскрином Черный - (In-Cell) Стандарт,1000 ₽,850 ₽,/catalog/displei/displey-dlya-iphone-xs-a2097-a1920-v-sbore-s-tachskrinom-chernyy-in-cell-standart/,2026-09-10 10:49:45
Дисплей для Huawei Honor 50 (NTH-NX9) модуль с рамкой Зеленый - OR,4300 ₽,3670 ₽,/catalog/displei/displey-dlya-huawei-honor-50-nth-nx9-modul-s-ramkoy-zelenyy-or/,2026-09-10 10:49:45
"Дисплей для OPPO A5 Pro 4G (CPH2711) в сборе с тачскрином Черный - OR (HD+, 300 Кд/м², 90 Гц)",1000 ₽,820 ₽,/catalog/displei/displey-dlya-oppo-a5-pro-4g-cph2711-v-sbore-s-tachskrinom-chernyy-or/,2026-09-10 10:49:45
Дисплей для Huawei Nova 11/12s (FOA-LX9) модуль с рамкой Черный - OR,3900 ₽,3250 ₽,/catalog/displei/displey-dlya-huawei-nova-11-12s-foa-lx9-modul-s-ramkoy-chernyy-or/,2026-09-10 10:49:45
Дисплей для Infinix Note 11/12 (X663B/X663D) в сборе с тачскрином Черный - (In-Cell),850 ₽,690 ₽,/catalog/displei/displey-dlya-infinix-note-11-12-x663b-x663d-v-sbore-s-tachskrinom-chernyy-in-cell/,2026-09-10 10:49:45
"Дисплей для OPPO A55 4G (CPH2325) в сборе с тачскрином Черный - OR (HD+, 300 Кд/м², 60 Гц)",850 ₽,690 ₽,/catalog/displei/displey-dlya-oppo-a55-4g-cph2325-v-sbore-s-tachskrinom-chernyy-or-hd-300-kd-m-60-gts/,2026-09-10 10:49:45
"Дисплей для Xiaomi Redmi Pad 2 11"" (25040RP0AG) в сборе с тачскрином Черный - OR",2500 ₽,2090 ₽,/catalog/displei/displey-dlya-xiaomi-redmi-pad-2-11-25040rp0ag-v-sbore-s-tachskrinom-chernyy-or/,2026-09-10 10:49:45
"Дисплей для Realme C21/C20/C11 2021/Narzo 50i (RMX3201/RMX3231/RMX3235) модуль с рамкой Черный - OR (HD+, 300 Кд/м², 60 Гц)",1300 ₽,1080 ₽,/catalog/displei/displey-dlya-realme-c21-c20-c11-2021-narzo-50i-rmx3201-rmx3231-rmx3235-modul-s-ramkoy-chernyy-or-hd-/,2026-09-10 10:49:45
"Дисплей для Huawei Honor 8C (BKK-L21) в сборе с тачскрином Черный - OR (HD+, 300 Кд/м², 60 Гц)",950 ₽,780 ₽,/catalog/displei/displey-dlya-huawei-honor-8c-bkk-l21-v-sbore-s-tachskrinom-chernyy-or/,2026-09-10 10:49:45
Дисплей для iPhone 8/SE (2020)/SE (2022) (A2783/A2296) в сборе с тачскрином Белый - Премиум,1200 ₽,1020 ₽,/catalog/displei/displey-dlya-iphone-8-se-2020-se-2022-a2783-a2296-v-sbore-s-tachskrinom-belyy-premium/,2026-09-10 10:49:45
"Дисплей для Vivo Y28 4G (V2352) в сборе с тачскрином Черный - OR (Full HD, 300 Кд/м², 90 Гц)",800 ₽,680 ₽,/catalog/displei/displey-dlya-vivo-y28-4g-v2352-v-sbore-s-tachskrinom-chernyy-or/,2026-09-10 10:49:45
"Дисплей для iPhone 15 Pro (A3102) в сборе с тачскрином Черный - OR100 (Снятый, без ремонта)",24400 ₽,20790 ₽,/catalog/displei/displey-dlya-iphone-15-pro-a3102-v-sbore-s-tachskrinom-chernyy-or100-snyatyy-bez-remonta/,2026-09-10 10:49:45
Дисплей для Realme 6/Narzo 30 4G (RMX2001) в сборе с тачскрином Черный - Оптима,900 ₽,730 ₽,/catalog/displei/displey-dlya-realme-6-narzo-30-4g-rmx2001-v-sbore-s-tachskrinom-chernyy-optima/,2026-09-10 10:49:45
Дисплей для Xiaomi Redmi Note 12 Pro 4G (2209116AG) модуль с рамкой Черный - OR,6300 ₽,5370 ₽,/catalog/displei/displey-dlya-xiaomi-redmi-note-12-pro-4g-2209116ag-modul-s-ramkoy-chernyy-or/,2026-09-10 10:49:45
Дисплей для Samsung Galaxy S22 Ultra (S908B/S908E/S9080) модуль с рамкой Черный - OR (SP),20900 ₽,17790 ₽,/catalog/displei/displey-dlya-samsung-galaxy-s22-ultra-s908b-s9080-modul-s-ramkoy-chernyy-or-sp/,2026-09-10 10:49:45
"Дисплей для Huawei Honor X8a 4G/90 Lite (CRT-LX1/CRT-NX1) в сборе с тачскрином Черный - OR100 (Full HD, 400 Кд/м², 90 Гц)",2100 ₽,1720 ₽,/catalog/displei/displey-dlya-huawei-honor-x8a-4g-90-lite-crt-lx1-crt-nx1-v-sbore-s-tachskrinom-chernyy-or100/,2026-09-10 10:49:45
"Дисплей для Huawei Honor 50 Lite/Nova 8i (NTN-LX1/NEN-LX1) модуль с рамкой Синий - OR (Full HD, 300 Кд/м², 60 Гц)",2000 ₽,1640 ₽,/catalog/displei/displey-dlya-huawei-honor-50-lite-nova-8i-ntn-lx1-nen-lx1-modul-s-ramkoy-siniy-or/,2026-09-10 10:49:45
"Дисплей для iPhone 14 (A2883) в сборе с тачскрином Черный - OR (Снятый, заменено ТОЛЬКО стекло)",6600 ₽,5590 ₽,/catalog/displei/displey-dlya-iphone-14-a2883-v-sbore-s-tachskrinom-chernyy-or-snyatyy-zameneno-tolko-steklo/,2026-09-10 10:49:45
Дисплей для Xiaomi Redmi Note 14 Pro 4G (24116RACCG) модуль с рамкой Черный - OR (SP),7800 ₽,6590 ₽,/catalog/displei/displey-dlya-xiaomi-redmi-note-14-pro-4g-24116raccg-modul-s-ramkoy-chernyy-or-sp/,2026-09-10 10:49:45
"Дисплей для OPPO A52/A72 (CPH2069/CPH2067) в сборе с тачскрином Черный - OR (Full HD, 300 Кд/м², 60 Гц)",1000 ₽,820 ₽,/catalog/displei/displey-dlya-oppo-a52-a72-cph2069-cph2067-v-sbore-s-tachskrinom-chernyy-or/,2026-09-10 10:49:45
Дисплей для Xiaomi Redmi Note 12S (23030RAC7Y) в сборе с тачскрином Черный - OR,6700 ₽,5680 ₽,/catalog/displei/displey-dlya-xiaomi-redmi-note-12s-23030rac7y-v-sbore-s-tachskrinom-chernyy-or/,2026-09-10 10:49:45
"Дисплей для Infinix Smart 6 Plus (X6823C) в сборе с тачскрином Черный - OR (HD+, 300 Кд/м², 60 Гц)",950 ₽,790 ₽,/catalog/displei/displey-dlya-infinix-smart-6-plus-x6823c-v-sbore-s-tachskrinom-chernyy-or/,2026-09-10 10:49:45
Дисплей для iPhone 7 Plus в сборе с тачскрином Белый - Премиум,1200 ₽,960 ₽,/catalog/displei/displey-dlya-iphone-7-plus-v-sbore-s-tachskrinom-belyy-premium/,2026-09-10 10:49:45
Дисплей для Realme 12+ 5G (RMX3867) в сборе с тачскрином Черный - OR,6200 ₽,5280 ₽,/catalog/displei/displey-dlya-realme-12-5g-rmx3867-v-sbore-s-tachskrinom-chernyy-or/,2026-09-10 10:49:45
"Дисплей для iPhone X (A1865/A1901) в сборе с тачскрином Черный - OR (Снятый, заменено ТОЛЬКО стекло)",5100 ₽,4290 ₽,/catalog/displei/displey-dlya-iphone-x-a1865-a1901-v-sbore-s-tachskrinom-chernyy-or-snyatyy-zameneno-tolko-steklo/,2026-09-10 10:49:45
Дисплей для Infinix Note 40 4G (X6853) в сборе с тачскрином Черный - OR,3700 ₽,3120 ₽,/catalog/displei/displey-dlya-infinix-note-40-4g-x6853-v-sbore-s-tachskrinom-chernyy-or/,2026-09-10 10:49:45
"Дисплей для iPhone 13 Pro Max (A2645) в сборе с тачскрином Черный - DD (Soft OLED, Full HD, 120 Гц) (с верификацией = с привязкой без ошибки)",5100 ₽,4340 ₽,/catalog/displei/displey-dlya-iphone-13-pro-max-a2645-v-sbore-s-tachskrinom-chernyy-dd-soft-oled-full-hd-120-gts-s-ve/,2026-09-10 10:49:45
Дисплей для iPhone 14 Pro (A2891) в сборе с тачскрином Черный - GX (Hard OLED) (площадка под IC),3500 ₽,2990 ₽,/catalog/displei/displey-dlya-iphone-14-pro-a2891-v-sbore-s-tachskrinom-chernyy-gx-hard-oled-ploshchadka-pod-ic/,2026-09-10 10:49:45
Дисплей для Samsung Galaxy A51/M31s (A515F/M317F) в сборе с тачскрином Черный - (In-Cell),900 ₽,730 ₽,/catalog/displei/displey-dlya-samsung-galaxy-a51-m31s-a515f-m317f-v-sbore-s-tachskrinom-chernyy-in-cell/,2026-09-10 10:49:45
Дисплей для Oukitel WP17/WP19/WP19 Pro в сборе с тачскрином Черный - Оптима,1200 ₽,950 ₽,/catalog/displei/displey-dlya-oukitel-wp17-wp19-wp19-pro-v-sbore-s-tachskrinom-chernyy-optima/,2026-09-10 10:49:45
"Дисплей для iPhone 13 (A2635) в сборе с тачскрином Черный - OR (Снятый, заменено ТОЛЬКО стекло)",7900 ₽,6670 ₽,/catalog/displei/displey-dlya-iphone-13-a2635-v-sbore-s-tachskrinom-chernyy-or-snyatyy-zameneno-tolko-steklo/,2026-09-10 10:49:45
Дисплей для ZTE Blade 20 Smart V2050 в сборе с тачскрином Черный - Оптима,800 ₽,680 ₽,/catalog/displei/displey-dlya-zte-blade-20-smart-v2050-v-sbore-s-tachskrinom-chernyy-optima/,2026-09-10 10:49:45
"Дисплей для Lenovo Tab P11/P11 5G/P11 Plus 11"" (TB-J606L/TB-J606F/TB-J607Z/TB-J616F/TB-J616X) в сборе с тачскрином Черный - Оптима",2400 ₽,1990 ₽,/catalog/displei/displey-dlya-lenovo-tab-p11-p11-5g-p11-plus-11-tb-j606l-tb-j606f-tb-j607z-tb-j616f-tb-j616x-v-sbore-/,2026-09-10 10:49:45
Дисплей для Huawei Honor 30S (CDY-NX9A) в сборе с тачскрином Черный - OR,1200 ₽,950 ₽,/catalog/displei/displey-dlya-huawei-honor-30s-cdy-nx9a-v-sbore-s-tachskrinom-chernyy-or/,2026-09-10 10:49:45
"Дисплей для Realme C65 4G (RMX3910) в сборе с тачскрином Черный - OR (HD+, 300 Кд/м², 90 Гц)",900 ₽,740 ₽,/catalog/displei/displey-dlya-realme-c65-4g-rmx3910-v-sbore-s-tachskrinom-chernyy-or/,2026-09-10 10:49:45
"Дисплей для iPhone 14 (A2883) в сборе с тачскрином Черный - (Soft OLED, Full HD) (площадка под IC)",4500 ₽,3770 ₽,/catalog/displei/displey-dlya-iphone-14-a2883-v-sbore-s-tachskrinom-chernyy-soft-oled-full-hd-ploshchadka-pod-ic/,2026-09-10 10:49:45
"Дисплей для Realme 6 Pro (RMX2063) в сборе с тачскрином Черный - OR (Full HD, 300 Кд/м², 90 Гц)",1100 ₽,940 ₽,/catalog/displei/displey-dlya-realme-6-pro-rmx2063-v-sbore-s-tachskrinom-chernyy-or/,2026-09-10 10:49:45
Дисплей для Realme XT/X2 (RMX1921) в сборе с тачскрином Черный - (OLED),2400 ₽,2020 ₽,/catalog/displei/displey-dlya-realme-xt-x2-rmx1921-v-sbore-s-tachskrinom-chernyy-oled/,2026-09-10 10:49:45
"Дисплей для iPhone 16 Pro (A3293) в сборе с тачскрином Черный - JCID (Soft OLED, Full HD, 120 Гц) (с верификацией = с привязкой без ошибки)",13500 ₽,11490 ₽,/catalog/displei/displey-dlya-iphone-16-pro-a3293-v-sbore-s-tachskrinom-chernyy-jcid-soft-oled-full-hd-120-gts-s-veri/,2026-09-10 10:49:45
Дисплей для Samsung Galaxy A25 5G (A256E) модуль с рамкой Черный - (In-Cell),1200 ₽,990 ₽,/catalog/displei/displey-dlya-samsung-galaxy-a25-5g-a256e-modul-s-ramkoy-chernyy-in-cell/,2026-09-10 10:49:45
Дисплей для Samsung Galaxy S23 (S911B) модуль с рамкой Черный - OR (SP),13800 ₽,11790 ₽,/catalog/displei/displey-dlya-samsung-galaxy-s23-s911b-modul-s-ramkoy-chernyy-or-sp/,2026-09-10 10:49:45
"Дисплей для iPhone 14 Pro (A2891) в сборе с тачскрином Черный - (In-Cell, Full HD, 120 Гц) (площадка под IC)",2700 ₽,2250 ₽,/catalog/displei/displey-dlya-iphone-14-pro-a2891-v-sbore-s-tachskrinom-chernyy-in-cell-full-hd-120-gts-ploshchadka-p/,2026-09-10 10:49:45
"Дисплей для Tecno Pova 5 Pro 5G (LH8n) модуль с рамкой Черный - OR (Full HD, 300 Кд/м², 120 Гц)",1400 ₽,1150 ₽,/catalog/displei/displey-dlya-tecno-pova-5-pro-5g-lh8n-modul-s-ramkoy-chernyy-or/,2026-09-10 10:49:45
Дисплей для OPPO A78 4G (CPH2565) в сборе с тачскрином Черный - (OLED),3600 ₽,3040 ₽,/catalog/displei/displey-dlya-oppo-a78-4g-cph2565-v-sbore-s-tachskrinom-chernyy-oled/,2026-09-10 10:49:45
"Дисплей для iPad 7/8/9 10.2"" 2019/2020/2021 (A2197/A2198/A2200/A2270/A2428/A2429/A2430/A2602/A2603/A2604/A2605) - OR",5800 ₽,4940 ₽,/catalog/displei/displey-dlya-ipad-7-8-9-10-2-2019-2020-2021-a2197-a2198-a2200-a2270-a2428-a2429-a2430-a2602-a2603-a2/,2026-09-10 10:49:45
"Дисплей для Realme C63 4G (RMX3939) в сборе с тачскрином Черный - OR (HD+, 300 Кд/м², 90 Гц)",950 ₽,790 ₽,/catalog/displei/displey-dlya-realme-c63-4g-rmx3939-v-sbore-s-tachskrinom-chernyy-or/,2026-09-10 10:49:45
Дисплей для Samsung Galaxy A50 (A505F) модуль с рамкой Черный - (In-Cell) - Премиум,1600 ₽,1290 ₽,/catalog/displei/displey-dlya-samsung-galaxy-a50-a505f-modul-s-ramkoy-chernyy-in-cell-premium/,2026-09-10 10:49:45
Дисплей для iPhone 12 mini (A2399) в сборе с тачскрином Черный - (In-Cell) (площадка под IC),2300 ₽,1920 ₽,/catalog/displei/displey-dlya-iphone-12-mini-a2399-v-sbore-s-tachskrinom-chernyy-in-cell-ploshchadka-pod-ic/,2026-09-10 10:49:45
"Дисплей для iPhone Xr (A2105) в сборе с тачскрином Черный - OR100 (Снятый, без ремонта)",4000 ₽,3350 ₽,/catalog/displei/displey-dlya-iphone-xr-a2105-v-sbore-s-tachskrinom-chernyy-or100-snyatyy-bez-remonta/,2026-09-10 10:49:45
Дисплей для Realme GT 6 (RMX3851) в сборе с тачскрином Черный - OR,4000 ₽,3360 ₽,/catalog/displei/displey-dlya-realme-gt-6-rmx3851-v-sbore-s-tachskrinom-chernyy-or/,2026-09-10 10:49:45
"Дисплей для Infinix Hot 60i 4G (X6728) в сборе с тачскрином Черный - OR100 (Full HD, 400 Кд/м², 120 Гц)",1200 ₽,990 ₽,/catalog/displei/displey-dlya-infinix-hot-60i-4g-x6728-v-sbore-s-tachskrinom-chernyy-or100/,2026-09-10 10:49:45
"Дисплей для Xiaomi Redmi Pad Pro/Poco Pad 12.1"" (2405CRPFDG/2405CPCFBG) в сборе с тачскрином Черный - Оптима",2900 ₽,2470 ₽,/catalog/displei/displey-dlya-xiaomi-redmi-pad-pro-poco-pad-12-1-2405crpfdg-2405cpcfbg-v-sbore-s-tachskrinom-chernyy-/,2026-09-10 10:49:45
Дисплей для Xiaomi Poco M3/Redmi 9T (M2010J19CG/M2010J19SY) в сборе с тачскрином Черный Mecanico - AMP,700 ₽,590 ₽,/catalog/displei/displey-dlya-xiaomi-poco-m3-redmi-9t-m2010j19cg-m2010j19sy-v-sbore-s-tachskrinom-chernyy-mecanico-am/,2026-09-10 10:49:45
"Дисплей для Huawei Honor 50 Lite/Nova 8i (NTN-LX1/NEN-LX1) модуль с рамкой Серебро - OR (Full HD, 300 Кд/м², 60 Гц)",2000 ₽,1650 ₽,/catalog/displei/displey-dlya-huawei-honor-50-lite-nova-8i-ntn-lx1-nen-lx1-modul-s-ramkoy-serebro-or/,2026-09-10 10:49:45
"Дисплей для Tecno Spark Go 2023 (BF7) модуль с рамкой Черный - OR (HD+, 300 Кд/м², 60 Гц)",1300 ₽,1040 ₽,/catalog/displei/displey-dlya-tecno-spark-go-2023-bf7-modul-s-ramkoy-chernyy-or-hd-300-kd-m-60-gts-60-gts/,2026-09-10 10:49:45
Дисплей для Realme 9/10 4G (RMX3521/RMX3630) в сборе с тачскрином Черный - OR,6100 ₽,5180 ₽,/catalog/displei/displey-dlya-realme-9-10-4g-rmx3521-rmx3630-v-sbore-s-tachskrinom-chernyy-or/,2026-09-10 10:49:45
"Дисплей для iPad Air 6/7/8 11"" 2024/2025/2026 (A2902/A2903/A3267/A3459) в сборе с тачскрином Черный - OR100 (Снятый, без ремонта)",21300 ₽,18190 ₽,/catalog/displei/displey-dlya-ipad-air-6-7-8-11-2024-2025-2026-a2902-a2903-a3267-a3459-v-sbore-s-tachskrinom-chernyy-/,2026-09-10 10:49:45
Дисплей для Samsung Galaxy A72 (A725F) модуль с рамкой Черный - (OLED) (Full Size),2800 ₽,2390 ₽,/catalog/displei/displey-dlya-samsung-galaxy-a72-a725f-modul-s-ramkoy-chernyy-oled-full-size/,2026-09-10 10:49:45
"Дисплей для Realme C75 4G (RMX3941) в сборе с тачскрином Черный - OR100 (Full HD, 400 Кд/м², 90 Гц)",1400 ₽,1190 ₽,/catalog/displei/displey-dlya-realme-c75-4g-rmx3941-v-sbore-s-tachskrinom-chernyy-or100/,2026-09-10 10:49:45
Дисплей для iPhone 13 Pro (A2640) в сборе с тачскрином Черный - GX (Hard OLED) (площадка под IC),3900 ₽,3260 ₽,/catalog/displei/displey-dlya-iphone-13-pro-a2640-v-sbore-s-tachskrinom-chernyy-gx-hard-oled-ploshchadka-pod-ic/,2026-09-10 10:49:45
Дисплей для Xiaomi Poco X6 5G/Redmi Note 13 Pro 5G (23122PCD1G/2312DRA50C/2312CRAD3C/2312DRA50G/2312DRA50I) в сборе с тачскрином Черный - OR,2800 ₽,2350 ₽,/catalog/displei/displey-dlya-xiaomi-poco-x6-5g-redmi-note-13-pro-5g-23122pcd1g-2312-88e8580f53aa11efb32200155d59fe46/,2026-09-10 10:49:45
Дисплей для Tecno Spark Go 2022 (KG5m) модуль с рамкой Черный - OR,1300 ₽,1050 ₽,/catalog/displei/displey-dlya-tecno-spark-go-2022-kg5m-modul-s-ramkoy-chernyy-or/,2026-09-10 10:49:45
"Дисплей для Tecno Pova 3 (LF7n) модуль с рамкой Черный - OR (Full HD, 300 Кд/м², 90 Гц)",1500 ₽,1250 ₽,/catalog/displei/displey-dlya-tecno-pova-3-lf7n-modul-s-ramkoy-chernyy-or/,2026-09-10 10:49:45
Дисплей для Realme 8 4G (RMX3085) в сборе с тачскрином Черный - (In-Cell),850 ₽,690 ₽,/catalog/displei/displey-dlya-realme-8-4g-rmx3085-v-sbore-s-tachskrinom-chernyy-in-cell/,2026-09-10 10:49:45
Дисплей для Infinix Zero 40 5G (X6861) в сборе с тачскрином Черный - OR,3700 ₽,3090 ₽,/catalog/displei/displey-dlya-infinix-zero-40-5g-x6861-v-sbore-s-tachskrinom-chernyy-or/,2026-09-10 10:49:45
Дисплей для Samsung Galaxy A05s (A057F) модуль c рамкой Черный - OR Ref. (SP),1400 ₽,1190 ₽,/catalog/displei/displey-dlya-samsung-galaxy-a05s-a057f-modul-c-ramkoy-chernyy-or-ref-sp/,2026-09-10 10:49:45
Дисплей для iPhone 7 в сборе с тачскрином Белый - Оптима,800 ₽,680 ₽,/catalog/displei/displey-dlya-iphone-7-v-sbore-s-tachskrinom-belyy-optima/,2026-09-10 10:49:45
"Дисплей для Xiaomi Redmi Note 9S/9 Pro (M2003J6A1G/M2003J6B2G) модуль с рамкой Зеленый - OR (Full HD, 300 Кд/м², 60 Гц)",1500 ₽,1240 ₽,/catalog/displei/displey-dlya-xiaomi-redmi-note-9s-9-pro-m2003j6a1g-m2003j6b2g-modul-s-ramkoy-zelenyy-or/,2026-09-10 10:49:45
"Дисплей для Vivo Y53s 4G (V2058) в сборе с тачскрином Черный - OR (Full HD, 300 Кд/м², 60 Гц)",1000 ₽,830 ₽,/catalog/displei/displey-dlya-vivo-y53s-4g-v2058-v-sbore-s-tachskrinom-chernyy-or-full-hd-300-kd-m-60-gts/,2026-09-10 10:49:45
"Дисплей для Samsung Galaxy Z Flip6 (F741B) модуль внутренний 6.7"" Черный - OR (SP)",23900 ₽,20390 ₽,/catalog/displei/displey-dlya-samsung-galaxy-z-flip6-f741b-modul-vnutrenniy-6-7-chernyy-or-sp/,2026-09-10 10:49:45
Дисплей для OPPO A96 (CPH2333) в сборе с тачскрином Черный - Оптима,850 ₽,690 ₽,/catalog/displei/displey-dlya-oppo-a96-cph2333-v-sbore-s-tachskrinom-chernyy-optima/,2026-09-10 10:49:45
Дисплей для Realme 11 4G (RMX3636) в сборе с тачскрином Черный - (In-Cell),950 ₽,790 ₽,/catalog/displei/displey-dlya-realme-11-4g-rmx3636-v-sbore-s-tachskrinom-chernyy-in-cell/,2026-09-10 10:49:45
Дисплей для Xiaomi Redmi Note 14S (2502FRA65G ) в сборе с тачскрином Черный - OR,3000 ₽,2490 ₽,/catalog/displei/displey-dlya-xiaomi-redmi-note-14s-2502fra65g-v-sbore-s-tachskrinom-chernyy-or/,2026-09-10 10:49:45
Дисплей для iPhone 6 в сборе с тачскрином Черный - Оптима,650 ₽,550 ₽,/catalog/displei/displey-dlya-iphone-6-v-sbore-s-tachskrinom-chernyy-optima/,2026-09-10 10:49:45
Дисплей для Samsung Galaxy A31 (A315F) модуль с рамкой Черный - OR (SP),5400 ₽,4580 ₽,/catalog/displei/displey-dlya-samsung-galaxy-a31-a315f-modul-s-ramkoy-chernyy-or-sp/,2026-09-10 10:49:45
"Дисплей для Xiaomi Pad 7/7 Pro 11.2"" (2410CRP4CG/24091RPADG) в сборе с тачскрином Черный - OR",2400 ₽,1990 ₽,/catalog/displei/displey-dlya-xiaomi-pad-7-7-pro-11-2-2410crp4cg-24091rpadg-v-sbore-s-tachskrinom-chernyy-or/,2026-09-10 10:49:45
"Дисплей для Huawei MatePad 11.5"" S 2024 (TGR-W09) в сборе с тачскрином Черный - OR",3000 ₽,2490 ₽,/catalog/displei/displey-dlya-huawei-matepad-11-5-s-2024-tgr-w09-v-sbore-s-tachskrinom-chernyy-or/,2026-09-10 10:49:45
Дисплей для iPhone 14 (A2883) в сборе с тачскрином Черный - GX (Hard OLED),3700 ₽,3090 ₽,/catalog/displei/displey-dlya-iphone-14-a2883-v-sbore-s-tachskrinom-chernyy-gx-hard-oled/,2026-09-10 10:49:45
Дисплей для Samsung Galaxy A6+ 2018 (A605F) в сборе с тачскрином Черный - (OLED),2700 ₽,2290 ₽,/catalog/displei/displey-dlya-samsung-galaxy-a6-2018-a605f-v-sbore-s-tachskrinom-chernyy-oled/,2026-09-10 10:49:45
Дисплей для Xiaomi Redmi Note 12 4G (23021RAA2Y) модуль с рамкой Черный - (In-Cell) - Премиум,2100 ₽,1750 ₽,/catalog/displei/displey-dlya-xiaomi-redmi-note-12-4g-23021raa2y-modul-s-ramkoy-chernyy-in-cell-premium/,2026-09-10 10:49:45
Дисплей для Xiaomi 12/12X (2201123G/2112123AG) в сборе с тачскрином Черный - OR,4100 ₽,3460 ₽,/catalog/displei/displey-dlya-xiaomi-12-12x-2201123g-2112123ag-v-sbore-s-tachskrinom-chernyy-or/,2026-09-10 10:49:45
"Дисплей для iPhone 11 Pro (A2215) в сборе с тачскрином Черный - OR (Снятый, заменено ТОЛЬКО стекло)",5500 ₽,4640 ₽,/catalog/displei/displey-dlya-iphone-11-pro-a2215-v-sbore-s-tachskrinom-chernyy-or-snyatyy-zameneno-tolko-steklo/,2026-09-10 10:49:45
"Дисплей для OPPO A38 (CPH2579) в сборе с тачскрином Черный - OR (HD+, 300 Кд/м², 90 Гц)",950 ₽,770 ₽,/catalog/displei/displey-dlya-oppo-a38-cph2579-v-sbore-s-tachskrinom-chernyy-or/,2026-09-10 10:49:45
Дисплей для Realme C61 (RMX3930) в сборе с тачскрином Черный Mecanico - AMP,850 ₽,690 ₽,/catalog/displei/displey-dlya-realme-c61-rmx3930-v-sbore-s-tachskrinom-chernyy-mecanico-amp/,2026-09-10 10:49:45
Дисплей для Samsung Galaxy A53 5G (A536B) модуль с рамкой Черный - OR (SP),7700 ₽,6550 ₽,/catalog/displei/displey-dlya-samsung-galaxy-a53-5g-a536b-modul-s-ramkoy-chernyy-or-sp/,2026-09-10 10:49:45
"Дисплей для Xiaomi Poco X3 GT/Redmi Note 10 Pro 5G (21061110AG) в сборе с тачскрином Черный - OR (HD+, 300 Кд/м², 120 Гц)",1100 ₽,940 ₽,/catalog/displei/displey-dlya-xiaomi-poco-x3-gt-redmi-note-10-pro-5g-21061110ag-v-sbore-s-tachskrinom-chernyy-or-hd-3/,2026-09-10 10:49:45
"Дисплей для OPPO A5 2020 (CPH1931) модуль с рамкой Черный - OR (HD+, 300 Кд/м², 60 Гц)",1200 ₽,990 ₽,/catalog/displei/displey-dlya-oppo-a5-2020-cph1931-modul-s-ramkoy-chernyy-or-hd-300-kd-m-60-gts/,2026-09-10 10:49:45
"Дисплей для OPPO A5x 4G (CPH2725) в сборе с тачскрином Черный - OR (HD+, 300 Кд/м², 90 Гц)",850 ₽,720 ₽,/catalog/displei/displey-dlya-oppo-a5x-4g-cph2725-v-sbore-s-tachskrinom-chernyy-or/,2026-09-10 10:49:45
Дисплей для Xiaomi Redmi Note 11 Pro+ 5G/12 Pro 4G/12 Pro Speed (21091116UG/2209116AG) в сборе с тачскрином Черный - OR,6000 ₽,5080 ₽,/catalog/displei/displey-dlya-xiaomi-redmi-note-11-pro-5g-12-pro-4g-12-pro-speed-210-d314c520ab4211edb31700155d59fe0b/,2026-09-10 10:49:45
Дисплей для Samsung Galaxy S21 (G991B) модуль с рамкой Серый - (In-Cell),2200 ₽,1880 ₽,/catalog/displei/displey-dlya-samsung-galaxy-s21-g991b-modul-s-ramkoy-seryy-in-cell/,2026-09-10 10:49:45
"Дисплей для Xiaomi Redmi A1/A1+ (220733SG/220733SFG) модуль с рамкой Черный - OR (HD+, 300 Кд/м², 60 Гц)",1100 ₽,890 ₽,/catalog/displei/displey-dlya-xiaomi-redmi-a1-a1-220733sg-220733sfg-modul-s-ramkoy-chernyy-or/,2026-09-10 10:49:45
Дисплей для Tecno Camon 40 Pro 4G (CM6) модуль с рамкой Черный - OR,4200 ₽,3540 ₽,/catalog/displei/displey-dlya-tecno-camon-40-pro-4g-cm6-modul-s-ramkoy-chernyy-or/,2026-09-10 10:49:45
Дисплей для Realme 10 4G (RMX3630) модуль с рамкой Черный - OR,6600 ₽,5590 ₽,/catalog/displei/displey-dlya-realme-10-4g-rmx3630-modul-s-ramkoy-chernyy-or/,2026-09-10 10:49:45
Дисплей для Huawei Honor X8b/200 Lite (LLY-LX1/LLY-NX1) в сборе с тачскрином Черный - (OLED),2500 ₽,2090 ₽,/catalog/displei/displey-dlya-huawei-honor-x8b-200-lite-lly-lx1-lly-nx1-v-sbore-s-tachskrinom-chernyy-oled/,2026-09-10 10:49:45
Дисплей для Realme 8 Pro (RMX3081) в сборе с тачскрином Черный - (OLED),3600 ₽,3060 ₽,/catalog/displei/displey-dlya-realme-8-pro-rmx3081-v-sbore-s-tachskrinom-chernyy-oled/,2026-09-10 10:49:45
Дисплей для Huawei Pura 70 (ADY-LX9/ADY-AL00) в сборе с тачскрином Черный - OR,11600 ₽,9840 ₽,/catalog/displei/displey-dlya-huawei-pura-70-ady-lx9-ady-al00-v-sbore-s-tachskrinom-chernyy-or/,2026-09-10 10:49:45
Дисплей для Realme 12+ 5G (RMX3867) в сборе с тачскрином Черный - (OLED),2600 ₽,2190 ₽,/catalog/displei/displey-dlya-realme-12-5g-rmx3867-v-sbore-s-tachskrinom-chernyy-oled/,2026-09-10 10:49:45
Дисплей для Samsung Galaxy A26 5G (A266B) модуль с рамкой Черный - (OLED) (Full Size),3400 ₽,2830 ₽,/catalog/displei/displey-dlya-samsung-galaxy-a26-5g-a266b-modul-s-ramkoy-chernyy-oled-full-size/,2026-09-10 10:49:45
"Дисплей для Xiaomi Poco M4 5G (MZB0BF9RU/22041219PG) в сборе с тачскрином Черный - OR (Full HD, 300 Кд/м², 90 Гц)",1100 ₽,890 ₽,/catalog/displei/displey-dlya-xiaomi-poco-m4-5g-mzb0bf9ru-22041219pg-v-sbore-s-tachskrinom-chernyy-or-full-hd-300-kd-/,2026-09-10 10:49:45
Дисплей для Realme 14 5G/14T 5G/P3 5G (RMX5070/RMX5078/RMX5079) в сборе с тачскрином Черный - OR,5200 ₽,4440 ₽,/catalog/displei/displey-dlya-realme-14-5g-14t-5g-p3-5g-rmx5070-rmx5078-rmx5079-v-sbore-s-tachskrinom-chernyy-or/,2026-09-10 10:49:45
Дисплей для Xiaomi Poco X7 (24095PCADG) модуль с рамкой Черный - OR (SP),7300 ₽,6180 ₽,/catalog/displei/displey-dlya-xiaomi-poco-x7-24095pcadg-modul-s-ramkoy-chernyy-or-sp/,2026-09-10 10:49:45
Дисплей для Xiaomi Redmi 10C (220333QNY) в сборе с тачскрином Черный Mecanico - AMP,800 ₽,660 ₽,/catalog/displei/displey-dlya-xiaomi-redmi-10c-220333qny-v-sbore-s-tachskrinom-chernyy-mecanico-amp/,2026-09-10 10:49:45
Дисплей для Realme 14 Pro 5G (RMX5056) в сборе с тачскрином Черный - OR,3800 ₽,3190 ₽,/catalog/displei/displey-dlya-realme-14-pro-5g-rmx5056-v-sbore-s-tachskrinom-chernyy-or/,2026-09-10 10:49:45
Дисплей для Samsung Galaxy S20 (G980F) модуль с рамкой Серый - (In-Cell),2400 ₽,1990 ₽,/catalog/displei/displey-dlya-samsung-galaxy-s20-g980f-modul-s-ramkoy-seryy-in-cell/,2026-09-10 10:49:45
"Дисплей для Vivo Y91C/Y91/Y93/Y1s/Y93 Lite (1820/2015/1815) в сборе с тачскрином Черный - OR (HD+, 300 Кд/м², 60 Гц)",750 ₽,640 ₽,/catalog/displei/displey-dlya-vivo-y91c-y91-y93-y1s-y93-lite-1820-2015-1815-v-sbore-s-tachskrinom-chernyy-or/,2026-09-10 10:49:45
Дисплей для Xiaomi Redmi 9A/9C/10A (M2006C3LG) в сборе с тачскрином Черный Mecanico - AMP,800 ₽,660 ₽,/catalog/displei/displey-dlya-xiaomi-redmi-9a-9c-10a-m2006c3lg-v-sbore-s-tachskrinom-chernyy-mecanico-amp/,2026-09-10 10:49:45
Дисплей для Samsung Galaxy A51 (A515F) модуль с рамкой Черный - (In-Cell) - Премиум,1800 ₽,1460 ₽,/catalog/displei/displey-dlya-samsung-galaxy-a51-a515f-modul-s-ramkoy-chernyy-in-cell-premium/,2026-09-10 10:49:45
"Дисплей для Realme C65 4G (RMX3910) модуль с рамкой Черный - OR (HD+, 300 Кд/м², 90 Гц)",1400 ₽,1120 ₽,/catalog/displei/displey-dlya-realme-c65-4g-rmx3910-modul-s-ramkoy-chernyy-or/,2026-09-10 10:49:45
"Дисплей для Vivo Y21 2021/Y21s/Y21a (V2111/V2110) в сборе с тачскрином Черный - OR (HD+, 300 Кд/м², 60 Гц)",800 ₽,680 ₽,/catalog/displei/displey-dlya-vivo-y21-2021-y21s-y21a-v2111-v2110-v-sbore-s-tachskrinom-chernyy-or/,2026-09-10 10:49:45
Дисплей для Xiaomi Redmi Note 11 Pro 4G/5G/11E Pro/10 Pro 4G/Poco X4 Pro 5G (2201116TG/2201116SG/M2101K6G/2201116PG) в сборе с тачскрином Черный - OR,5700 ₽,4820 ₽,/catalog/displei/displey-dlya-xiaomi-redmi-note-11-pro-4g-5g-11e-pro-10-pro-4g-poco-x4-pro-5g-2201116tg-2201116sg-m21/,2026-09-10 10:49:45
"Дисплей для iPhone 17 Pro (A3523) в сборе с тачскрином Черный - (Soft OLED, Full HD, 120 Гц) (с верификацией = с привязкой без ошибки)",11400 ₽,9660 ₽,/catalog/displei/displey-dlya-iphone-17-pro-a3523-v-sbore-s-tachskrinom-chernyy-soft-oled-full-hd-120-gts-s-verifikats/,2026-09-10 10:49:45
"Дисплей для iPhone 16 Pro Max (A3296) в сборе с тачскрином Черный - DD (Hard OLED, HD+) (площадка под IC)",5200 ₽,4440 ₽,/catalog/displei/displey-dlya-iphone-16-pro-max-a3296-v-sbore-s-tachskrinom-chernyy-dd-hard-oled-hd-ploshchadka-pod-i/,2026-09-10 10:49:45
Дисплей для Samsung Galaxy A52/A52 5G/A52s 5G (A525F/A526B/A528B) модуль с рамкой Синий - (OLED) (Full Size),2800 ₽,2350 ₽,/catalog/displei/displey-dlya-samsung-galaxy-a52-a52-5g-a52s-5g-a525f-a526b-a528b-modul-s-ramkoy-siniy-oled-full-size/,2026-09-10 10:49:45
"Дисплей для Tecno POP 5 LTE (BD4) в сборе с тачскрином Черный - OR (HD+, 300 Кд/м², 60 Гц)",800 ₽,680 ₽,/catalog/displei/displey-dlya-tecno-pop-5-lte-bd4-v-sbore-s-tachskrinom-chernyy-or/,2026-09-10 10:49:45
"Дисплей для Huawei Honor 7A Pro/7C/Y6 2018/Y6 Prime 2018 (AUM-L29/AUM-L41/ATU-L31) в сборе с тачскрином Черный - OR (HD+, 300 Кд/м², 60 Гц)",850 ₽,690 ₽,/catalog/displei/displey-dlya-huawei-honor-7a-pro-7c-y6-2018-y6-prime-2018-aum-l29-aum-l41-atu-l31-v-sbore-s-tachskri/,2026-09-10 10:49:45
Дисплей для Samsung Galaxy A36 5G (A366B) модуль с рамкой Черный - OR (SP),6900 ₽,5850 ₽,/catalog/displei/displey-dlya-samsung-galaxy-a36-5g-a366b-modul-s-ramkoy-chernyy-or-sp/,2026-09-10 10:49:45
"Дисплей для Huawei Honor Pad 9 12.1"" (HEY2-W09) в сборе с тачскрином Черный - Оптима",3400 ₽,2890 ₽,/catalog/displei/displey-dlya-huawei-honor-pad-9-12-1-hey2-w09-v-sbore-s-tachskrinom-chernyy-optima/,2026-09-10 10:49:45
"Дисплей для OPPO A3 4G 2024 (CPH2669) в сборе с тачскрином Черный - OR (HD+, 300 Кд/м², 90 Гц)",950 ₽,790 ₽,/catalog/displei/displey-dlya-oppo-a3-4g-2024-cph2669-v-sbore-s-tachskrinom-chernyy-or/,2026-09-10 10:49:45
Дисплей для Realme 8 4G (RMX3085) в сборе с тачскрином Черный - (OLED),3700 ₽,3140 ₽,/catalog/displei/displey-dlya-realme-8-4g-rmx3085-v-sbore-s-tachskrinom-chernyy-oled/,2026-09-10 10:49:45
Дисплей для Realme C85 4G (RMX5566) в сборе с тачскрином Черный - OR100,1300 ₽,1090 ₽,/catalog/displei/displey-dlya-realme-c85-4g-rmx5566-v-sbore-s-tachskrinom-chernyy-or100/,2026-09-10 10:49:45
"Дисплей для Xiaomi Redmi A7 Pro 4G/Poco C81 Pro 4G (25128RN17A/25128PC17G) в сборе с тачскрином Черный - OR (HD+, 300 Кд/м², 120 Гц)",1100 ₽,880 ₽,/catalog/displei/displey-dlya-xiaomi-redmi-a7-pro-4g-poco-c81-pro-4g-25128rn17a-25128pc17g-v-sbore-s-tachskrinom-cher/,2026-09-10 10:49:45
Дисплей для Xiaomi 13 Lite (2210129SG) в сборе с тачскрином Черный - OR,4400 ₽,3690 ₽,/catalog/displei/displey-dlya-xiaomi-13-lite-2210129sg-v-sbore-s-tachskrinom-chernyy-or/,2026-09-10 10:49:45
Дисплей для Samsung Galaxy A05 (A055F) модуль c рамкой Черный - OR Ref. (SP),1300 ₽,1090 ₽,/catalog/displei/displey-dlya-samsung-galaxy-a05-a055f-modul-c-ramkoy-chernyy-or-ref-sp/,2026-09-10 10:49:45
Дисплей для Xiaomi Redmi Note 12 4G (23021RAA2Y) модуль с рамкой Черный - OR,6100 ₽,5140 ₽,/catalog/displei/displey-dlya-xiaomi-redmi-note-12-4g-23021raa2y-modul-s-ramkoy-chernyy-or/,2026-09-10 10:49:45
Дисплей для Realme 11 4G (RMX3636) в сборе с тачскрином Черный - OR,5700 ₽,4790 ₽,/catalog/displei/displey-dlya-realme-11-4g-rmx3636-v-sbore-s-tachskrinom-chernyy-or/,2026-09-10 10:49:45
Дисплей для Tecno Camon 30 Pro 5G (CL8) в сборе с тачскрином Черный - OR,3600 ₽,3070 ₽,/catalog/displei/displey-dlya-tecno-camon-30-pro-5g-cl8-v-sbore-s-tachskrinom-chernyy-or/,2026-09-10 10:49:45
Дисплей для Xiaomi Mi 8 Lite (M1808D2TG) в сборе с тачскрином Черный - Оптима,850 ₽,690 ₽,/catalog/displei/displey-dlya-xiaomi-mi-8-lite-m1808d2tg-v-sbore-s-tachskrinom-chernyy-optima/,2026-09-10 10:49:45
"Дисплей для Vivo Y27s (V2322) в сборе с тачскрином Черный - OR (Full HD, 300 Кд/м², 90 Гц)",900 ₽,730 ₽,/catalog/displei/displey-dlya-vivo-y27s-v2322-v-sbore-s-tachskrinom-chernyy-or-full-hd-300-kd-m-90-gts/,2026-09-10 10:49:45
Дисплей для Samsung Galaxy A24 4G (A245F) модуль с рамкой Черный - (In-Cell),1200 ₽,990 ₽,/catalog/displei/displey-dlya-samsung-galaxy-a24-4g-a245f-modul-s-ramkoy-chernyy-in-cell/,2026-09-10 10:49:45
Дисплей для Samsung Galaxy A54 5G (A546E) модуль с рамкой Черный - OR (SP),7300 ₽,6190 ₽,/catalog/displei/displey-dlya-samsung-galaxy-a54-5g-a546e-modul-s-ramkoy-chernyy-or-sp/,2026-09-10 10:49:45
Дисплей для Samsung Galaxy A34 5G (A346B) модуль с рамкой Черный - (In-Cell),1300 ₽,1090 ₽,/catalog/displei/displey-dlya-samsung-galaxy-a34-5g-a346b-modul-s-ramkoy-chernyy-in-cell/,2026-09-10 10:49:45
Дисплей для Google Pixel 8 (GKWS6/G9BQD/GZPFO/GPJ41) в сборе с тачскрином Черный - OR,9200 ₽,7790 ₽,/catalog/displei/displey-dlya-google-pixel-8-gkws6-g9bqd-gzpfo-gpj41-v-sbore-s-tachskrinom-chernyy-or/,2026-09-10 10:49:45
"Дисплей для Realme 8i/9i/Narzo 50 4G (RMX3151/RMX3491/RMX3286) в сборе с тачскрином Черный - OR100 (Full HD, 400 Кд/м², 120 Гц)",1700 ₽,1380 ₽,/catalog/displei/displey-dlya-realme-8i-9i-narzo-50-4g-rmx3151-rmx3491-rmx3286-v-sbore-s-tachskrinom-chernyy-or100/,2026-09-10 10:49:45
"Дисплей для Huawei Honor 20 Pro (YAL-L41) модуль с рамкой Синий - OR (Full HD, 300 Кд/м², 60 Гц)",2000 ₽,1640 ₽,/catalog/displei/displey-dlya-huawei-honor-20-pro-yal-l41-modul-s-ramkoy-siniy-or/,2026-09-10 10:49:45
Дисплей для Huawei Honor 20 Pro/20/Nova 5T (YAL-L21/YAL-L41/Yale-L71A) в сборе с тачскрином Черный - Стандарт (COG),900 ₽,740 ₽,/catalog/displei/displey-dlya-huawei-honor-20-pro-20-nova-5t-yal-l21-yal-l41-yale-l7-fdc11017e99d11edb31800155d59fe0b/,2026-09-10 10:49:45
"Дисплей для Huawei Honor X8 4G (TFY-LX1) в сборе с тачскрином Черный - OR100 (Full HD, 400 Кд/м², 90 Гц)",1900 ₽,1580 ₽,/catalog/displei/displey-dlya-huawei-honor-x8-4g-tfy-lx1-v-sbore-s-tachskrinom-chernyy-or100/,2026-09-10 10:49:45
Дисплей для Blackview BV7100 в сборе с тачскрином Черный - Оптима,1400 ₽,1190 ₽,/catalog/displei/displey-dlya-blackview-bv7100-v-sbore-s-tachskrinom-chernyy-optima/,2026-09-10 10:49:45
Дисплей для Google Pixel 6 Pro (GLUOG/G8VOU/GF5KQ) в сборе с тачскрином Черный - (OLED),3300 ₽,2790 ₽,/catalog/displei/displey-dlya-google-pixel-6-pro-gluog-g8vou-gf5kq-v-sbore-s-tachskrinom-chernyy-oled/,2026-09-10 10:49:45
Дисплей для Samsung Galaxy A16 4G/5G (A165F/A166B) в сборе с тачскрином Черный - (In-Cell),1100 ₽,920 ₽,/catalog/displei/displey-dlya-samsung-galaxy-a16-4g-5g-a165f-a166b-v-sbore-s-tachskrinom-chernyy-in-cell/,2026-09-10 10:49:45
"Дисплей для Xiaomi Poco C51 (2302EPCC4I/2305EPCC4G) в сборе с тачскрином Черный - OR (HD+, 300 Кд/м², 60 Гц)",800 ₽,670 ₽,/catalog/displei/displey-dlya-xiaomi-poco-c51-2302epcc4i-2305epcc4g-v-sbore-s-tachskrinom-chernyy-or-hd-300-kd-m-60-g/,2026-09-10 10:49:45
Дисплей для Infinix Note 30 Pro/GT 10 Pro (X678B/X6739) в сборе с тачскрином Черный - OR,3300 ₽,2770 ₽,/catalog/displei/displey-dlya-infinix-note-30-pro-gt-10-pro-x678b-x6739-v-sbore-s-tachskrinom-chernyy-or/,2026-09-10 10:49:45
Дисплей для iPhone 14 Pro (A2891) в сборе с тачскрином Черный - (Hard OLED) Стандарт (площадка под IC),3900 ₽,3320 ₽,/catalog/displei/displey-dlya-iphone-14-pro-a2891-v-sbore-s-tachskrinom-chernyy-hard-oled-standart-ploshchadka-pod-ic/,2026-09-10 10:49:45
"Дисплей для Samsung Galaxy Tab S6 Lite 10.4"" 2020/2022 (P610/P613/P615/P619) в сборе с тачскрином Черный - Оптима",3200 ₽,2650 ₽,/catalog/displei/displey-dlya-samsung-galaxy-tab-s6-lite-10-4-2020-2022-p610-p613-p615-p619-v-sbore-s-tachskrinom-che/,2026-09-10 10:49:45
Дисплей для Xiaomi Redmi 7 (M1810F6LG) в сборе с тачскрином Черный - Оптима,850 ₽,690 ₽,/catalog/displei/displey-dlya-xiaomi-redmi-7-m1810f6lg-v-sbore-s-tachskrinom-chernyy-optima/,2026-09-10 10:49:45
"Дисплей для iPhone 13 Pro (A2640) в сборе с тачскрином Черный - (In-Cell, Full HD, 120 Гц) (площадка под IC)",2400 ₽,2030 ₽,/catalog/displei/displey-dlya-iphone-13-pro-a2640-v-sbore-s-tachskrinom-chernyy-in-cell-full-hd-120-gts-ploshchadka-p/,2026-09-10 10:49:45
"Дисплей для Vivo Y22 (V2207) в сборе с тачскрином Черный - OR (HD+, 300 Кд/м², 60 Гц)",800 ₽,670 ₽,/catalog/displei/displey-dlya-vivo-y22-v2207-v-sbore-s-tachskrinom-chernyy-or/,2026-09-10 10:49:45
Дисплей для iPhone 11 Pro (A2215) в сборе с тачскрином Черный - (In-Cell) (площадка под IC),1700 ₽,1390 ₽,/catalog/displei/displey-dlya-iphone-11-pro-a2215-v-sbore-s-tachskrinom-chernyy-in-cell-ploshchadka-pod-ic/,2026-09-10 10:49:45
"Дисплей для Samsung Galaxy Tab A 8"" 2019 LTE (T295) в сборе с тачскрином Черный - Оптима",1300 ₽,1050 ₽,/catalog/displei/displey-dlya-samsung-galaxy-tab-a-8-2019-lte-t295-v-sbore-s-tachskrinom-chernyy-optima/,2026-09-10 10:49:45
"Дисплей для iPhone 12 Pro Max (A2411) в сборе с тачскрином Черный - JCID (Soft OLED, Full HD) (с верификацией = с привязкой без ошибки)",6400 ₽,5390 ₽,/catalog/displei/displey-dlya-iphone-12-pro-max-a2411-v-sbore-s-tachskrinom-chernyy-jcid-soft-oled-full-hd-s-verifika/,2026-09-10 10:49:45
"Дисплей для Samsung Galaxy A04s (A047F) в сборе с тачскрином Черный - OR (HD+, 300 Кд/м², 90 Гц)",950 ₽,770 ₽,/catalog/displei/displey-dlya-samsung-galaxy-a04s-a047f-v-sbore-s-tachskrinom-chernyy-or/,2026-09-10 10:49:45
Дисплей для iPhone 14 (A2883) в сборе с тачскрином Черный - (In-Cell) Стандарт,1400 ₽,1130 ₽,/catalog/displei/displey-dlya-iphone-14-a2883-v-sbore-s-tachskrinom-chernyy-in-cell-standart/,2026-09-10 10:49:45
"Дисплей для iPhone 16 (A3287) в сборе с тачскрином Черный - DD (Soft OLED, Full HD) (площадка под IC)",4600 ₽,3930 ₽,/catalog/displei/displey-dlya-iphone-16-a3287-v-sbore-s-tachskrinom-chernyy-dd-soft-oled-full-hd-ploshchadka-pod-ic/,2026-09-10 10:49:45
Дисплей для Infinix Note 50 4G/50 Pro 4G/50 Pro+ 5G (X6858/X6855/X6856) в сборе с тачскрином Черный - OR,3700 ₽,3090 ₽,/catalog/displei/displey-dlya-infinix-note-50-4g-50-pro-4g-50-pro-5g-x6858-x6855-x6856-v-sbore-s-tachskrinom-chernyy-/,2026-09-10 10:49:45
Дисплей для Xiaomi Mi 10/10 Pro (M2001J2G/M2001J1G) (Rev. S) в сборе с тачскрином Черный - OR,6000 ₽,5120 ₽,/catalog/displei/displey-dlya-xiaomi-mi-10-10-pro-m2001j2g-m2001j1g-rev-s-v-sbore-s-tachskrinom-chernyy-or/,2026-09-10 10:49:45
Дисплей для Samsung Galaxy M30s/M21/M31 (M307F/M215F/M315F) в сборе с тачскрином Черный - (OLED),2400 ₽,1990 ₽,/catalog/displei/displey-dlya-samsung-galaxy-m30s-m21-m31-m307f-m215f-m315f-v-sbore-s-tachskrinom-chernyy-oled/,2026-09-10 10:49:45
Дисплей для Infinix Hot 60 Pro (X6885) в сборе с тачскрином Черный - OR,3400 ₽,2890 ₽,/catalog/displei/displey-dlya-infinix-hot-60-pro-x6885-v-sbore-s-tachskrinom-chernyy-or/,2026-09-10 10:49:45
Дисплей для Realme C21/C20/C11 2021/Narzo 50i (RMX3201/RMX3231/RMX3235) в сборе с тачскрином Черный - Оптима,700 ₽,560 ₽,/catalog/displei/displey-dlya-realme-c21-c20-c11-2021-narzo-50i-rmx3201-rmx3231-rmx3235-v-sbore-s-tachskrinom-chernyy/,2026-09-10 10:49:45
Дисплей для Xiaomi Mi Max 3 (M1804E4A) в сборе с тачскрином Черный - Оптима,1800 ₽,1470 ₽,/catalog/displei/displey-dlya-xiaomi-mi-max-3-m1804e4a-v-sbore-s-tachskrinom-chernyy-optima/,2026-09-10 10:49:45
Дисплей для Huawei Y5 2019/Honor 8S/8S Prime (AMN-LX9/KSE-LX9/KSA-LX9) (Rev 2.2) в сборе с тачскрином Черный - Оптима,800 ₽,670 ₽,/catalog/displei/displey-dlya-huawei-y5-2019-honor-8s-8s-prime-amn-lx9-kse-lx9-ksa-lx9-rev-2-2-v-sbore-s-tachskrinom-/,2026-09-10 10:49:45
Дисплей для Samsung Galaxy A71 (A715F) модуль с рамкой Черный - (In-Cell),1100 ₽,930 ₽,/catalog/displei/displey-dlya-samsung-galaxy-a71-a715f-modul-s-ramkoy-chernyy-in-cell/,2026-09-10 10:49:45
Дисплей для Xiaomi Poco M3/Redmi 9T (M2010J19CG/M2010J19SY) в сборе с тачскрином Черный - Оптима,700 ₽,590 ₽,/catalog/displei/displey-dlya-xiaomi-poco-m3-redmi-9t-m2010j19cg-m2010j19sy-v-sbore-s-tachskrinom-chernyy-optima/,2026-09-10 10:49:45
Дисплей для Xiaomi Redmi Note 10/10S/Poco M5s (M2101K7AG/M2101K7BNY/M2102K7AG/2207117BPG) в сборе с тачскрином Черный - (In-Cell),900 ₽,750 ₽,/catalog/displei/displey-dlya-xiaomi-redmi-note-10-10s-poco-m5s-m2101k7ag-m2101k7bny-23426423aa5a11ec8d6a000c294520cf/,2026-09-10 10:49:45
"Дисплей для Infinix Note 10 Pro (X695C) в сборе с тачскрином Черный - OR (HD+, 300 Кд/м², 90 Гц)",1100 ₽,880 ₽,/catalog/displei/displey-dlya-infinix-note-10-pro-x695c-v-sbore-s-tachskrinom-chernyy-or/,2026-09-10 10:49:45
Дисплей для Xiaomi Poco F5 (23049PCD8G) в сборе с тачскрином Черный - (OLED),2800 ₽,2350 ₽,/catalog/displei/displey-dlya-xiaomi-poco-f5-23049pcd8g-v-sbore-s-tachskrinom-chernyy-oled/,2026-09-10 10:49:45
"Дисплей для Huawei Y7 2019 (DUB-LX1) в сборе с тачскрином Черный - OR (HD+, 300 Кд/м², 60 Гц)",900 ₽,750 ₽,/catalog/displei/displey-dlya-huawei-y7-2019-dub-lx1-v-sbore-s-tachskrinom-chernyy-or/,2026-09-10 10:49:45
Дисплей для Huawei Y8p/Honor 30i/P Smart S (LRA-LX1/AQM-LX1) в сборе с тачскрином Черный - (In-Cell),800 ₽,680 ₽,/catalog/displei/displey-dlya-huawei-y8p-honor-30i-p-smart-s-lra-lx1-aqm-lx1-v-sbore-s-tachskrinom-chernyy-in-cell/,2026-09-10 10:49:45
"Дисплей для Tecno Spark 40 4G (KM5n) модуль с рамкой Черный - OR (HD+, 300 Кд/м², 120 Гц)",1300 ₽,1070 ₽,/catalog/displei/displey-dlya-tecno-spark-40-4g-km5n-modul-s-ramkoy-chernyy-or/,2026-09-10 10:49:45
"Дисплей для Huawei Honor Pad 10 12.1"" (HEY3-W00) в сборе с тачскрином Черный - OR",3300 ₽,2750 ₽,/catalog/displei/displey-dlya-huawei-honor-pad-10-12-1-hey3-w00-v-sbore-s-tachskrinom-chernyy-or/,2026-09-10 10:49:45
Дисплей для Huawei Mate 20 (HMA-L29) в сборе с тачскрином Черный - Оптима,1400 ₽,1140 ₽,/catalog/displei/displey-dlya-huawei-mate-20-hma-l29-v-sbore-s-tachskrinom-chernyy-optima/,2026-09-10 10:49:45
Дисплей для Google Pixel 7 (GVU6C) в сборе с тачскрином Черный - (OLED),3800 ₽,3190 ₽,/catalog/displei/displey-dlya-google-pixel-7-gvu6c-v-sbore-s-tachskrinom-chernyy-oled/,2026-09-10 10:49:45
"Дисплей для Tecno Spark 5 Air/Pouvoir 4 (KD6/LC7) в сборе с тачскрином Черный - OR (HD+, 300 Кд/м², 60 Гц)",1000 ₽,820 ₽,/catalog/displei/displey-dlya-tecno-spark-5-air-pouvoir-4-kd6-lc7-v-sbore-s-tachskrinom-chernyy-or-hd-300-kd-m-60-gts/,2026-09-10 10:49:45
"Дисплей для Itel A60s/A60 (A662LM/A662L) в сборе с тачскрином Черный - OR (HD+, 300 Кд/м², 60 Гц)",800 ₽,670 ₽,/catalog/displei/displey-dlya-itel-a60s-a60-a662lm-a662l-v-sbore-s-tachskrinom-chernyy-or-hd-300-kd-m-60-gts/,2026-09-10 10:49:45
Дисплей для Huawei P30 Pro (VOG-L29) в сборе с тачскрином Черный - OR,5300 ₽,4490 ₽,/catalog/displei/displey-dlya-huawei-p30-pro-vog-l29-v-sbore-s-tachskrinom-chernyy-or/,2026-09-10 10:49:45
Дисплей для Samsung Galaxy S23 Ultra (S918B) модуль с рамкой Черный - Сервисный Оригинал,23100 ₽,19690 ₽,/catalog/displei/displey-dlya-samsung-galaxy-s23-ultra-s918b-modul-s-ramkoy-chernyy-servisnyy-original/,2026-09-10 10:49:45
Дисплей для Vivo V27e/T2 4G (V2237/V2320) в сборе с тачскрином Черный - (OLED),3200 ₽,2690 ₽,/catalog/displei/displey-dlya-vivo-v27e-t2-4g-v2237-v2320-v-sbore-s-tachskrinom-chernyy-oled/,2026-09-10 10:49:45
"Дисплей для iPhone 16 Pro (A3293) в сборе с тачскрином Черный - OR (rev. Samsung) (Снятый, заменено ТОЛЬКО стекло)",20900 ₽,17790 ₽,/catalog/displei/displey-dlya-iphone-16-pro-a3293-v-sbore-s-tachskrinom-chernyy-or-rev-samsung-snyatyy-zameneno-tolko/,2026-09-10 10:49:45
Дисплей для Samsung Galaxy S23 Ultra (S918B) в сборе с тачскрином Черный - OR (SP),18500 ₽,15790 ₽,/catalog/displei/displey-dlya-samsung-galaxy-s23-ultra-s918b-v-sbore-s-tachskrinom-chernyy-or-sp/,2026-09-10 10:49:45
Дисплей для Samsung Galaxy Note 10 Lite (N770F) в сборе с тачскрином Черный - (OLED) (Full Size),3500 ₽,2940 ₽,/catalog/displei/displey-dlya-samsung-galaxy-note-10-lite-n770f-v-sbore-s-tachskrinom-chernyy-oled-full-size/,2026-09-10 10:49:45
Дисплей для Samsung Galaxy M31s (M317F) модуль с рамкой Черный - (OLED) (Full Size),2600 ₽,2190 ₽,/catalog/displei/displey-dlya-samsung-galaxy-m31s-m317f-modul-s-ramkoy-chernyy-oled-full-size/,2026-09-10 10:49:45
Дисплей для Blackview BV4900/BV4900 Pro/BV4900S в сборе с тачскрином Черный - Оптима,1000 ₽,830 ₽,/catalog/displei/displey-dlya-blackview-bv4900-bv4900-pro-bv4900s-v-sbore-s-tachskrinom-chernyy-optima/,2026-09-10 10:49:45
Дисплей для Samsung Galaxy S10e (G970F) модуль с рамкой Черный - (In-Cell),3300 ₽,2740 ₽,/catalog/displei/displey-dlya-samsung-galaxy-s10e-g970f-modul-s-ramkoy-chernyy-in-cell/,2026-09-10 10:49:45
"Дисплей для Infinix Smart 7 HD (X6516) модуль с рамкой Черный - OR (HD+, 300 Кд/м², 60 Гц)",1300 ₽,1050 ₽,/catalog/displei/displey-dlya-infinix-smart-7-hd-x6516-modul-s-ramkoy-chernyy-or/,2026-09-10 10:49:45
Дисплей для Samsung Galaxy A03s (A037F) модуль c рамкой Черный - OR Ref. (SP) (GH81-21232A),1300 ₽,1060 ₽,/catalog/displei/displey-dlya-samsung-galaxy-a03s-a037f-modul-c-ramkoy-chernyy-or-ref-sp-gh81-21232a/,2026-09-10 10:49:45
Дисплей для Xiaomi Redmi Note 5/5 Pro (M1803E7SH) в сборе с тачскрином Черный - Оптима,700 ₽,590 ₽,/catalog/displei/displey-dlya-xiaomi-redmi-note-5-5-pro-m1803e7sh-v-sbore-s-tachskrinom-chernyy-optima/,2026-09-10 10:49:45
"Дисплей для Xiaomi Redmi Pad SE 8.7"" (24075RP89G) в сборе с тачскрином Черный - Оптима",1700 ₽,1450 ₽,/catalog/displei/displey-dlya-xiaomi-redmi-pad-se-8-7-24075rp89g-v-sbore-s-tachskrinom-chernyy-optima/,2026-09-10 10:49:45
"Дисплей для Xiaomi Redmi Note 9S/9 Pro (M2003J6A1G/M2003J6B2G) модуль с рамкой Серый - OR (Full HD, 300 Кд/м², 60 Гц)",1500 ₽,1270 ₽,/catalog/displei/displey-dlya-xiaomi-redmi-note-9s-9-pro-m2003j6a1g-m2003j6b2g-modul-s-ramkoy-seryy-or-full-hd-300-kd/,2026-09-10 10:49:45
Дисплей для Xiaomi Mi 10T/10T Pro/Redmi K30s (M2007J3SY/M2007J3SG) в сборе с тачскрином Черный - Оптима (COF),1100 ₽,890 ₽,/catalog/displei/displey-dlya-xiaomi-mi-10t-10t-pro-redmi-k30s-m2007j3sy-m2007j3sg-v-sbore-s-tachskrinom-chernyy-opti/,2026-09-10 10:49:45
Дисплей для Huawei Honor X9a 5G/X40/Magic 5 Lite (RMO-NX1) модуль с рамкой Зеленый - OR,3600 ₽,3060 ₽,/catalog/displei/displey-dlya-huawei-honor-x9a-5g-x40-magic-5-lite-rmo-nx1-modul-s-ramkoy-zelenyy-or/,2026-09-10 10:49:45
Дисплей для Xiaomi Redmi Note 11 Pro 4G/5G/Poco X4 Pro 5G (2201116TG/2201116SG/2201116PG) модуль с рамкой Черный - OR,7100 ₽,5990 ₽,/catalog/displei/displey-dlya-xiaomi-redmi-note-11-pro-4g-5g-poco-x4-pro-5g-2201116t-103bded2bf9e11f0b32b00155d59fe46/,2026-09-10 10:49:45
Дисплей для iPhone 16 Pro Max (A3296) в сборе с тачскрином Черный - (In-Cell) Стандарт,3300 ₽,2790 ₽,/catalog/displei/displey-dlya-iphone-16-pro-max-a3296-v-sbore-s-tachskrinom-chernyy-in-cell-standart/,2026-09-10 10:49:45
Дисплей для Huawei Honor X8b (LLY-LX1) модуль с рамкой Черный - OR,3200 ₽,2720 ₽,/catalog/displei/displey-dlya-huawei-honor-x8b-lly-lx1-modul-s-ramkoy-chernyy-or/,2026-09-10 10:49:45
"Дисплей для Vivo Y35 (V2205) модуль с рамкой Черный - OR (Full HD, 300 Кд/м², 90 Гц)",1300 ₽,1090 ₽,/catalog/displei/displey-dlya-vivo-y35-v2205-modul-s-ramkoy-chernyy-or/,2026-09-10 10:49:45
"Дисплей для Vivo Y19 (1915) в сборе с тачскрином Черный - OR (HD+, 300 Кд/м², 90 Гц)",850 ₽,690 ₽,/catalog/displei/displey-dlya-vivo-y19-1915-v-sbore-s-tachskrinom-chernyy-or-hd-300-kd-m-90-gts/,2026-09-10 10:49:45
Дисплей для Huawei P30 Pro (VOG-L29) модуль с рамкой Черный - OR,6000 ₽,5090 ₽,/catalog/displei/displey-dlya-huawei-p30-pro-vog-l29-modul-s-ramkoy-chernyy-or/,2026-09-10 10:49:45
Дисплей для Realme C25s (RMX3195) модуль с рамкой Черный - OR,1300 ₽,1070 ₽,/catalog/displei/displey-dlya-realme-c25s-rmx3195-modul-s-ramkoy-chernyy-or/,2026-09-10 10:49:45
Дисплей для iPhone 8/SE (2020)/SE (2022) (A2783/A2296) в сборе с тачскрином Белый - Оптима,700 ₽,580 ₽,/catalog/displei/displey-dlya-iphone-8-se-2020-se-2022-a2783-a2296-v-sbore-s-tachskrinom-belyy-optima/,2026-09-10 10:49:45
"Дисплей для iPhone 16 Pro Max (A3296) в сборе с тачскрином Черный - (Soft OLED, Full HD, 120 Гц) (с верификацией = с привязкой без ошибки)",14200 ₽,12090 ₽,/catalog/displei/displey-dlya-iphone-16-pro-max-a3296-v-sbore-s-tachskrinom-chernyy-soft-oled-full-hd-120-gts-s-verif/,2026-09-10 10:49:45
"Дисплей для Huawei Nova 3 (PAR-LX1) в сборе с тачскрином Черный - OR (Full HD, 300 Кд/м², 60 Гц)",850 ₽,690 ₽,/catalog/displei/displey-dlya-huawei-nova-3-par-lx1-v-sbore-s-tachskrinom-chernyy-or/,2026-09-10 10:49:45
Дисплей для Realme 13 5G (RMX3951) в сборе с тачскрином Черный - OR,1100 ₽,890 ₽,/catalog/displei/displey-dlya-realme-13-5g-rmx3951-v-sbore-s-tachskrinom-chernyy-or/,2026-09-10 10:49:45
"Дисплей для Huawei Honor X5c Plus (NLA-LX1) в сборе с тачскрином Черный - OR (HD+, 300 Кд/м², 90 Гц)",1100 ₽,880 ₽,/catalog/displei/displey-dlya-huawei-honor-x5c-plus-nla-lx1-v-sbore-s-tachskrinom-chernyy-or/,2026-09-10 10:49:45
Дисплей для Tecno Pova 4 Pro (LG8n) в сборе с тачскрином Черный - (In-Cell),1100 ₽,870 ₽,/catalog/displei/displey-dlya-tecno-pova-4-pro-lg8n-v-sbore-s-tachskrinom-chernyy-in-cell/,2026-09-10 10:49:45
Дисплей для Xiaomi Redmi Note 13 4G (23129RAA4G/23124RA7EO/23129RA5FL) модуль с рамкой Синий - OR (SP),6200 ₽,5230 ₽,/catalog/displei/displey-dlya-xiaomi-redmi-note-13-4g-23129raa4g-23124ra7eo-23129ra5fl-modul-s-ramkoy-siniy-or-sp/,2026-09-10 10:49:45
Дисплей для Huawei Honor X8b (LLY-LX1) модуль с рамкой Серебро - OR,3400 ₽,2850 ₽,/catalog/displei/displey-dlya-huawei-honor-x8b-lly-lx1-modul-s-ramkoy-serebro-or/,2026-09-10 10:49:45
"Дисплей для Realme C63 4G (RMX3939) в сборе с тачскрином Черный - OR100 (HD+, 400 Кд/м², 90 Гц)",1100 ₽,940 ₽,/catalog/displei/displey-dlya-realme-c63-4g-rmx3939-v-sbore-s-tachskrinom-chernyy-or100/,2026-09-10 10:49:45
Дисплей для iPhone 11 Pro Max (A2218) в сборе с тачскрином Черный - (In-Cell) (площадка под IC),1700 ₽,1420 ₽,/catalog/displei/displey-dlya-iphone-11-pro-max-a2218-v-sbore-s-tachskrinom-chernyy-in-cell-ploshchadka-pod-ic/,2026-09-10 10:49:45
Дисплей для Realme GT Master Edition/GT 5G/GT Neo (RMX3363/RMX2202) в сборе с тачскрином Черный - (In-Cell),1100 ₽,880 ₽,/catalog/displei/displey-dlya-realme-gt-master-edition-gt-5g-gt-neo-rmx3363-rmx2202-v-sbore-s-tachskrinom-chernyy-in-/,2026-09-10 10:49:45
Дисплей для Xiaomi Redmi 7A (M1903C3EE) в сборе с тачскрином Черный - Оптима,650 ₽,550 ₽,/catalog/displei/displey-dlya-xiaomi-redmi-7a-m1903c3ee-v-sbore-s-tachskrinom-chernyy-optima/,2026-09-10 10:49:45
Дисплей для ZTE Blade A5 2020/A7 2020 в сборе с тачскрином Черный - Оптима,1000 ₽,840 ₽,/catalog/displei/displey-dlya-zte-blade-a5-2020-a7-2020-v-sbore-s-tachskrinom-chernyy-optima/,2026-09-10 10:49:45
"Дисплей для iPhone 15 Pro Max (A3106) в сборе с тачскрином Черный - (Soft OLED, Full HD, 120 Гц) (с верификацией = с привязкой без ошибки)",8600 ₽,7290 ₽,/catalog/displei/displey-dlya-iphone-15-pro-max-a3106-v-sbore-s-tachskrinom-chernyy-soft-oled-full-hd-120-gts-s-verif/,2026-09-10 10:49:45
"Дисплей для iPhone 13 (A2635) в сборе с тачскрином Черный - (Soft OLED, Full HD) (с верификацией = с привязкой без ошибки)",6000 ₽,5060 ₽,/catalog/displei/displey-dlya-iphone-13-a2635-v-sbore-s-tachskrinom-chernyy-soft-oled-full-hd-s-verifikatsiey-s-privya/,2026-09-10 10:49:45
Дисплей для Huawei Honor X5 Plus (WOD-LX1) в сборе с тачскрином Черный - OR,950 ₽,780 ₽,/catalog/displei/displey-dlya-huawei-honor-x5-plus-wod-lx1-v-sbore-s-tachskrinom-chernyy-or/,2026-09-10 10:49:45
Дисплей для Samsung Galaxy J4 2018 (J400F) в сборе с тачскрином Черный - (OLED),1600 ₽,1290 ₽,/catalog/displei/displey-dlya-samsung-galaxy-j4-2018-j400f-v-sbore-s-tachskrinom-chernyy-oled/,2026-09-10 10:49:45
Дисплей для Samsung Galaxy M32 (M325F) модуль с рамкой Черный - (OLED),2600 ₽,2190 ₽,/catalog/displei/displey-dlya-samsung-galaxy-m32-m325f-modul-s-ramkoy-chernyy-oled/,2026-09-10 10:49:45
"Дисплей для Infinix Smart 7 Plus (X6517) в сборе с тачскрином Черный - OR (HD+, 300 Кд/м², 60 Гц)",850 ₽,720 ₽,/catalog/displei/displey-dlya-infinix-smart-7-plus-x6517-v-sbore-s-tachskrinom-chernyy-or-hd-300-kd-m-60-gts/,2026-09-10 10:49:45
Дисплей для Xiaomi Redmi Note 11 Pro+ 5G/12 Pro 4G/12 Pro Speed (21091116UG/2209116AG) в сборе с тачскрином Черный - (In-Cell),1000 ₽,830 ₽,/catalog/displei/displey-dlya-xiaomi-redmi-note-11-pro-5g-12-pro-4g-12-pro-speed-210-30ef0c3548af11efb32200155d59fe46/,2026-09-10 10:49:45
Дисплей для Xiaomi Poco X6 Pro 5G (2311DRK48G) в сборе с тачскрином Черный - (In-Cell),1100 ₽,890 ₽,/catalog/displei/displey-dlya-xiaomi-poco-x6-pro-5g-2311drk48g-v-sbore-s-tachskrinom-chernyy-in-cell/,2026-09-10 10:49:45
Дисплей для Samsung Galaxy A7 2018 (A750F) модуль с рамкой Черный - (OLED),3200 ₽,2730 ₽,/catalog/displei/displey-dlya-samsung-galaxy-a7-2018-a750f-modul-s-ramkoy-chernyy-oled/,2026-09-10 10:49:45
Дисплей для Xiaomi Poco X5 Pro 5G/Redmi Note 12 Pro 5G/12 Pro+ (22101320G/221013164UG/22101316C/22101316I/22101316G) в сборе с тачскрином Черный - (In-Cell),1000 ₽,820 ₽,/catalog/displei/displey-dlya-xiaomi-poco-x5-pro-5g-redmi-note-12-pro-5g-12-pro-2210-16c9c69d82f111f0b32900155d59fe46/,2026-09-10 10:49:45
Дисплей для Samsung Galaxy A6 2018 (A600F) в сборе с тачскрином Черный - (OLED),2200 ₽,1850 ₽,/catalog/displei/displey-dlya-samsung-galaxy-a6-2018-a600f-v-sbore-s-tachskrinom-chernyy-oled/,2026-09-10 10:49:45
Дисплей для Tecno Spark 40 Pro+ (KM7) в сборе с тачскрином Черный - OR,3300 ₽,2790 ₽,/catalog/displei/displey-dlya-tecno-spark-40-pro-km7-v-sbore-s-tachskrinom-chernyy-or/,2026-09-10 10:49:45
Дисплей для Samsung Galaxy A11 (A115F) модуль c рамкой Черный - OR Ref. (SP),1100 ₽,890 ₽,/catalog/displei/displey-dlya-samsung-galaxy-a11-a115f-modul-c-ramkoy-chernyy-or-ref-sp/,2026-09-10 10:49:45
Дисплей для Huawei Honor 50 (NTH-NX9) модуль с рамкой Серебро - OR,4300 ₽,3620 ₽,/catalog/displei/displey-dlya-huawei-honor-50-nth-nx9-modul-s-ramkoy-serebro-or/,2026-09-10 10:49:45
Дисплей для Realme 11 Pro 5G/11 Pro+ 5G (RMX3771/RMX3741/RMX3740) в сборе с тачскрином Черный - (OLED),2800 ₽,2390 ₽,/catalog/displei/displey-dlya-realme-11-pro-5g-11-pro-5g-rmx3771-rmx3741-rmx3740-v-sbore-s-tachskrinom-chernyy-oled/,2026-09-10 10:49:45
Дисплей для Xiaomi Redmi 5 Plus (MEG7) в сборе с тачскрином Черный - Оптима,800 ₽,650 ₽,/catalog/displei/displey-dlya-xiaomi-redmi-5-plus-meg7-v-sbore-s-tachskrinom-chernyy-optima/,2026-09-10 10:49:45
Дисплей для Realme 15 5G (RMX5106) в сборе с тачскрином Черный - OR,4300 ₽,3670 ₽,/catalog/displei/displey-dlya-realme-15-5g-rmx5106-v-sbore-s-tachskrinom-chernyy-or/,2026-09-10 10:49:45
"Дисплей для Realme C85 4G (RMX5566) в сборе с тачскрином Черный - OR (Full HD, 300 Кд/м², 90 Гц)",1000 ₽,830 ₽,/catalog/displei/displey-dlya-realme-c85-4g-rmx5566-v-sbore-s-tachskrinom-chernyy-or/,2026-09-10 10:49:45
Дисплей для OPPO Reno 5 Lite (CPH2205) в сборе с тачскрином Черный - (OLED),3300 ₽,2750 ₽,/catalog/displei/displey-dlya-oppo-reno-5-lite-cph2205-v-sbore-s-tachskrinom-chernyy-oled/,2026-09-10 10:49:45
Дисплей для Xiaomi Poco M7 Pro 5G (2409FPCC4G) в сборе с тачскрином Черный - OR,5500 ₽,4670 ₽,/catalog/displei/displey-dlya-xiaomi-poco-m7-pro-5g-2409fpcc4g-v-sbore-s-tachskrinom-chernyy-or/,2026-09-10 10:49:45
Дисплей для Huawei Honor 50 (NTH-NX9) в сборе с тачскрином Черный - OR,3700 ₽,3090 ₽,/catalog/displei/displey-dlya-huawei-honor-50-nth-nx9-v-sbore-s-tachskrinom-chernyy-or/,2026-09-10 10:49:45
"Дисплей для Vivo Y36 4G/5G (V2247) модуль с рамкой Черный - OR (Full HD, 300 Кд/м², 90 Гц)",1400 ₽,1170 ₽,/catalog/displei/displey-dlya-vivo-y36-4g-5g-v2247-modul-s-ramkoy-chernyy-or/,2026-09-10 10:49:45
"Дисплей для Huawei Honor Pad X8 10.1"" (AGM3-AL09HN/AGM3-W09HN) в сборе с тачскрином Черный - Оптима",2200 ₽,1840 ₽,/catalog/displei/displey-dlya-huawei-honor-pad-x8-10-1-agm3-al09hn-agm3-w09hn-v-sbore-s-tachskrinom-chernyy-optima/,2026-09-10 10:49:45
Дисплей для Samsung Galaxy S20 Ultra (G988B) модуль с рамкой Черный - (OLED) (Full Size),6600 ₽,5640 ₽,/catalog/displei/displey-dlya-samsung-galaxy-s20-ultra-g988b-modul-s-ramkoy-chernyy-oled-full-size/,2026-09-10 10:49:45
"Дисплей для Xiaomi Redmi Note 8T (M1908C3XG) модуль с рамкой Черный - OR (Full HD, 300 Кд/м², 60 Гц)",1500 ₽,1280 ₽,/catalog/displei/displey-dlya-xiaomi-redmi-note-8t-m1908c3xg-modul-s-ramkoy-chernyy-or/,2026-09-10 10:49:45
Дисплей для Samsung Galaxy A8 2018 (A530F) в сборе с тачскрином Черный - (OLED),2500 ₽,2070 ₽,/catalog/displei/displey-dlya-samsung-galaxy-a8-2018-a530f-v-sbore-s-tachskrinom-chernyy-oled/,2026-09-10 10:49:45
Дисплей для iPhone 6S в сборе с тачскрином Белый - Оптима,850 ₽,690 ₽,/catalog/displei/displey-dlya-iphone-6s-v-sbore-s-tachskrinom-belyy-optima/,2026-09-10 10:49:45
Дисплей для Infinix GT 30 (X6876) в сборе с тачскрином Черный - OR,3200 ₽,2690 ₽,/catalog/displei/displey-dlya-infinix-gt-30-x6876-v-sbore-s-tachskrinom-chernyy-or/,2026-09-10 10:49:45
Дисплей для Samsung Galaxy A50/A30 (A505F/A305F) в сборе с тачскрином Черный - (OLED),2400 ₽,1990 ₽,/catalog/displei/displey-dlya-samsung-galaxy-a50-a30-a505f-a305f-v-sbore-s-tachskrinom-chernyy-oled/,2026-09-10 10:49:45
Дисплей для Samsung Galaxy A52/A52 5G/A52s 5G (A525F/A526B/A528B) модуль с рамкой Фиолетовый - OR (SP),6800 ₽,5750 ₽,/catalog/displei/displey-dlya-samsung-galaxy-a52-a52-5g-a52s-5g-a525f-a526b-a528b-modul-s-ramkoy-fioletovyy-or-sp/,2026-09-10 10:49:45
Дисплей для Huawei Honor 7X (BND-L21) в сборе с тачскрином Черный - Оптима,750 ₽,640 ₽,/catalog/displei/displey-dlya-huawei-honor-7x-bnd-l21-v-sbore-s-tachskrinom-chernyy-optima/,2026-09-10 10:49:45
Дисплей для Xiaomi Redmi A5/Poco C71 (25028RN03A/25028PC03G) в сборе с тачскрином Черный - Оптима,850 ₽,690 ₽,/catalog/displei/displey-dlya-xiaomi-redmi-a5-poco-c71-25028rn03a-25028pc03g-v-sbore-s-tachskrinom-chernyy-optima/,2026-09-10 10:49:45
"Дисплей для iPhone 16 Pro (A3293) в сборе с тачскрином Черный - DD (Hard OLED, HD+) (площадка под IC)",5300 ₽,4490 ₽,/catalog/displei/displey-dlya-iphone-16-pro-a3293-v-sbore-s-tachskrinom-chernyy-dd-hard-oled-hd-ploshchadka-pod-ic/,2026-09-10 10:49:45
Дисплей для Realme GT Neo 3T (RMX3371) в сборе с тачскрином Черный - OR,5500 ₽,4650 ₽,/catalog/displei/displey-dlya-realme-gt-neo-3t-rmx3371-v-sbore-s-tachskrinom-chernyy-or/,2026-09-10 10:49:45
Дисплей для Samsung Galaxy A30 (A305F) модуль с рамкой Черный - (OLED),2300 ₽,1890 ₽,/catalog/displei/displey-dlya-samsung-galaxy-a30-a305f-modul-s-ramkoy-chernyy-oled/,2026-09-10 10:49:45
Дисплей для Samsung Galaxy A35 5G/A55 5G (A356E/A556E) в сборе с тачскрином Черный - (In-Cell),950 ₽,790 ₽,/catalog/displei/displey-dlya-samsung-galaxy-a35-5g-a55-5g-a356e-a556e-v-sbore-s-tachskrinom-chernyy-in-cell/,2026-09-10 10:49:45
"Дисплей для Huawei Honor X7b 4G/90 Smart (CLK-LX1/CLK-NX1) в сборе с тачскрином Черный - OR100 (Full HD, 400 Кд/м², 60 Гц)",1800 ₽,1530 ₽,/catalog/displei/displey-dlya-huawei-honor-x7b-4g-90-smart-clk-lx1-clk-nx1-v-sbore-s-tachskrinom-chernyy-or100/,2026-09-10 10:49:45
Дисплей для Google Pixel 6a (GX7AS/GB62Z/G1AZG/GB17L) в сборе с тачскрином Черный - (OLED),3600 ₽,3070 ₽,/catalog/displei/displey-dlya-google-pixel-6a-gx7as-gb62z-g1azg-gb17l-v-sbore-s-tachskrinom-chernyy-oled/,2026-09-10 10:49:45
Дисплей для Realme 8 Pro (RMX3081) в сборе с тачскрином Черный - (In-Cell),850 ₽,720 ₽,/catalog/displei/displey-dlya-realme-8-pro-rmx3081-v-sbore-s-tachskrinom-chernyy-in-cell/,2026-09-10 10:49:45
"Дисплей для iPhone 11 Pro Max (A2218) в сборе с тачскрином Черный - DD (Hard OLED, Full HD) (площадка под IC)",3300 ₽,2790 ₽,/catalog/displei/displey-dlya-iphone-11-pro-max-a2218-v-sbore-s-tachskrinom-chernyy-dd-hard-oled-full-hd-ploshchadka-/,2026-09-10 10:49:45
Дисплей для Samsung Galaxy A54 5G (A546E) модуль с рамкой Черный - (In-Cell),1500 ₽,1270 ₽,/catalog/displei/displey-dlya-samsung-galaxy-a54-5g-a546e-modul-s-ramkoy-chernyy-in-cell/,2026-09-10 10:49:45
Дисплей для iPhone 8 Plus в сборе с тачскрином Белый - Оптима,800 ₽,680 ₽,/catalog/displei/displey-dlya-iphone-8-plus-v-sbore-s-tachskrinom-belyy-optima/,2026-09-10 10:49:45
Дисплей для iPhone 15 (A3090) в сборе с тачскрином Черный - (In-Cell) (площадка под IC),2400 ₽,2030 ₽,/catalog/displei/displey-dlya-iphone-15-a3090-v-sbore-s-tachskrinom-chernyy-in-cell-ploshchadka-pod-ic/,2026-09-10 10:49:45
Дисплей для Samsung Galaxy A02s (A025F) модуль с рамкой Черный - OR Ref. (SP) (GH81-20118A),1200 ₽,990 ₽,/catalog/displei/displey-dlya-samsung-galaxy-a02s-a025f-modul-s-ramkoy-chernyy-or-ref-sp-gh81-20118a/,2026-09-10 10:49:45
Дисплей для Google Pixel 6 (GB7N6/G9S9B16/G9S9B/GR1YH) в сборе с тачскрином Черный - OR,7200 ₽,6150 ₽,/catalog/displei/displey-dlya-google-pixel-6-gb7n6-g9s9b16-g9s9b-gr1yh-v-sbore-s-tachskrinom-chernyy-or/,2026-09-10 10:49:45
Дисплей для Huawei P30 Lite/Honor 20S/20 Lite (MAR-LX1M/MAR-LX1H) в сборе с тачскрином Черный - Стандарт (COG),750 ₽,630 ₽,/catalog/displei/displey-dlya-huawei-p30-lite-honor-20s-20-lite-mar-lx1m-mar-lx1h-v-sbore-s-tachskrinom-chernyy-stand/,2026-09-10 10:49:45
Дисплей для Samsung Galaxy A5 2017 (A520F) в сборе с тачскрином Черный (OLED),1700 ₽,1390 ₽,/catalog/displei/displey-dlya-samsung-galaxy-a5-2017-a520f-v-sbore-s-tachskrinom-chernyy-oled/,2026-09-10 10:49:45
Дисплей для Samsung Galaxy A56 5G (A566B) в сборе с тачскрином Черный - OR (SP),6800 ₽,5760 ₽,/catalog/displei/displey-dlya-samsung-galaxy-a56-5g-a566b-v-sbore-s-tachskrinom-chernyy-or-sp/,2026-09-10 10:49:45
Дисплей для Huawei Nova 13 (BLK-AL80) в сборе с тачскрином Черный - OR,2700 ₽,2250 ₽,/catalog/displei/displey-dlya-huawei-nova-13-blk-al80-v-sbore-s-tachskrinom-chernyy-or/,2026-09-10 10:49:45
Дисплей для Oukitel WP22 в сборе с тачскрином Черный - Оптима,1200 ₽,950 ₽,/catalog/displei/displey-dlya-oukitel-wp22-v-sbore-s-tachskrinom-chernyy-optima/,2026-09-10 10:49:45
"Дисплей для Xiaomi Redmi A3x (24048RN6CG) в сборе с тачскрином Черный - OR100 (HD+, 400 Кд/м², 90 Гц)",1100 ₽,940 ₽,/catalog/displei/displey-dlya-xiaomi-redmi-a3x-24048rn6cg-v-sbore-s-tachskrinom-chernyy-or100/,2026-09-10 10:49:45
Дисплей для OPPO Reno 7 (CPH2363) в сборе с тачскрином Черный - (In-Cell),950 ₽,790 ₽,/catalog/displei/displey-dlya-oppo-reno-7-cph2363-v-sbore-s-tachskrinom-chernyy-in-cell/,2026-09-10 10:49:45
Дисплей для Huawei Y5 2018/Y5 Prime 2018/Y5 Lite 2018/Honor 7A/TP-LINK Neffos C9A (DUA-L22/DRA-L21/DRA-LX2/DRA-LX5) в сборе с тачскрином Черный - Оптима,700 ₽,570 ₽,/catalog/displei/displey-dlya-huawei-y5-2018-y5-prime-2018-y5-lite-2018-honor-7a-tp-link-neffos-c9a-dua-l22-dra-l21-d/,2026-09-10 10:49:45
"Дисплей для iPhone 14 (A2883) в сборе с тачскрином Черный - OR100 (Снятый, без ремонта)",8000 ₽,6790 ₽,/catalog/displei/displey-dlya-iphone-14-a2883-v-sbore-s-tachskrinom-chernyy-or100-snyatyy-bez-remonta/,2026-09-10 10:49:45
"Дисплей для Infinix Hot 10 Play/11 Play (X688C/X688B) в сборе с тачскрином Черный - OR (HD+, 300 Кд/м², 60 Гц)",800 ₽,680 ₽,/catalog/displei/displey-dlya-infinix-hot-10-play-11-play-x688c-x688b-v-sbore-s-tachskrinom-chernyy-or/,2026-09-10 10:49:45
Дисплей для Huawei Nova 10 (NCO-LX1) в сборе с тачскрином Черный - OR,2700 ₽,2270 ₽,/catalog/displei/displey-dlya-huawei-nova-10-nco-lx1-v-sbore-s-tachskrinom-chernyy-or/,2026-09-10 10:49:45
Дисплей для Xiaomi 11 Lite 5G NE/Mi 11 Lite 4G/5G (2109119DG/M2101K9AG/M2101K9G) модуль с рамкой Черный - OR,4800 ₽,4040 ₽,/catalog/displei/displey-dlya-xiaomi-11-lite-5g-ne-mi-11-lite-4g-5g-2109119dg-m2101k9ag-m2101k9g-modul-s-ramkoy-chern/,2026-09-10 10:49:45
Дисплей для Xiaomi Redmi Note 15 4G (2510DRA23E/2510DRA23G) в сборе с тачскрином Черный - OR,3900 ₽,3290 ₽,/catalog/displei/displey-dlya-xiaomi-redmi-note-15-4g-2510dra23e-2510dra23g-v-sbore-s-tachskrinom-chernyy-or/,2026-09-10 10:49:45
Дисплей для Infinix GT 30 Pro (X6873) в сборе с тачскрином Черный - OR,3600 ₽,3050 ₽,/catalog/displei/displey-dlya-infinix-gt-30-pro-x6873-v-sbore-s-tachskrinom-chernyy-or/,2026-09-10 10:49:45
Дисплей для Infinix Zero 20 (X6821) в сборе с тачскрином Черный - OR,3600 ₽,3050 ₽,/catalog/displei/displey-dlya-infinix-zero-20-x6821-v-sbore-s-tachskrinom-chernyy-or/,2026-09-10 10:49:45
Дисплей для Google Pixel 8 Pro (GC3VE/G1MNW) в сборе с тачскрином Черный - (Soft OLED),3900 ₽,3290 ₽,/catalog/displei/displey-dlya-google-pixel-8-pro-gc3ve-g1mnw-v-sbore-s-tachskrinom-chernyy-soft-oled/,2026-09-10 10:49:45
Дисплей для Huawei Honor X9b (ALI-NX1) в сборе с тачскрином Черный - OR,3700 ₽,3150 ₽,/catalog/displei/displey-dlya-huawei-honor-x9b-ali-nx1-v-sbore-s-tachskrinom-chernyy-or/,2026-09-10 10:49:45
Дисплей для Xiaomi Redmi Note 15 4G (2510DRA23E/2510DRA23G) модуль с рамкой Черный - OR (SP),7300 ₽,6180 ₽,/catalog/displei/displey-dlya-xiaomi-redmi-note-15-4g-2510dra23e-2510dra23g-modul-s-ramkoy-chernyy-or-sp/,2026-09-10 10:49:45
"Дисплей для Huawei MatePad T 10s 10.1"" (AGS3-L09/AGS3K-W09) в сборе с тачскрином Черный - Оптима",2200 ₽,1840 ₽,/catalog/displei/displey-dlya-huawei-matepad-t-10s-10-1-ags3-l09-ags3k-w09-v-sbore-s-tachskrinom-chernyy-optima/,2026-09-10 10:49:45
"Дисплей для Samsung Galaxy Tab A7 Lite 8.7"" Wi-Fi (T220) в сборе с тачскрином Черный - Оптима",1500 ₽,1260 ₽,/catalog/displei/displey-dlya-samsung-galaxy-tab-a7-lite-8-7-wi-fi-t220-v-sbore-s-tachskrinom-chernyy-optima/,2026-09-10 10:49:45
Дисплей для iPhone Xs Max (A1921/A2101) в сборе с тачскрином Черный - (In-Cell),1300 ₽,1070 ₽,/catalog/displei/displey-dlya-iphone-xs-max-a1921-a2101-v-sbore-s-tachskrinom-chernyy-in-cell/,2026-09-10 10:49:45
Дисплей для Xiaomi 12 Lite (2203129G) модуль с рамкой Черный - OR,3900 ₽,3320 ₽,/catalog/displei/displey-dlya-xiaomi-12-lite-2203129g-modul-s-ramkoy-chernyy-or/,2026-09-10 10:49:45
"Дисплей для iPhone 15 (A3090) в сборе с тачскрином Черный - OR100 (Снятый, без ремонта)",15400 ₽,13090 ₽,/catalog/displei/displey-dlya-iphone-15-a3090-v-sbore-s-tachskrinom-chernyy-or100-snyatyy-bez-remonta/,2026-09-10 10:49:45
Дисплей для Samsung Galaxy Note 20 Ultra (N985F/N986F) модуль с рамкой Черный - (OLED) (Full Size),6700 ₽,5690 ₽,/catalog/displei/displey-dlya-samsung-galaxy-note-20-ultra-n985f-n986f-modul-s-ramkoy-chernyy-oled-full-size/,2026-09-10 10:49:45
Дисплей для Realme GT Master Edition (RMX3363) модуль с рамкой Черный - OR,6800 ₽,5740 ₽,/catalog/displei/displey-dlya-realme-gt-master-edition-rmx3363-modul-s-ramkoy-chernyy-or/,2026-09-10 10:49:45
"Дисплей для Samsung Galaxy M14 5G (M146B) в сборе с тачскрином Черный - OR (HD+, 300 Кд/м², 90 Гц)",950 ₽,790 ₽,/catalog/displei/displey-dlya-samsung-galaxy-m14-5g-m146b-v-sbore-s-tachskrinom-chernyy-or/,2026-09-10 10:49:45
"Дисплей для Huawei Honor X5 (VNA-LX2) в сборе с тачскрином Черный - OR (HD+, 300 Кд/м², 60 Гц)",900 ₽,760 ₽,/catalog/displei/displey-dlya-huawei-honor-x5-vna-lx2-v-sbore-s-tachskrinom-chernyy-or/,2026-09-10 10:49:45
Дисплей для Samsung Galaxy A20 (A205F) модуль с рамкой Черный - (In-Cell),1000 ₽,820 ₽,/catalog/displei/displey-dlya-samsung-galaxy-a20-a205f-modul-s-ramkoy-chernyy-in-cell/,2026-09-10 10:49:45
"Дисплей для iPhone 14 Pro Max (A2895) в сборе с тачскрином Черный - OR (Снятый, заменено ТОЛЬКО стекло)",19000 ₽,16190 ₽,/catalog/displei/displey-dlya-iphone-14-pro-max-a2895-v-sbore-s-tachskrinom-chernyy-or-snyatyy-zameneno-tolko-steklo/,2026-09-10 10:49:45
"Дисплей для Huawei MatePad 10.4"" 2022 (BAH4-W09/BAH4-L09) в сборе с тачскрином Черный - Оптима",2800 ₽,2330 ₽,/catalog/displei/displey-dlya-huawei-matepad-10-4-2022-bah4-w09-bah4-l09-v-sbore-s-tachskrinom-chernyy-optima/,2026-09-10 10:49:45
Дисплей для Samsung Galaxy A16 5G (A166B) модуль с рамкой Черный - (OLED) (Full Size),3300 ₽,2740 ₽,/catalog/displei/displey-dlya-samsung-galaxy-a16-5g-a166b-modul-s-ramkoy-chernyy-oled-full-size/,2026-09-10 10:49:45
Дисплей для Realme C30/Narzo 50i Prime (RMX3581/RMX3623/RMX3506) в сборе с тачскрином Черный - Оптима,650 ₽,550 ₽,/catalog/displei/displey-dlya-realme-c30-narzo-50i-prime-rmx3581-rmx3623-rmx3506-v-sbore-s-tachskrinom-chernyy-optima/,2026-09-10 10:49:45
"Дисплей для iPhone 12/12 Pro (A2403/A2407) в сборе с тачскрином Черный - (Hard OLED, Full HD) (с верификацией = с привязкой без ошибки)",4700 ₽,3990 ₽,/catalog/displei/displey-dlya-iphone-12-12-pro-a2403-a2407-v-sbore-s-tachskrinom-chernyy-hard-oled-full-hd-s-verifika/,2026-09-10 10:49:45
"Дисплей для Huawei MediaPad T5 10"" (AGS2-L09/AGS2-W09) в сборе с тачскрином Черный - Оптима",2100 ₽,1790 ₽,/catalog/displei/displey-dlya-huawei-mediapad-t5-10-ags2-l09-ags2-w09-v-sbore-s-tachskrinom-chernyy-optima/,2026-09-10 10:49:45
"Дисплей для Infinix Smart 6 (X6511) в сборе с тачскрином Черный - OR (HD+, 300 Кд/м², 60 Гц)",850 ₽,690 ₽,/catalog/displei/displey-dlya-infinix-smart-6-x6511-v-sbore-s-tachskrinom-chernyy-or/,2026-09-10 10:49:45
"Дисплей для Tecno POP 6 Pro (BE8) в сборе с тачскрином Черный - OR (HD+, 300 Кд/м², 60 Гц)",800 ₽,650 ₽,/catalog/displei/displey-dlya-tecno-pop-6-pro-be8-v-sbore-s-tachskrinom-chernyy-or/,2026-09-10 10:49:45
"Дисплей для Huawei Honor Pad 8 12"" (HEY-W09) в сборе с тачскрином Черный - Оптима",3400 ₽,2870 ₽,/catalog/displei/displey-dlya-huawei-honor-pad-8-12-hey-w09-v-sbore-s-tachskrinom-chernyy-optima/,2026-09-10 10:49:45
Дисплей для Vivo V50 Lite 4G/V60 Lite 4G/5G/iQOO Z10R (V2441/V2530/V2529) в сборе с тачскрином Черный - OR,3300 ₽,2750 ₽,/catalog/displei/displey-dlya-vivo-v50-lite-4g-v60-lite-4g-5g-iqoo-z10r-v2441-v2530-v2529-v-sbore-s-tachskrinom-chern/,2026-09-10 10:49:45
Дисплей для Samsung Galaxy A17 4G (A175F) модуль с рамкой Черный - (In-Cell),1300 ₽,1030 ₽,/catalog/displei/displey-dlya-samsung-galaxy-a17-4g-a175f-modul-s-ramkoy-chernyy-in-cell/,2026-09-10 10:49:45
Дисплей для Blackview BV8800 в сборе с тачскрином Черный - Оптима,1300 ₽,1030 ₽,/catalog/displei/displey-dlya-blackview-bv8800-v-sbore-s-tachskrinom-chernyy-optima/,2026-09-10 10:49:45
Дисплей для Tecno Spark 20 Pro+ (KJ7) в сборе с тачскрином Черный - OR,3100 ₽,2640 ₽,/catalog/displei/displey-dlya-tecno-spark-20-pro-kj7-v-sbore-s-tachskrinom-chernyy-or/,2026-09-10 10:49:45
"Дисплей для Tecno Spark 9 Pro/9T/9 Pro Sport (KH7n) модуль с рамкой Черный - OR (Full HD, 300 Кд/м², 60 Гц)",1400 ₽,1170 ₽,/catalog/displei/displey-dlya-tecno-spark-9-pro-9t-9-pro-sport-kh7n-modul-s-ramkoy-chernyy-or/,2026-09-10 10:49:45
Дисплей для Realme 9 Pro+ (RMX3393/RMX3392) в сборе с тачскрином Черный - (In-Cell),1000 ₽,830 ₽,/catalog/displei/displey-dlya-realme-9-pro-rmx3393-rmx3392-v-sbore-s-tachskrinom-chernyy-in-cell/,2026-09-10 10:49:45
Дисплей для Samsung Galaxy A33 5G (A336B) модуль с рамкой Черный - (OLED),2600 ₽,2190 ₽,/catalog/displei/displey-dlya-samsung-galaxy-a33-5g-a336b-modul-s-ramkoy-chernyy-oled/,2026-09-10 10:49:45
"Дисплей для Huawei Nova Y90 (CTR-LX1) модуль с рамкой Черный - OR (Full HD, 300 Кд/м², 90 Гц)",2000 ₽,1660 ₽,/catalog/displei/displey-dlya-huawei-nova-y90-ctr-lx1-modul-s-ramkoy-chernyy-or-full-hd-300-kd-m-90-gts/,2026-09-10 10:49:45
"Дисплей для Huawei MediaPad T3 10"" (AGS-L09) в сборе с тачскрином Черный - Оптима",2100 ₽,1730 ₽,/catalog/displei/displey-dlya-huawei-mediapad-t3-10-ags-l09-v-sbore-s-tachskrinom-chernyy-optima/,2026-09-10 10:49:45
"Дисплей для Huawei Honor 20/Nova 5T (YAL-L21) модуль с рамкой Черный - OR (Full HD, 300 Кд/м², 60 Гц)",2000 ₽,1650 ₽,/catalog/displei/displey-dlya-huawei-honor-20-nova-5t-yal-l21-modul-s-ramkoy-chernyy-or/,2026-09-10 10:49:45
Дисплей для Oukitel WP21/WP21 Ultra в сборе с тачскрином Черный - Оптима,1100 ₽,940 ₽,/catalog/displei/displey-dlya-oukitel-wp21-wp21-ultra-v-sbore-s-tachskrinom-chernyy-optima/,2026-09-10 10:49:45
Дисплей для Samsung Galaxy S21 (G991B) в сборе с тачскрином Черный - OR (SP),8400 ₽,7140 ₽,/catalog/displei/displey-dlya-samsung-galaxy-s21-g991b-v-sbore-s-tachskrinom-chernyy-or-sp/,2026-09-10 10:49:45
"Дисплей для Apple Watch 5/SE 44 мм в сборе с тачскрином Черный - OR100 (Снятый, без ремонта)",7200 ₽,6090 ₽,/catalog/displei/displey-dlya-apple-watch-5-se-44-mm-v-sbore-s-tachskrinom-chernyy-or100-snyatyy-bez-remonta/,2026-09-10 10:49:45
Дисплей для Huawei Pura 70 Pro (HBN-LX9/HBN-AL00) в сборе с тачскрином Черный - OR,15000 ₽,12790 ₽,/catalog/displei/displey-dlya-huawei-pura-70-pro-hbn-lx9-hbn-al00-v-sbore-s-tachskrinom-chernyy-or/,2026-09-10 10:49:45
"Дисплей для Lenovo Xiaoxin Pad 2024 11"" (TB331FC) в сборе с тачскрином Черный - OR",2800 ₽,2390 ₽,/catalog/displei/displey-dlya-lenovo-xiaoxin-pad-2024-11-tb331fc-v-sbore-s-tachskrinom-chernyy-or/,2026-09-10 10:49:45
Дисплей для Tecno Spark 6 Go/Go 2020 (KE5) в сборе с тачскрином Черный - Оптима,850 ₽,690 ₽,/catalog/displei/displey-dlya-tecno-spark-6-go-go-2020-ke5-v-sbore-s-tachskrinom-chernyy-optima/,2026-09-10 10:49:45
Дисплей для iPhone 13 (A2635) в сборе с тачскрином Черный - (In-Cell) (площадка под IC),2000 ₽,1650 ₽,/catalog/displei/displey-dlya-iphone-13-a2635-v-sbore-s-tachskrinom-chernyy-in-cell-ploshchadka-pod-ic/,2026-09-10 10:49:45
Дисплей для Huawei Honor 9S/Y5p (DUA-LX9/DRA-LX9) в сборе с тачскрином Черный - OR,900 ₽,760 ₽,/catalog/displei/displey-dlya-huawei-honor-9s-y5p-dua-lx9-dra-lx9-v-sbore-s-tachskrinom-chernyy-or/,2026-09-10 10:49:45
Дисплей для Oukitel WP23/WP23 Pro/WP28 в сборе с тачскрином Черный - Оптима,1100 ₽,870 ₽,/catalog/displei/displey-dlya-oukitel-wp23-wp23-pro-wp28-v-sbore-s-tachskrinom-chernyy-optima/,2026-09-10 10:49:45
Дисплей для Google Pixel 9 (GUR25) в сборе с тачскрином Черный - OR,7800 ₽,6640 ₽,/catalog/displei/displey-dlya-google-pixel-9-gur25-v-sbore-s-tachskrinom-chernyy-or/,2026-09-10 10:49:45
Дисплей для Vivo V17 (1920) в сборе с тачскрином Черный - (OLED),2600 ₽,2190 ₽,/catalog/displei/displey-dlya-vivo-v17-1920-v-sbore-s-tachskrinom-chernyy-oled/,2026-09-10 10:49:45
"Дисплей для Infinix Hot 11 (X689F) в сборе с тачскрином Черный - OR (Full HD, 300 Кд/м², 90 Гц)",950 ₽,790 ₽,/catalog/displei/displey-dlya-infinix-hot-11-x689f-v-sbore-s-tachskrinom-chernyy-or/,2026-09-10 10:49:45
Дисплей для Huawei Nova 11/12s (FOA-LX9) в сборе с тачскрином Черный - OR,3000 ₽,2490 ₽,/catalog/displei/displey-dlya-huawei-nova-11-12s-foa-lx9-v-sbore-s-tachskrinom-chernyy-or/,2026-09-10 10:49:45
"Дисплей для iPhone 16 (A3287) в сборе с тачскрином Черный - OR100 (Снятый, без ремонта)",15600 ₽,13290 ₽,/catalog/displei/displey-dlya-iphone-16-a3287-v-sbore-s-tachskrinom-chernyy-or100-snyatyy-bez-remonta/,2026-09-10 10:49:45
"Дисплей для Huawei Nova 11i (MAO-LX9N) в сборе с тачскрином Черный - OR (Full HD, 300 Кд/м², 90 Гц)",1500 ₽,1280 ₽,/catalog/displei/displey-dlya-huawei-nova-11i-mao-lx9n-v-sbore-s-tachskrinom-chernyy-or/,2026-09-10 10:49:45
Дисплей для iPhone 12 Pro Max (A2411) в сборе с тачскрином Черный - (In-Cell) (площадка под IC),2800 ₽,2330 ₽,/catalog/displei/displey-dlya-iphone-12-pro-max-a2411-v-sbore-s-tachskrinom-chernyy-in-cell-ploshchadka-pod-ic/,2026-09-10 10:49:45
Дисплей для Infinix Note 11/12 (X663B/X663D) в сборе с тачскрином Черный - (OLED),3300 ₽,2820 ₽,/catalog/displei/displey-dlya-infinix-note-11-12-x663b-x663d-v-sbore-s-tachskrinom-chernyy-oled/,2026-09-10 10:49:45
"Дисплей для Xiaomi Redmi Note 8/8 2021 (M1908C3JC) модуль с рамкой Черный - OR (Full HD, 300 Кд/м², 60 Гц)",1500 ₽,1230 ₽,/catalog/displei/displey-dlya-xiaomi-redmi-note-8-8-2021-m1908c3jc-modul-s-ramkoy-chernyy-or/,2026-09-10 10:49:45
Дисплей для Google Pixel 6 (GB7N6/G9S9B16/G9S9B/GR1YH) в сборе с тачскрином Черный - (OLED),3400 ₽,2830 ₽,/catalog/displei/displey-dlya-google-pixel-6-gb7n6-g9s9b16-g9s9b-gr1yh-v-sbore-s-tachskrinom-chernyy-oled/,2026-09-10 10:49:45
"Дисплей для iPhone 13 Pro Max (A2645) в сборе с тачскрином Черный - (In-Cell, Full HD, 120 Гц) (площадка под IC)",2800 ₽,2390 ₽,/catalog/displei/displey-dlya-iphone-13-pro-max-a2645-v-sbore-s-tachskrinom-chernyy-in-cell-full-hd-120-gts-ploshchad/,2026-09-10 10:49:45
Дисплей для Nothing Phone 1 (A063) в сборе с тачскрином Черный - OR,2600 ₽,2170 ₽,/catalog/displei/displey-dlya-nothing-phone-1-a063-v-sbore-s-tachskrinom-chernyy-or/,2026-09-10 10:49:45
Дисплей для Samsung Galaxy A32 4G/M32 (A325F/M325F) в сборе с тачскрином Черный - (In-Cell),1000 ₽,830 ₽,/catalog/displei/displey-dlya-samsung-galaxy-a32-4g-m32-a325f-m325f-v-sbore-s-tachskrinom-chernyy-in-cell/,2026-09-10 10:49:45
Дисплей для OPPO Reno 12 F 4G/Realme 12 4G (CPH2687/RMX3871) в сборе с тачскрином Черный - (OLED),2600 ₽,2190 ₽,/catalog/displei/displey-dlya-oppo-reno-12-f-4g-realme-12-4g-cph2687-rmx3871-v-sbore-s-tachskrinom-chernyy-oled/,2026-09-10 10:49:45
Дисплей для Xiaomi 13 Pro (2210132C) в сборе с тачскрином Черный - OR,4400 ₽,3690 ₽,/catalog/displei/displey-dlya-xiaomi-13-pro-2210132c-v-sbore-s-tachskrinom-chernyy-or/,2026-09-10 10:49:45
"Дисплей для iPhone 15 Pro (A3102) в сборе с тачскрином Черный - OR (Снятый, заменено ТОЛЬКО стекло)",18400 ₽,15690 ₽,/catalog/displei/displey-dlya-iphone-15-pro-a3102-v-sbore-s-tachskrinom-chernyy-or-snyatyy-zameneno-tolko-steklo/,2026-09-10 10:49:45
Дисплей для Samsung Galaxy A22 4G (A225F) модуль с рамкой Черный - (In-Cell),1100 ₽,880 ₽,/catalog/displei/displey-dlya-samsung-galaxy-a22-4g-a225f-modul-s-ramkoy-chernyy-in-cell/,2026-09-10 10:49:45
"Дисплей для iPhone 12 Pro Max (A2411) в сборе с тачскрином Черный - OR (Снятый, заменено ТОЛЬКО стекло)",11000 ₽,9340 ₽,/catalog/displei/displey-dlya-iphone-12-pro-max-a2411-v-sbore-s-tachskrinom-chernyy-or-snyatyy-zameneno-tolko-steklo/,2026-09-10 10:49:45
Дисплей для Samsung Galaxy A16 5G (A166B) модуль с рамкой Черный - OR (SP),4700 ₽,3990 ₽,/catalog/displei/displey-dlya-samsung-galaxy-a16-5g-a166b-modul-s-ramkoy-chernyy-or-sp/,2026-09-10 10:49:45
"Дисплей для iPhone 14 (A2883) в сборе с тачскрином Черный - JCID (Soft OLED, Full HD) (с верификацией = с привязкой без ошибки)",6300 ₽,5360 ₽,/catalog/displei/displey-dlya-iphone-14-a2883-v-sbore-s-tachskrinom-chernyy-jcid-soft-oled-full-hd-s-verifikatsiey-s-/,2026-09-10 10:49:45
Дисплей для Xiaomi Redmi 10 (21061119DG/21061119AG) в сборе с тачскрином Черный Mecanico - AMP,800 ₽,670 ₽,/catalog/displei/displey-dlya-xiaomi-redmi-10-21061119dg-21061119ag-v-sbore-s-tachskrinom-chernyy-mecanico-amp/,2026-09-10 10:49:45
"Дисплей для iPhone 16 Pro (A3293) в сборе с тачскрином Черный - OR100 (rev. Samsung) (Снятый, без ремонта)",25400 ₽,21690 ₽,/catalog/displei/displey-dlya-iphone-16-pro-a3293-v-sbore-s-tachskrinom-chernyy-or100-rev-samsung-snyatyy-bez-remonta/,2026-09-10 10:49:45
Дисплей для iPhone 15 Pro Max (A3106) в сборе с тачскрином Черный - (In-Cell) Стандарт,1800 ₽,1530 ₽,/catalog/displei/displey-dlya-iphone-15-pro-max-a3106-v-sbore-s-tachskrinom-chernyy-in-cell-standart/,2026-09-10 10:49:45
Дисплей для iPhone 8 Plus в сборе с тачскрином Черный - Оптима,800 ₽,680 ₽,/catalog/displei/displey-dlya-iphone-8-plus-v-sbore-s-tachskrinom-chernyy-optima/,2026-09-10 10:49:45
"Дисплей для Huawei Honor Pad X9a 11.5"" (ELN2-W29) в сборе с тачскрином Черный - OR",5200 ₽,4370 ₽,/catalog/displei/displey-dlya-huawei-honor-pad-x9a-11-5-eln2-w29-v-sbore-s-tachskrinom-chernyy-or/,2026-09-10 10:49:45
Дисплей для Xiaomi Redmi Note 12S (23030RAC7Y) в сборе с тачскрином Черный - (In-Cell),1000 ₽,840 ₽,/catalog/displei/displey-dlya-xiaomi-redmi-note-12s-23030rac7y-v-sbore-s-tachskrinom-chernyy-in-cell/,2026-09-10 10:49:45
"Дисплей для iPhone 14 Pro (A2891) в сборе с тачскрином Черный - JCID (Soft OLED, Full HD, 120 Гц) (с верификацией = с привязкой без ошибки)",9600 ₽,8140 ₽,/catalog/displei/displey-dlya-iphone-14-pro-a2891-v-sbore-s-tachskrinom-chernyy-jcid-soft-oled-full-hd-120-gts-s-veri/,2026-09-10 10:49:45
Дисплей для iPhone 12/12 Pro (A2403/A2407) в сборе с тачскрином Черный - (FOG),5000 ₽,4190 ₽,/catalog/displei/displey-dlya-iphone-12-12-pro-a2403-a2407-v-sbore-s-tachskrinom-chernyy-fog/,2026-09-10 10:49:45
Дисплей для Samsung Galaxy A30s (A307F) модуль с рамкой Черный - (In-Cell),900 ₽,740 ₽,/catalog/displei/displey-dlya-samsung-galaxy-a30s-a307f-modul-s-ramkoy-chernyy-in-cell/,2026-09-10 10:49:45
Дисплей для Huawei Nova 14 (TLR-AL00) в сборе с тачскрином Черный - OR,3500 ₽,2990 ₽,/catalog/displei/displey-dlya-huawei-nova-14-tlr-al00-v-sbore-s-tachskrinom-chernyy-or/,2026-09-10 10:49:45
"Дисплей для OPPO A18 (CPH2591) в сборе с тачскрином Черный - OR (HD+, 300 Кд/м², 90 Гц)",900 ₽,750 ₽,/catalog/displei/displey-dlya-oppo-a18-cph2591-v-sbore-s-tachskrinom-chernyy-or/,2026-09-10 10:49:45
"Дисплей для Realme 9 5G (RMX3474) модуль с рамкой Черный - OR (Full HD, 300 Кд/м², 120 Гц)",1300 ₽,1030 ₽,/catalog/displei/displey-dlya-realme-9-5g-rmx3474-modul-s-ramkoy-chernyy-or-hd-300-kd-m-120-gts/,2026-09-10 10:49:45
"Дисплей для OPPO A60 (CPH2631) в сборе с тачскрином Черный - OR (HD+, 300 Кд/м², 90 Гц)",950 ₽,790 ₽,/catalog/displei/displey-dlya-oppo-a60-cph2631-v-sbore-s-tachskrinom-chernyy-or/,2026-09-10 10:49:45
Дисплей для Samsung Galaxy A72 (A725F) модуль с рамкой Черный - (In-Cell),1400 ₽,1180 ₽,/catalog/displei/displey-dlya-samsung-galaxy-a72-a725f-modul-s-ramkoy-chernyy-in-cell/,2026-09-10 10:49:45
Дисплей для iPhone 6S в сборе с тачскрином Белый - Премиум,1200 ₽,980 ₽,/catalog/displei/displey-dlya-iphone-6s-v-sbore-s-tachskrinom-belyy-premium/,2026-09-10 10:49:45
Дисплей для Realme Pad Mini (RMP2106/RMP2105) в сборе с тачскрином Черный - Оптима,1600 ₽,1290 ₽,/catalog/displei/displey-dlya-realme-pad-mini-rmp2106-rmp2105-v-sbore-s-tachskrinom-chernyy-optima/,2026-09-10 10:49:45
Дисплей для OPPO Reno 8T 4G (CPH2481) в сборе с тачскрином Черный - (OLED),3700 ₽,3130 ₽,/catalog/displei/displey-dlya-oppo-reno-8t-4g-cph2481-v-sbore-s-tachskrinom-chernyy-oled/,2026-09-10 10:49:45
Дисплей для Samsung Galaxy A30 (A305F) модуль с рамкой Черный - (In-Cell) - Премиум,1500 ₽,1240 ₽,/catalog/displei/displey-dlya-samsung-galaxy-a30-a305f-modul-s-ramkoy-chernyy-in-cell-premium/,2026-09-10 10:49:45
Дисплей для Xiaomi Poco X5 5G/Redmi Note 12 5G (22111317PG/22111317I) модуль с рамкой Черный - (In-Cell),1300 ₽,1070 ₽,/catalog/displei/displey-dlya-xiaomi-poco-x5-5g-redmi-note-12-5g-22111317pg-22111317i-modul-s-ramkoy-chernyy-in-cell/,2026-09-10 10:49:45
Дисплей для Samsung Galaxy M52 5G/M54 5G (M526B/M546B) в сборе с тачскрином Черный - OR (SP),3500 ₽,2990 ₽,/catalog/displei/displey-dlya-samsung-galaxy-m52-5g-m54-5g-m526b-m546b-v-sbore-s-tachskrinom-chernyy-or-sp/,2026-09-10 10:49:45
Дисплей для Tecno Pova 6 Pro 5G (LI9) модуль с рамкой Черный - OR,4000 ₽,3390 ₽,/catalog/displei/displey-dlya-tecno-pova-6-pro-5g-li9-modul-s-ramkoy-chernyy-or/,2026-09-10 10:49:45
Дисплей для Asus ROG Phone 6/6 Pro/7/7 Ultimate (AI2201/AI2205) в сборе с тачскрином Черный - OR,5200 ₽,4360 ₽,/catalog/displei/displey-dlya-asus-rog-phone-6-6-pro-7-7-ultimate-ai2201-ai2205-v-sbore-s-tachskrinom-chernyy-or/,2026-09-10 10:49:45
Дисплей для OPPO Reno 7 (CPH2363) в сборе с тачскрином Черный - (OLED),4000 ₽,3390 ₽,/catalog/displei/displey-dlya-oppo-reno-7-cph2363-v-sbore-s-tachskrinom-chernyy-oled/,2026-09-10 10:49:45
Дисплей для Samsung Galaxy A55 5G (A556E) модуль с рамкой Лавандовый - OR (SP),6300 ₽,5350 ₽,/catalog/displei/displey-dlya-samsung-galaxy-a55-5g-a556e-modul-s-ramkoy-lavandovyy-or-sp/,2026-09-10 10:49:45
"Дисплей для Xiaomi Redmi Note 9S/9 Pro (M2003J6A1G/M2003J6B2G) модуль с рамкой Серебро - OR (Full HD, 300 Кд/м², 60 Гц)",1500 ₽,1250 ₽,/catalog/displei/displey-dlya-xiaomi-redmi-note-9s-9-pro-m2003j6a1g-m2003j6b2g-modul-s-ramkoy-serebro-or/,2026-09-10 10:49:45
"Дисплей для Samsung Galaxy Tab A7 10.4"" 2020 (T500/T505) в сборе с тачскрином Черный - Оптима",2300 ₽,1890 ₽,/catalog/displei/displey-dlya-samsung-galaxy-tab-a7-10-4-2020-t500-t505-v-sbore-s-tachskrinom-chernyy-optima/,2026-09-10 10:49:45
Дисплей для Tecno Pova 5 (LH7n) в сборе с тачскрином Черный - Оптима,800 ₽,680 ₽,/catalog/displei/displey-dlya-tecno-pova-5-lh7n-v-sbore-s-tachskrinom-chernyy-optima/,2026-09-10 10:49:45
"Дисплей для iPhone 12 Pro Max (A2411) в сборе с тачскрином Черный - DD (Soft OLED, Full HD) (с верификацией = с привязкой без ошибки)",5400 ₽,4540 ₽,/catalog/displei/displey-dlya-iphone-12-pro-max-a2411-v-sbore-s-tachskrinom-chernyy-dd-soft-oled-full-hd-s-verifikats/,2026-09-10 10:49:45
"Дисплей для Samsung Galaxy A04e (A042F) в сборе с тачскрином Черный - OR (HD+, 300 Кд/м², 60 Гц)",900 ₽,730 ₽,/catalog/displei/displey-dlya-samsung-galaxy-a04e-a042f-v-sbore-s-tachskrinom-chernyy-or/,2026-09-10 10:49:45
Дисплей для Huawei P20 Pro (CLT-L29) модуль с рамкой Черный - (OLED),4300 ₽,3590 ₽,/catalog/displei/displey-dlya-huawei-p20-pro-clt-l29-modul-s-ramkoy-chernyy-oled/,2026-09-10 10:49:45
Дисплей для Samsung Galaxy A23 (A235F) в сборе с тачскрином Черный Mecanico - AMP,800 ₽,650 ₽,/catalog/displei/displey-dlya-samsung-galaxy-a23-a235f-v-sbore-s-tachskrinom-chernyy-mecanico-amp/,2026-09-10 10:49:45
Дисплей для iPhone 11 Pro (A2215) в сборе с тачскрином Черный - (FOG),4700 ₽,3990 ₽,/catalog/displei/displey-dlya-iphone-11-pro-a2215-v-sbore-s-tachskrinom-chernyy-fog/,2026-09-10 10:49:45
Дисплей для Xiaomi Redmi Note 8T (M1908C3XG) в сборе с тачскрином Черный - Оптима,700 ₽,580 ₽,/catalog/displei/displey-dlya-xiaomi-redmi-note-8t-m1908c3xg-v-sbore-s-tachskrinom-chernyy-optima/,2026-09-10 10:49:45
Дисплей для Xiaomi 15T (25069PTEBG) в сборе с тачскрином Черный - OR,4300 ₽,3590 ₽,/catalog/displei/displey-dlya-xiaomi-15t-25069ptebg-v-sbore-s-tachskrinom-chernyy-or/,2026-09-10 10:49:45
"Дисплей для Tecno Spark 30 4G (KL6) в сборе с тачскрином Черный - OR100 (Full HD, 400 Кд/м², 90 Гц)",1900 ₽,1550 ₽,/catalog/displei/displey-dlya-tecno-spark-30-4g-kl6-v-sbore-s-tachskrinom-chernyy-or100/,2026-09-10 10:49:45
Дисплей для Xiaomi Mi 8 (M1803E1A) в сборе с тачскрином Черный - (OLED),2000 ₽,1640 ₽,/catalog/displei/displey-dlya-xiaomi-mi-8-m1803e1a-v-sbore-s-tachskrinom-chernyy-oled/,2026-09-10 10:49:45
"Дисплей для iPhone 15 (A3090) в сборе с тачскрином Черный - JCID (Soft OLED, Full HD) (с верификацией = с привязкой без ошибки)",8800 ₽,7480 ₽,/catalog/displei/displey-dlya-iphone-15-a3090-v-sbore-s-tachskrinom-chernyy-jcid-soft-oled-full-hd-s-verifikatsiey-s-/,2026-09-10 10:49:45
Дисплей для Tecno Spark 20 Pro+ (KJ7) в сборе с тачскрином Черный - (In-Cell),1200 ₽,1020 ₽,/catalog/displei/displey-dlya-tecno-spark-20-pro-kj7-v-sbore-s-tachskrinom-chernyy-in-cell/,2026-09-10 10:49:45
"Дисплей для Samsung Galaxy Tab S10 FE 10.9"" (X520/X526B) в сборе с тачскрином Черный - OR",3100 ₽,2590 ₽,/catalog/displei/displey-dlya-samsung-galaxy-tab-s10-fe-10-9-x520-x526b-v-sbore-s-tachskrinom-chernyy-or/,2026-09-10 10:49:45
Дисплей для Xiaomi Redmi Note 14 Pro+ 5G (24115RA8EG) в сборе с тачскрином Черный - OR,3600 ₽,3070 ₽,/catalog/displei/displey-dlya-xiaomi-redmi-note-14-pro-5g-24115ra8eg-v-sbore-s-tachskrinom-chernyy-or/,2026-09-10 10:49:45
Дисплей для Xiaomi Poco X7 Pro (2412DPC0AG) модуль с рамкой Черный - OR (SP),7600 ₽,6495 ₽,/catalog/displei/displey-dlya-xiaomi-poco-x7-pro-2412dpc0ag-modul-s-ramkoy-chernyy-or-sp/,2026-09-10 10:49:45
Дисплей для Samsung Galaxy S24 FE (S721B) в сборе с тачскрином Черный - OR (SP),5300 ₽,4490 ₽,/catalog/displei/displey-dlya-samsung-galaxy-s24-fe-s721b-v-sbore-s-tachskrinom-chernyy-or-sp/,2026-09-10 10:49:45
"Дисплей для iPhone 15 Pro (A3102) в сборе с тачскрином Черный - (In-Cell, Full HD, 120 Гц) (площадка под IC)",2600 ₽,2160 ₽,/catalog/displei/displey-dlya-iphone-15-pro-a3102-v-sbore-s-tachskrinom-chernyy-in-cell-full-hd-120-gts-ploshchadka-p/,2026-09-10 10:49:45
"Дисплей для Infinix Hot 12 Play (X6816D) модуль с рамкой Черный - OR (HD+, 300 Кд/м², 90 Гц)",1300 ₽,1080 ₽,/catalog/displei/displey-dlya-infinix-hot-12-play-x6816d-modul-s-ramkoy-chernyy-or/,2026-09-10 10:49:45
Дисплей для Xiaomi Mi 9 (M1902F1G) в сборе с тачскрином Черный - (OLED),2500 ₽,2090 ₽,/catalog/displei/displey-dlya-xiaomi-mi-9-m1902f1g-v-sbore-s-tachskrinom-chernyy-oled/,2026-09-10 10:49:45
Дисплей для Samsung Galaxy A40 (A405F) модуль с рамкой Черный - Сервисный Оригинал,5100 ₽,4280 ₽,/catalog/displei/displey-dlya-samsung-galaxy-a40-a405f-modul-s-ramkoy-chernyy-servisnyy-original/,2026-09-10 10:49:45
Дисплей для Samsung Galaxy A03 Core (A032F) модуль c рамкой Черный - OR Ref. (SP),1400 ₽,1120 ₽,/catalog/displei/displey-dlya-samsung-galaxy-a03-core-a032f-modul-c-ramkoy-chernyy-or-ref-sp/,2026-09-10 10:49:45
"Дисплей для iPhone Xs Max (A1921/A2101) в сборе с тачскрином Черный - (Hard OLED, Full HD)",3200 ₽,2670 ₽,/catalog/displei/displey-dlya-iphone-xs-max-a1921-a2101-v-sbore-s-tachskrinom-chernyy-hard-oled-full-hd/,2026-09-10 10:49:45
Дисплей для Samsung Galaxy M30s/M21 (M307F/M215F) модуль с рамкой Черный - (In-Cell),1100 ₽,890 ₽,/catalog/displei/displey-dlya-samsung-galaxy-m30s-m21-m307f-m215f-modul-s-ramkoy-chernyy-in-cell/,2026-09-10 10:49:45
"Дисплей для iPhone 13 Pro (A2640) в сборе с тачскрином Черный - DD (Soft OLED, Full HD, 120 Гц) (с верификацией = с привязкой без ошибки)",5500 ₽,4680 ₽,/catalog/displei/displey-dlya-iphone-13-pro-a2640-v-sbore-s-tachskrinom-chernyy-dd-soft-oled-full-hd-120-gts-s-verifi/,2026-09-10 10:49:45
Дисплей для Xiaomi Redmi Note 13 4G (23129RAA4G/23124RA7EO/23129RA5FL) модуль с рамкой Зеленый - OR (SP),5800 ₽,4940 ₽,/catalog/displei/displey-dlya-xiaomi-redmi-note-13-4g-23129raa4g-23124ra7eo-23129ra5fl-modul-s-ramkoy-zelenyy-or-sp/,2026-09-10 10:49:45
"Дисплей для iPhone 15 Plus (A3094) в сборе с тачскрином Черный - (Soft OLED, Full HD) (площадка под IC)",5200 ₽,4390 ₽,/catalog/displei/displey-dlya-iphone-15-plus-a3094-v-sbore-s-tachskrinom-chernyy-soft-oled-full-hd-ploshchadka-pod-ic/,2026-09-10 10:49:45
Дисплей для Infinix Note 30 VIP (X6710) в сборе с тачскрином Черный - (OLED),3000 ₽,2520 ₽,/catalog/displei/displey-dlya-infinix-note-30-vip-x6710-v-sbore-s-tachskrinom-chernyy-oled/,2026-09-10 10:49:45
Дисплей для Samsung Galaxy S23 Ultra (S918B) модуль с рамкой Лавандовый - OR (SP),24400 ₽,20790 ₽,/catalog/displei/displey-dlya-samsung-galaxy-s23-ultra-s918b-modul-s-ramkoy-lavandovyy-or-sp/,2026-09-10 10:49:45
Дисплей для Xiaomi Poco M6 Pro 4G (2312FPCA6G) модуль с рамкой Черный - OR (SP),5800 ₽,4930 ₽,/catalog/displei/displey-dlya-xiaomi-poco-m6-pro-4g-2312fpca6g-modul-s-ramkoy-chernyy-or-sp/,2026-09-10 10:49:45
Дисплей для Tecno Pova 6 Neo (LI6) в сборе с тачскрином Черный - Оптима,1000 ₽,820 ₽,/catalog/displei/displey-dlya-tecno-pova-6-neo-li6-v-sbore-s-tachskrinom-chernyy-optima/,2026-09-10 10:49:45
"Дисплей для iPhone 13 Pro (A2640) в сборе с тачскрином Черный - JCID (Soft OLED, Full HD, 120 Гц) (с верификацией = с привязкой без ошибки)",6500 ₽,5490 ₽,/catalog/displei/displey-dlya-iphone-13-pro-a2640-v-sbore-s-tachskrinom-chernyy-jcid-soft-oled-full-hd-120-gts-s-veri/,2026-09-10 10:49:45
"Дисплей для Huawei Honor X8 4G (TFY-LX1) модуль с рамкой Синий - OR (HD+, 300 Кд/м², 90 Гц)",1800 ₽,1490 ₽,/catalog/displei/displey-dlya-huawei-honor-x8-4g-tfy-lx1-modul-s-ramkoy-siniy-or/,2026-09-10 10:49:45
Дисплей для Xiaomi Redmi 5 Plus (MEG7) в сборе с тачскрином Белый - Оптима,650 ₽,550 ₽,/catalog/displei/displey-dlya-xiaomi-redmi-5-plus-meg7-v-sbore-s-tachskrinom-belyy-optima/,2026-09-10 10:49:45
Дисплей для Realme C53/C51 (RMX3760/RMX3830) в сборе с тачскрином Черный - Оптима,700 ₽,590 ₽,/catalog/displei/displey-dlya-realme-c53-c51-rmx3760-rmx3830-v-sbore-s-tachskrinom-chernyy-optima/,2026-09-10 10:49:45
Дисплей для Samsung Galaxy A22 4G (A225F) модуль с рамкой Черный - (OLED),2600 ₽,2190 ₽,/catalog/displei/displey-dlya-samsung-galaxy-a22-4g-a225f-modul-s-ramkoy-chernyy-oled/,2026-09-10 10:49:45
"Дисплей для Vivo Y33s 4G (V2109) в сборе с тачскрином Черный - OR (Full HD, 300 Кд/м², 60 Гц)",950 ₽,790 ₽,/catalog/displei/displey-dlya-vivo-y33s-4g-v2109-v-sbore-s-tachskrinom-chernyy-or/,2026-09-10 10:49:45
"Дисплей для iPhone Xs Max (A1921/A2101) в сборе с тачскрином Черный - OR (Снятый, заменено ТОЛЬКО стекло)",5800 ₽,4890 ₽,/catalog/displei/displey-dlya-iphone-xs-max-a1921-a2101-v-sbore-s-tachskrinom-chernyy-or-snyatyy-zameneno-tolko-stekl/,2026-09-10 10:49:45
"Дисплей для Huawei P Smart Z/Y9 Prime 2019 (STK-LX1/STK-L21) модуль с рамкой Черный - OR (Full HD, 300 Кд/м², 60 Гц)",1800 ₽,1520 ₽,/catalog/displei/displey-dlya-huawei-p-smart-z-y9-prime-2019-modul-s-ramkoy-chernyy-or/,2026-09-10 10:49:45
Дисплей для Xiaomi Poco F5 Pro (23013PC75G) в сборе с тачскрином Черный - OR,5600 ₽,4720 ₽,/catalog/displei/displey-dlya-xiaomi-poco-f5-pro-23013pc75g-v-sbore-s-tachskrinom-chernyy-or/,2026-09-10 10:49:45
"Дисплей для iPhone Xs (A2097/A1920) в сборе с тачскрином Черный - OR (Снятый, заменено ТОЛЬКО стекло)",5600 ₽,4770 ₽,/catalog/displei/displey-dlya-iphone-xs-a2097-a1920-v-sbore-s-tachskrinom-chernyy-or-snyatyy-zameneno-tolko-steklo/,2026-09-10 10:49:45
Дисплей для Realme C67 4G (RMX3890) модуль с рамкой Черный - OR,1300 ₽,1090 ₽,/catalog/displei/displey-dlya-realme-c67-4g-rmx3890-modul-s-ramkoy-chernyy-or/,2026-09-10 10:49:45
"Дисплей для iPhone 13 Pro (A2640) в сборе с тачскрином Черный - OR (Снятый, заменено ТОЛЬКО стекло)",11900 ₽,10090 ₽,/catalog/displei/displey-dlya-iphone-13-pro-a2640-v-sbore-s-tachskrinom-chernyy-or-snyatyy-zameneno-tolko-steklo/,2026-09-10 10:49:45
Дисплей для Huawei Honor 70 (FNE-NX9) модуль с рамкой Зеленый - OR,4000 ₽,3390 ₽,/catalog/displei/displey-dlya-huawei-honor-70-fne-nx9-modul-s-ramkoy-zelenyy-or/,2026-09-10 10:49:45
Дисплей для Samsung Galaxy A40 (A405F) в сборе с тачскрином Черный - (In-Cell),1100 ₽,940 ₽,/catalog/displei/displey-dlya-samsung-galaxy-a40-a405f-v-sbore-s-tachskrinom-chernyy-in-cell/,2026-09-10 10:49:45
"Дисплей для iPhone 12/12 Pro (A2403/A2407) в сборе с тачскрином Черный - OR (Снятый, заменено стекло и тачскрин)",5000 ₽,4240 ₽,/catalog/displei/displey-dlya-iphone-12-12-pro-a2403-a2407-v-sbore-s-tachskrinom-chernyy-or-snyatyy-zameneno-steklo-i/,2026-09-10 10:49:45
Дисплей для Xiaomi 11T/11T Pro (21081111RG/2107113SG) в сборе с тачскрином Черный - (OLED),2800 ₽,2370 ₽,/catalog/displei/displey-dlya-xiaomi-11t-11t-pro-21081111rg-2107113sg-v-sbore-s-tachskrinom-chernyy-oled/,2026-09-10 10:49:45
"Дисплей для Huawei MatePad T8 8"" (KOB2-W09/KOB2-L09) в сборе с тачскрином Черный - Оптима",1300 ₽,1090 ₽,/catalog/displei/displey-dlya-huawei-matepad-t8-8-kob2-w09-kob2-l09-v-sbore-s-tachskrinom-chernyy-optima/,2026-09-10 10:49:45
Дисплей для Oukitel WP36/WP36 Pro в сборе с тачскрином Черный - Оптима,1100 ₽,880 ₽,/catalog/displei/displey-dlya-oukitel-wp36-wp36-pro-v-sbore-s-tachskrinom-chernyy-optima/,2026-09-10 10:49:45
"Дисплей для iPad Pro 11"" 2018/2020 (A1934/A1979A1980/A2013/A2228/A2068/A2230) в сборе с тачскрином Черный - OR100 (Снятый, без ремонта)",25800 ₽,21990 ₽,/catalog/displei/displey-dlya-ipad-pro-11-2018-2020-a1934-a1979a1980-a2013-a2228-a2068-a2230-v-sbore-s-tachskrinom-ch/,2026-09-10 10:49:45
"Дисплей для Samsung Galaxy J4+ 2018/J6+ 2018 (J415F/J610F) в сборе с тачскрином Черный - OR (HD+, 300 Кд/м², 60 Гц)",850 ₽,690 ₽,/catalog/displei/displey-dlya-samsung-galaxy-j4-2018-j6-2018-j415f-j610f-v-sbore-s-tachskrinom-chernyy-or/,2026-09-10 10:49:45
Дисплей для iPhone 7 Plus в сборе с тачскрином Белый - Оптима,900 ₽,750 ₽,/catalog/displei/displey-dlya-iphone-7-plus-v-sbore-s-tachskrinom-belyy-optima/,2026-09-10 10:49:45
Дисплей для Samsung Galaxy A7 2018 (A750F) в сборе с тачскрином Черный - (In-Cell),800 ₽,680 ₽,/catalog/displei/displey-dlya-samsung-galaxy-a7-2018-a750f-v-sbore-s-tachskrinom-chernyy-in-cell/,2026-09-10 10:49:45
Дисплей для Xiaomi Redmi Note 14 4G (24117RN76O/24117RN76G) модуль в рамке Черный - OR,5700 ₽,4870 ₽,/catalog/displei/displey-dlya-xiaomi-redmi-note-14-4g-24117rn76o-24117rn76g-modul-v-ramke-chernyy-or/,2026-09-10 10:49:45
"Дисплей для iPhone 15 Pro Max (A3106) в сборе с тачскрином Черный - (In-Cell, HD+) (площадка под IC)",1800 ₽,1490 ₽,/catalog/displei/displey-dlya-iphone-15-pro-max-a3106-v-sbore-s-tachskrinom-chernyy-in-cell-hd-ploshchadka-pod-ic/,2026-09-10 10:49:45
Дисплей для Xiaomi Poco X5 Pro 5G/Redmi Note 12 Pro 5G (22101320G/22101316C/22101316I/22101316G) модуль с рамкой Черный - OR (SP),6100 ₽,5130 ₽,/catalog/displei/displey-dlya-xiaomi-poco-x5-pro-5g-redmi-note-12-pro-5g-22101320g-22101316c-22101316i-22101316g-modu/,2026-09-10 10:49:45
"Дисплей для Realme 8 5G/V13 5G/Q3i/OPPO A93s (RMX3241/RMX3043) в сборе с тачскрином Черный - OR (HD+, 300 Кд/м², 90 Гц)",1000 ₽,850 ₽,/catalog/displei/displey-dlya-realme-8-5g-v13-5g-q3i-oppo-a93s-rmx3241-rmx3043-v-sbore-s-tachskrinom-chernyy-or-hd-30/,2026-09-10 10:49:45
Дисплей для Huawei Honor 7A Pro/7C/Y6 2018/Y6 Prime 2018 (AUM-L29/AUM-L41/ATU-L31) в сборе с тачскрином Черный - Оптима,650 ₽,540 ₽,/catalog/displei/displey-dlya-huawei-honor-7a-pro-7c-y6-2018-y6-prime-2018-aum-l29-a-907787ea445811e8b8e21c98ec116e4b/,2026-09-10 10:49:45
Дисплей для Xiaomi Redmi 4X (MAG138) в сборе с тачскрином Черный - Оптима,650 ₽,540 ₽,/catalog/displei/displey-dlya-xiaomi-redmi-4x-mag138-v-sbore-s-tachskrinom-chernyy-optima/,2026-09-10 10:49:45
Дисплей для Samsung Galaxy A53 5G (A536B) в сборе с тачскрином Черный - (In-Cell),950 ₽,790 ₽,/catalog/displei/displey-dlya-samsung-galaxy-a53-5g-a536b-v-sbore-s-tachskrinom-chernyy-in-cell/,2026-09-10 10:49:45
Дисплей для iPhone 15 (A3090) в сборе с тачскрином Черный - (In-Cell) Стандарт,1500 ₽,1250 ₽,/catalog/displei/displey-dlya-iphone-15-a3090-v-sbore-s-tachskrinom-chernyy-in-cell-standart/,2026-09-10 10:49:45
Дисплей для Realme GT Master Edition/GT 5G/GT Neo (RMX3363/RMX2202) в сборе с тачскрином Черный - OR,7200 ₽,6150 ₽,/catalog/displei/displey-dlya-realme-gt-master-edition-gt-5g-gt-neo-rmx3363-rmx2202-v-sbore-s-tachskrinom-chernyy-or/,2026-09-10 10:49:45
Дисплей для Samsung Galaxy S21+ (G996B) модуль с рамкой Черный - (OLED) (Full Size),5600 ₽,4770 ₽,/catalog/displei/displey-dlya-samsung-galaxy-s21-g996b-modul-s-ramkoy-chernyy-oled-full-size/,2026-09-10 10:49:45
Дисплей для Xiaomi Redmi Note 13 4G (23129RAA4G/23124RA7EO/23129RA5FL) модуль с рамкой Зеленый - (OLED),3100 ₽,2570 ₽,/catalog/displei/displey-dlya-xiaomi-redmi-note-13-4g-23129raa4g-23124ra7eo-23129ra5fl-modul-s-ramkoy-zelenyy-oled/,2026-09-10 10:49:45
Дисплей для Xiaomi 14 (23127PN0CG) в сборе с тачскрином Черный - OR,5600 ₽,4750 ₽,/catalog/displei/displey-dlya-xiaomi-14-23127pn0cg-v-sbore-s-tachskrinom-chernyy-or/,2026-09-10 10:49:45
Дисплей для Tecno Camon 15 Air (CD6) в сборе с тачскрином Черный - Оптима,850 ₽,690 ₽,/catalog/displei/displey-dlya-tecno-camon-15-air-cd6-v-sbore-s-tachskrinom-chernyy-optima/,2026-09-10 10:49:45
Дисплей для Xiaomi Mi A1/5X (MDG2) в сборе с тачскрином Черный - Оптима,800 ₽,650 ₽,/catalog/displei/displey-dlya-xiaomi-mi-a1-5x-mdg2-v-sbore-s-tachskrinom-chernyy-optima/,2026-09-10 10:49:45
Дисплей для Realme 10 Pro+ 5G/OPPO Reno 9/9 Pro (RMX3686/RMX3687/PHM110/PGX110) в сборе с тачскрином Черный - (OLED),2800 ₽,2390 ₽,/catalog/displei/displey-dlya-realme-10-pro-5g-oppo-reno-9-9-pro-rmx3686-rmx3687-phm110-pgx110-v-sbore-s-tachskrinom-/,2026-09-10 10:49:45
Дисплей для Samsung Galaxy A22 4G (A225F) в сборе с тачскрином Черный - OR (SP),2600 ₽,2180 ₽,/catalog/displei/displey-dlya-samsung-galaxy-a22-4g-a225f-v-sbore-s-tachskrinom-chernyy-or-sp/,2026-09-10 10:49:45
Дисплей для Samsung Galaxy S8 (G950F) модуль с рамкой Черный - (In-Cell),2100 ₽,1720 ₽,/catalog/displei/displey-dlya-samsung-galaxy-s8-g950f-modul-s-ramkoy-chernyy-in-cell/,2026-09-10 10:49:45
Дисплей для iPhone 5 в сборе с тачскрином Черный - Оптима,700 ₽,590 ₽,/catalog/displei/displey-dlya-iphone-5-v-sbore-s-tachskrinom-chernyy-optima/,2026-09-10 10:49:45
Дисплей для Samsung Galaxy A13 (A135F/A137F) в сборе с тачскрином Черный - Оптима,800 ₽,660 ₽,/catalog/displei/displey-dlya-samsung-galaxy-a13-a135f-a137f-v-sbore-s-tachskrinom-chernyy-optima/,2026-09-10 10:49:45
Дисплей для Samsung Galaxy S22 (S901B) модуль с рамкой Черный - OR (SP),14800 ₽,12590 ₽,/catalog/displei/displey-dlya-samsung-galaxy-s22-s901b-modul-s-ramkoy-chernyy-or-sp/,2026-09-10 10:49:45
Дисплей для Xiaomi Redmi Note 11 (2201117TY/2201117SY) модуль с рамкой Черный - (In-Cell) - Премиум,1800 ₽,1490 ₽,/catalog/displei/displey-dlya-xiaomi-redmi-note-11-2201117ty-2201117sy-modul-s-ramkoy-chernyy-in-cell-premium/,2026-09-10 10:49:45
Дисплей для Huawei Honor Play (COR-L29) в сборе с тачскрином Черный - Оптима,900 ₽,750 ₽,/catalog/displei/displey-dlya-huawei-honor-play-cor-l29-v-sbore-s-tachskrinom-chernyy-optima/,2026-09-10 10:49:45
Дисплей для Samsung Galaxy A04s (A047F) модуль c рамкой Черный - OR Ref. (SP),1300 ₽,1050 ₽,/catalog/displei/displey-dlya-samsung-galaxy-a04s-a047f-modul-c-ramkoy-chernyy-or-ref-sp/,2026-09-10 10:49:45
Дисплей для Samsung Galaxy S23 (S911B) модуль с рамкой Черный - (In-Cell),2600 ₽,2170 ₽,/catalog/displei/displey-dlya-samsung-galaxy-s23-s911b-modul-s-ramkoy-chernyy-in-cell/,2026-09-10 10:49:45
Дисплей для Huawei Nova 13 Pro/14 Pro (MIS-LX9/MIA-AL00) в сборе с тачскрином Черный - OR,12400 ₽,10590 ₽,/catalog/displei/displey-dlya-huawei-nova-13-pro-14-pro-mis-lx9-mia-al00-v-sbore-s-tachskrinom-chernyy-or/,2026-09-10 10:49:45
"Дисплей для Apple Watch 5/SE 40 мм в сборе с тачскрином Черный - OR100 (Снятый, без ремонта)",6100 ₽,5180 ₽,/catalog/displei/displey-dlya-apple-watch-5-se-40-mm-v-sbore-s-tachskrinom-chernyy-or100-snyatyy-bez-remonta/,2026-09-10 10:49:45
"Дисплей для OPPO A15/A15s (CPH2185/CPH2179) в сборе с тачскрином Черный - OR (HD+, 300 Кд/м², 60 Гц)",800 ₽,670 ₽,/catalog/displei/displey-dlya-oppo-a15-a15s-cph2185-cph2179-v-sbore-s-tachskrinom-chernyy-or/,2026-09-10 10:49:45
Дисплей для Samsung Galaxy A73 5G (A736B) модуль с рамкой Черный - OLED (Full Size),3300 ₽,2740 ₽,/catalog/displei/displey-dlya-samsung-galaxy-a73-5g-a736b-modul-s-ramkoy-chernyy-oled-full-size/,2026-09-10 10:49:45
Дисплей для Xiaomi Redmi A2+ (23028RNCAG) в сборе с тачскрином Черный - Оптима,650 ₽,520 ₽,/catalog/displei/displey-dlya-xiaomi-redmi-a2-23028rncag-v-sbore-s-tachskrinom-chernyy-optima/,2026-09-10 10:49:45
Дисплей для Samsung Galaxy A12 (A125F) в сборе с тачскрином Черный - Оптима,750 ₽,640 ₽,/catalog/displei/displey-dlya-samsung-galaxy-a12-a125f-v-sbore-s-tachskrinom-chernyy-optima/,2026-09-10 10:49:45
Дисплей для Infinix Hot 30 4G (X6831) в сборе с тачскрином Черный - Оптима,850 ₽,690 ₽,/catalog/displei/displey-dlya-infinix-hot-30-4g-x6831-v-sbore-s-tachskrinom-chernyy-optima/,2026-09-10 10:49:45
"Дисплей для Huawei MatePad 10.4"" (BAH3-AL00/BAH3-W09/BAH3-W59/BAH3-L09) в сборе с тачскрином Черный - Оптима",2500 ₽,2120 ₽,/catalog/displei/displey-dlya-huawei-matepad-10-4-bah3-al00-bah3-w09-bah3-w59-bah3-l09-v-sbore-s-tachskrinom-chernyy-/,2026-09-10 10:49:45
"Дисплей для iPhone 16 Pro Max (A3296) в сборе с тачскрином Черный - (Hard OLED, Full HD) (площадка под IC)",6000 ₽,5050 ₽,/catalog/displei/displey-dlya-iphone-16-pro-max-a3296-v-sbore-s-tachskrinom-chernyy-hard-oled-full-hd-ploshchadka-pod/,2026-09-10 10:49:45
Дисплей для iPhone 17 Pro (A3523) в сборе с тачскрином Черный - OR (SP) (с верификацией “Новая запчасть”),36800 ₽,31390 ₽,/catalog/displei/displey-dlya-iphone-17-pro-a3523-v-sbore-s-tachskrinom-chernyy-or-sp-s-verifikatsiey-novaya-zapchast/,2026-09-10 10:49:45
Дисплей для Samsung Galaxy A55 5G (A556E) модуль с рамкой Черный - (In-Cell),1800 ₽,1530 ₽,/catalog/displei/displey-dlya-samsung-galaxy-a55-5g-a556e-modul-s-ramkoy-chernyy-in-cell/,2026-09-10 10:49:45
"Дисплей для Xiaomi Redmi 8/8A (M1908C3IC) модуль с рамкой Черный - OR (HD+, 300 Кд/м², 60 Гц)",1200 ₽,990 ₽,/catalog/displei/displey-dlya-xiaomi-redmi-8-8a-m1908c3ic-modul-s-ramkoy-chernyy-or-hd-300-kd-m-60-gts/,2026-09-10 10:49:45
"Дисплей для iPhone 14 (A2883) в сборе с тачскрином Черный - (Hard OLED, Full HD) (площадка под IC)",3400 ₽,2870 ₽,/catalog/displei/displey-dlya-iphone-14-a2883-v-sbore-s-tachskrinom-chernyy-hard-oled-full-hd-ploshchadka-pod-ic/,2026-09-10 10:49:45
Дисплей для OPPO Reno 5 4G (CPH2159) в сборе с тачскрином Черный - (OLED),3400 ₽,2870 ₽,/catalog/displei/displey-dlya-oppo-reno-5-4g-cph2159-v-sbore-s-tachskrinom-chernyy-oled/,2026-09-10 10:49:45
Дисплей для Samsung Galaxy A03s (A037F) модуль c рамкой Черный - OR Ref. (SP) (GH81-21233A) (163 мм),1300 ₽,1090 ₽,/catalog/displei/displey-dlya-samsung-galaxy-a03s-a037f-modul-c-ramkoy-chernyy-or-ref-sp-gh81-21233a-163-mm/,2026-09-10 10:49:45
Дисплей для Xiaomi Redmi 6 Pro/Mi A2 Lite (M1805D1SI) в сборе с тачскрином Черный - Оптима,850 ₽,690 ₽,/catalog/displei/displey-dlya-xiaomi-redmi-6-pro-mi-a2-lite-m1805d1si-v-sbore-s-tachskrinom-chernyy-optima/,2026-09-10 10:49:45
Дисплей для Huawei Nova 8 (ANG-LX1) в сборе с тачскрином Черный - (OLED),3300 ₽,2740 ₽,/catalog/displei/displey-dlya-huawei-nova-8-ang-lx1-v-sbore-s-tachskrinom-chernyy-oled/,2026-09-10 10:49:45
Дисплей для Vivo IQOO Z10 в сборе с тачскрином Черный - OR,3400 ₽,2840 ₽,/catalog/displei/displey-dlya-vivo-iqoo-z10-v-sbore-s-tachskrinom-chernyy-or/,2026-09-10 10:49:45
Дисплей для OnePlus 12 (PJD110) в сборе с тачскрином Черный - OR,4700 ₽,3990 ₽,/catalog/displei/displey-dlya-oneplus-12-pjd110-v-sbore-s-tachskrinom-chernyy-or/,2026-09-10 10:49:45
Дисплей для Huawei Honor 9 Lite (LLD-L31) в сборе с тачскрином Черный - Оптима,800 ₽,650 ₽,/catalog/displei/displey-dlya-huawei-honor-9-lite-lld-l31-v-sbore-s-tachskrinom-chernyy-optima/,2026-09-10 10:49:45
Дисплей для Xiaomi Poco F3/Mi 11i/K40/K40 Pro (M2012K11AG) в сборе с тачскрином Черный - (In-Cell),950 ₽,790 ₽,/catalog/displei/displey-dlya-xiaomi-poco-f3-mi-11i-k40-k40-pro-m2012k11ag-v-sbore-s-tachskrinom-chernyy-in-cell/,2026-09-10 10:49:45
Дисплей для Google Pixel 9 Pro (GR83Y) в сборе с тачскрином Черный - OR,5800 ₽,4930 ₽,/catalog/displei/displey-dlya-google-pixel-9-pro-gr83y-v-sbore-s-tachskrinom-chernyy-or/,2026-09-10 10:49:45
Дисплей для Huawei P40 Pro (ELS-NX9) модуль с рамкой Черный - OR,10400 ₽,8850 ₽,/catalog/displei/displey-dlya-huawei-p40-pro-els-nx9-modul-s-ramkoy-chernyy-or/,2026-09-10 10:49:45
Дисплей для Samsung Galaxy A55 5G (A556E) модуль с рамкой Черный - (OLED) (Full Size),3500 ₽,2990 ₽,/catalog/displei/displey-dlya-samsung-galaxy-a55-5g-a556e-modul-s-ramkoy-chernyy-oled-full-size/,2026-09-10 10:49:45
"Дисплей для Huawei MatePad T 10 9.7"" 2021 (AGRK-L09/AGR-W09) в сборе с тачскрином Черный - Оптима",2700 ₽,2290 ₽,/catalog/displei/displey-dlya-huawei-matepad-t-10-9-7-2021-agrk-l09-agr-w09-v-sbore-s-tachskrinom-chernyy-optima/,2026-09-10 10:49:45
Дисплей для iPhone 13 Pro Max (A2645) в сборе с тачскрином Черный - GX (Hard OLED) (площадка под IC),4000 ₽,3350 ₽,/catalog/displei/displey-dlya-iphone-13-pro-max-a2645-v-sbore-s-tachskrinom-chernyy-gx-hard-oled-ploshchadka-pod-ic/,2026-09-10 10:49:45
Дисплей для Xiaomi Redmi Note 13 4G (23129RAA4G/23124RA7EO/23129RA5FL) модуль с рамкой Синий - (OLED),2800 ₽,2380 ₽,/catalog/displei/displey-dlya-xiaomi-redmi-note-13-4g-23129raa4g-23124ra7eo-23129ra5fl-modul-s-ramkoy-siniy-oled/,2026-09-10 10:49:45
Дисплей для Xiaomi 12 Lite (2203129G) в сборе с тачскрином Черный - OR,3200 ₽,2690 ₽,/catalog/displei/displey-dlya-xiaomi-12-lite-2203129g-v-sbore-s-tachskrinom-chernyy-or/,2026-09-10 10:49:45
Дисплей для Xiaomi Redmi Note 10 Pro 4G (M2101K6G) модуль с рамкой Черный - OR,6500 ₽,5490 ₽,/catalog/displei/displey-dlya-xiaomi-redmi-note-10-pro-4g-m2101k6g-modul-s-ramkoy-chernyy-or/,2026-09-10 10:49:45
Дисплей для Samsung Galaxy A22 4G (A225F) в сборе с тачскрином Черный - (In-Cell),850 ₽,690 ₽,/catalog/displei/displey-dlya-samsung-galaxy-a22-4g-a225f-v-sbore-s-tachskrinom-chernyy-in-cell/,2026-09-10 10:49:45
"Дисплей для Vivo Y16 (V2204) в сборе с тачскрином Черный - OR (HD+, 300 Кд/м², 60 Гц)",950 ₽,790 ₽,/catalog/displei/displey-dlya-vivo-y16-v2204-v-sbore-s-tachskrinom-chernyy-or/,2026-09-10 10:49:45
Дисплей для Xiaomi Mi Note 10/10 Pro/10 Lite (M1910F4G/M1910F4S/M2002F4LG) в сборе с тачскрином Черный - (OLED),4100 ₽,3490 ₽,/catalog/displei/displey-dlya-xiaomi-mi-note-10-10-pro-10-lite-m1910f4g-m1910f4s-m2002f4lg-v-sbore-s-tachskrinom-cher/,2026-09-10 10:49:45
Дисплей для Xiaomi Redmi 13C 4G (23100RN82L) в сборе с тачскрином Черный - Оптима,800 ₽,670 ₽,/catalog/displei/displey-dlya-xiaomi-redmi-13c-4g-23100rn82l-v-sbore-s-tachskrinom-chernyy-optima/,2026-09-10 10:49:45
Дисплей для Samsung Galaxy A02 (A022G) в сборе с тачскрином Черный - Оптима,750 ₽,630 ₽,/catalog/displei/displey-dlya-samsung-galaxy-a02-a022g-v-sbore-s-tachskrinom-chernyy-optima/,2026-09-10 10:49:45
Дисплей для Huawei Honor 9 Lite (LLD-L31) в сборе с тачскрином Синий - Оптима,700 ₽,570 ₽,/catalog/displei/displey-dlya-huawei-honor-9-lite-lld-l31-v-sbore-s-tachskrinom-siniy-optima/,2026-09-10 10:49:45
Дисплей для Xiaomi Poco X5 5G/Redmi Note 12 5G (22111317PG/22111317I) модуль с рамкой Черный - OR (SP),6400 ₽,5420 ₽,/catalog/displei/displey-dlya-xiaomi-poco-x5-5g-redmi-note-12-5g-22111317pg-22111317i-modul-s-ramkoy-chernyy-or-sp/,2026-09-10 10:49:45
Дисплей для Realme C30/Narzo 50i Prime (RMX3581/RMX3623/RMX3506) в сборе с тачскрином Черный Mecanico - AMP,700 ₽,590 ₽,/catalog/displei/displey-dlya-realme-c30-narzo-50i-prime-rmx3581-rmx3623-rmx3506-v-sbore-s-tachskrinom-chernyy-mecani/,2026-09-10 10:49:45
Дисплей для Xiaomi Redmi Note 12 Pro 4G (2209116AG) модуль с рамкой Черный - (In-Cell) - Премиум,1800 ₽,1530 ₽,/catalog/displei/displey-dlya-xiaomi-redmi-note-12-pro-4g-2209116ag-modul-s-ramkoy-chernyy-in-cell-premium/,2026-09-10 10:49:45
Дисплей для Realme C55 (RMX3710) в сборе с тачскрином Черный Mecanico - AMP,800 ₽,650 ₽,/catalog/displei/displey-dlya-realme-c55-rmx3710-v-sbore-s-tachskrinom-chernyy-mecanico-amp/,2026-09-10 10:49:45
Дисплей для Xiaomi Poco F6 Pro (23113RKC6G) в сборе с тачскрином Черный - OR,7000 ₽,5960 ₽,/catalog/displei/displey-dlya-xiaomi-poco-f6-pro-23113rkc6g-v-sbore-s-tachskrinom-chernyy-or/,2026-09-10 10:49:45
Дисплей для Tecno Spark 30 4G (KL6) в сборе с тачскрином Черный - Оптима,950 ₽,790 ₽,/catalog/displei/displey-dlya-tecno-spark-30-4g-kl6-v-sbore-s-tachskrinom-chernyy-optima/,2026-09-10 10:49:45
Дисплей для OPPO Reno 12 F 4G/Realme 12 4G (CPH2687/RMX3871) в сборе с тачскрином Черный - (In-Cell),950 ₽,790 ₽,/catalog/displei/displey-dlya-oppo-reno-12-f-4g-realme-12-4g-cph2687-rmx3871-v-sbore-s-tachskrinom-chernyy-in-cell/,2026-09-10 10:49:45
"Дисплей для iPhone 16 Pro Max (A3296) в сборе с тачскрином Черный - OR100 (rev. Samsung) (Снятый, без ремонта)",35800 ₽,30590 ₽,/catalog/displei/displey-dlya-iphone-16-pro-max-a3296-v-sbore-s-tachskrinom-chernyy-or100-rev-samsung-snyatyy-bez-rem/,2026-09-10 10:49:45
"Дисплей для Huawei MediaPad M5 Lite 10"" (BAH2-L09) в сборе с тачскрином Черный - Оптима",2900 ₽,2420 ₽,/catalog/displei/displey-dlya-huawei-mediapad-m5-lite-10-bah2-l09-v-sbore-s-tachskrinom-chernyy-optima/,2026-09-10 10:49:45
Дисплей для Huawei Nova 10 SE (BNE-LX1) модуль с рамкой Черный - OR,4900 ₽,4180 ₽,/catalog/displei/displey-dlya-huawei-nova-10-se-bne-lx1-modul-s-ramkoy-chernyy-or/,2026-09-10 10:49:45
Дисплей для Samsung Galaxy S9+ (G965F) модуль с рамкой Черный - (In-Cell),2100 ₽,1790 ₽,/catalog/displei/displey-dlya-samsung-galaxy-s9-g965f-modul-s-ramkoy-chernyy-in-cell/,2026-09-10 10:49:45
Дисплей для Samsung Galaxy A20 (A205F) модуль с рамкой Черный - (OLED),2600 ₽,2180 ₽,/catalog/displei/displey-dlya-samsung-galaxy-a20-a205f-modul-s-ramkoy-chernyy-oled/,2026-09-10 10:49:45
"Дисплей для Tecno MegaPad 11 10.95"" (T1101) в сборе с тачскрином Черный - OR",2900 ₽,2430 ₽,/catalog/displei/displey-dlya-tecno-megapad-11-10-95-t1101-v-sbore-s-tachskrinom-chernyy-or/,2026-09-10 10:49:45
Дисплей для Samsung Galaxy A36 5G (A366B) модуль с рамкой Фиолетовый - OR (SP),7300 ₽,6170 ₽,/catalog/displei/displey-dlya-samsung-galaxy-a36-5g-a366b-modul-s-ramkoy-fioletovyy-or-sp/,2026-09-10 10:49:45
Дисплей для Tecno Camon 20 Pro 4G/5G/20/20 Premier 5G (CK7n/CK8n/CK6n/CK9n) в сборе с тачскрином Черный - (In-Cell),1000 ₽,830 ₽,/catalog/displei/displey-dlya-tecno-camon-20-pro-4g-5g-20-20-premier-5g-ck7n-ck8n-ck6n-ck9n-v-sbore-s-tachskrinom-che/,2026-09-10 10:49:45
"Дисплей для Samsung Galaxy Tab S6 Lite 10.4"" 2024 (P620/P625) в сборе с тачскрином Черный - OR",3900 ₽,3320 ₽,/catalog/displei/displey-dlya-samsung-galaxy-tab-s6-lite-10-4-2024-p620-p625-v-sbore-s-tachskrinom-chernyy-or/,2026-09-10 10:49:45
Дисплей для Itel S23 (S665L) в сборе с тачскрином Черный - OR,950 ₽,790 ₽,/catalog/displei/displey-dlya-itel-s23-s665l-v-sbore-s-tachskrinom-chernyy-or/,2026-09-10 10:49:45
Дисплей для Tecno Pova Neo 3 (LH6n) в сборе с тачскрином Черный - Оптима,900 ₽,750 ₽,/catalog/displei/displey-dlya-tecno-pova-neo-3-lh6n-v-sbore-s-tachskrinom-chernyy-optima/,2026-09-10 10:49:45
Дисплей для Samsung Galaxy M51 (M515F) модуль с рамкой Черный - (OLED) (Full Size),3200 ₽,2680 ₽,/catalog/displei/displey-dlya-samsung-galaxy-m51-m515f-modul-s-ramkoy-chernyy-oled-full-size/,2026-09-10 10:49:45
Дисплей для OPPO Reno 5 Lite (CPH2205) в сборе с тачскрином Черный - (In-Cell),950 ₽,790 ₽,/catalog/displei/displey-dlya-oppo-reno-5-lite-cph2205-v-sbore-s-tachskrinom-chernyy-in-cell/,2026-09-10 10:49:45
"Дисплей для Huawei MediaPad M5 Lite 8"" (JDN-L09) в сборе с тачскрином Черный - Оптима",1700 ₽,1390 ₽,/catalog/displei/displey-dlya-huawei-mediapad-m5-lite-8-jdn-l09-v-sbore-s-tachskrinom-chernyy-optima/,2026-09-10 10:49:45
Дисплей для iPhone 6S Plus в сборе с тачскрином Белый - Оптима,900 ₽,740 ₽,/catalog/displei/displey-dlya-iphone-6s-plus-v-sbore-s-tachskrinom-belyy-optima/,2026-09-10 10:49:45
Дисплей для OPPO A78 4G (CPH2565) в сборе с тачскрином Черный - (In-Cell),1000 ₽,830 ₽,/catalog/displei/displey-dlya-oppo-a78-4g-cph2565-v-sbore-s-tachskrinom-chernyy-in-cell/,2026-09-10 10:49:45
Дисплей для Xiaomi Redmi Note 13 Pro 4G/Poco M6 Pro 4G (23117RA68G/2312FPCA6G) в сборе с тачскрином Черный - (In-Cell),1000 ₽,850 ₽,/catalog/displei/displey-dlya-xiaomi-redmi-note-13-pro-4g-poco-m6-pro-4g-23117ra68g-b9e3d3c66dff11f0b32900155d59fe46/,2026-09-10 10:49:45
Дисплей для Xiaomi Redmi Note 11S 4G/Poco M4 Pro 4G (2201117SY/2201117PG) модуль с рамкой Черный - (In-Cell) - Премиум,2000 ₽,1650 ₽,/catalog/displei/displey-dlya-xiaomi-redmi-note-11s-4g-poco-m4-pro-4g-2201117sy-2201117pg-modul-s-ramkoy-chernyy-in-c/,2026-09-10 10:49:45
Дисплей для Samsung Galaxy A70 (A705F) в сборе с тачскрином Черный - (OLED),2400 ₽,1990 ₽,/catalog/displei/displey-dlya-samsung-galaxy-a70-a705f-v-sbore-s-tachskrinom-chernyy-oled/,2026-09-10 10:49:45
Дисплей для Samsung Galaxy A53 5G (A536B) модуль с рамкой Черный - (In-Cell),1400 ₽,1190 ₽,/catalog/displei/displey-dlya-samsung-galaxy-a53-5g-a536b-modul-s-ramkoy-chernyy-in-cell/,2026-09-10 10:49:45
Дисплей для Huawei Honor 8A/8A Pro/Y6 2019/Y6s (JAT-LX1/MRD-LX1F/JAT-L41) в сборе с тачскрином Черный - Оптима,800 ₽,670 ₽,/catalog/displei/displey-dlya-huawei-honor-8a-8a-pro-y6-2019-y6s-jat-lx1-mrd-lx1f-ja-73c923c6545711e9b3b31c98ec116e4b/,2026-09-10 10:49:45
Дисплей для iPhone 16 Plus (A3290) в сборе с тачскрином Черный - (Soft OLED) (площадка под IC),5300 ₽,4470 ₽,/catalog/displei/displey-dlya-iphone-16-plus-a3290-v-sbore-s-tachskrinom-chernyy-soft-oled-ploshchadka-pod-ic/,2026-09-10 10:49:45
"Дисплей для Huawei Honor X9/X9 5G/X30/Magic 4 Lite 4G/5G (ANY-LX1) в сборе с тачскрином Черный - OR (Full HD, 300 Кд/м², 90 Гц)",1200 ₽,990 ₽,/catalog/displei/displey-dlya-huawei-honor-x9-x9-5g-x30-magic-4-lite-4g-5g-any-lx1-v-sbore-s-tachskrinom-chernyy-or/,2026-09-10 10:49:45
"Дисплей для Realme Narzo 30 5G (RMX3242) в сборе с тачскрином Черный - OR (Full HD, 300 Кд/м², 90 Гц)",1100 ₽,890 ₽,/catalog/displei/displey-dlya-realme-narzo-30-5g-rmx3242-v-sbore-s-tachskrinom-chernyy-or-full-hd-300-kd-m-90-gts/,2026-09-10 10:49:45
Дисплей для Samsung Galaxy S22 Ultra (S908B/S908E/S9080) модуль с рамкой Черный - (In-Cell),3500 ₽,2990 ₽,/catalog/displei/displey-dlya-samsung-galaxy-s22-ultra-s908b-s9080-modul-s-ramkoy-chernyy-in-cell/,2026-09-10 10:49:45
Дисплей для Samsung Galaxy A34 5G (A346B) модуль с рамкой Фиолетовый - (OLED) (Full Size),3700 ₽,3120 ₽,/catalog/displei/displey-dlya-samsung-galaxy-a34-5g-a346b-modul-s-ramkoy-fioletovyy-oled-full-size/,2026-09-10 10:49:45
"Дисплей для Realme C31 (RMX3501) модуль с рамкой Черный - OR (HD+, 300 Кд/м², 60 Гц)",1300 ₽,1090 ₽,/catalog/displei/displey-dlya-realme-c31-rmx3501-modul-s-ramkoy-chernyy-or/,2026-09-10 10:49:45
Дисплей для Xiaomi 12 Pro (2201122G) в сборе с тачскрином Черный - OR,9300 ₽,7890 ₽,/catalog/displei/displey-dlya-xiaomi-12-pro-2201122g-v-sbore-s-tachskrinom-chernyy-or/,2026-09-10 10:49:45
Дисплей для OPPO Reno 2Z/Realme X (CPH1951/RMX1901) в сборе с тачскрином Черный - (OLED),3400 ₽,2850 ₽,/catalog/displei/displey-dlya-oppo-reno-2z-realme-x-cph1951-rmx1901-v-sbore-s-tachskrinom-chernyy-oled/,2026-09-10 10:49:45
Дисплей для Xiaomi 12/12X (2201123G/2112123AG) модуль с рамкой Черный - OR,5100 ₽,4280 ₽,/catalog/displei/displey-dlya-xiaomi-12-12x-2201123g-2112123ag-modul-s-ramkoy-chernyy-or/,2026-09-10 10:49:45
Дисплей для Samsung Galaxy S22 Ultra (S908B/S908E/S9080) модуль с рамкой Бордовый - (OLED),7200 ₽,6080 ₽,/catalog/displei/displey-dlya-samsung-galaxy-s22-ultra-s908b-s9080-modul-s-ramkoy-bordovyy-oled/,2026-09-10 10:49:45
Дисплей для Samsung Galaxy M32 (M325F) модуль с рамкой Черный - (In-Cell) - Премиум,1700 ₽,1420 ₽,/catalog/displei/displey-dlya-samsung-galaxy-m32-m325f-modul-s-ramkoy-chernyy-in-cell-premium/,2026-09-10 10:49:45
Дисплей для Samsung Galaxy A33 5G (A336B) модуль с рамкой Черный - (In-Cell),1500 ₽,1230 ₽,/catalog/displei/displey-dlya-samsung-galaxy-a33-5g-a336b-modul-s-ramkoy-chernyy-in-cell/,2026-09-10 10:49:45
Дисплей для Samsung Galaxy A8 2018 (A530F) в сборе с тачскрином Черный - (In-Cell),950 ₽,790 ₽,/catalog/displei/displey-dlya-samsung-galaxy-a8-2018-a530f-v-sbore-s-tachskrinom-chernyy-in-cell/,2026-09-10 10:49:45
"Дисплей для iPad 10 10.9"" 2022 (A2696/A2757/A2777) - OR",12100 ₽,10290 ₽,/catalog/displei/displey-dlya-ipad-10-10-9-2022-a2696-a2757-a2777-or/,2026-09-10 10:49:45
"Дисплей для iPhone 14 Pro (A2891) в сборе с тачскрином Черный - OR100 (Снятый, без ремонта)",16800 ₽,14290 ₽,/catalog/displei/displey-dlya-iphone-14-pro-a2891-v-sbore-s-tachskrinom-chernyy-or100-snyatyy-bez-remonta/,2026-09-10 10:49:45
Дисплей для Tecno Camon 19 Neo (CH6i) в сборе с тачскрином Черный - Оптима,900 ₽,750 ₽,/catalog/displei/displey-dlya-tecno-camon-19-neo-ch6i-v-sbore-s-tachskrinom-chernyy-optima/,2026-09-10 10:49:45
Дисплей для Xiaomi Poco M5 (22071219CG) в сборе с тачскрином Черный - Оптима,850 ₽,690 ₽,/catalog/displei/displey-dlya-xiaomi-poco-m5-22071219cg-v-sbore-s-tachskrinom-chernyy-optima/,2026-09-10 10:49:45
Дисплей для Infinix Note 30 4G (X6833B/X6716B) в сборе с тачскрином Черный - Оптима,850 ₽,690 ₽,/catalog/displei/displey-dlya-infinix-note-30-4g-x6833b-x6716b-v-sbore-s-tachskrinom-chernyy-optima/,2026-09-10 10:49:45
Дисплей для Samsung Galaxy A21s (A217F) модуль c рамкой Черный - Оптима,1100 ₽,890 ₽,/catalog/displei/displey-dlya-samsung-galaxy-a21s-a217f-modul-c-ramkoy-chernyy-optima/,2026-09-10 10:49:45
Дисплей для Samsung Galaxy Note 9 (N960F) модуль с рамкой Черный - (In-Cell),2500 ₽,2070 ₽,/catalog/displei/displey-dlya-samsung-galaxy-note-9-n960f-modul-s-ramkoy-chernyy-in-cell/,2026-09-10 10:49:45
Дисплей для Huawei Mate 70 Pro (PLR-L29) в сборе с тачскрином Черный - OR,10300 ₽,8790 ₽,/catalog/displei/displey-dlya-huawei-mate-70-pro-plr-l29-v-sbore-s-tachskrinom-chernyy-or/,2026-09-10 10:49:45
"Дисплей для iPhone 17 (A3520) в сборе с тачскрином Черный - (Soft OLED, Full HD, 120 Гц) (с верификацией = с привязкой без ошибки)",10200 ₽,8690 ₽,/catalog/displei/displey-dlya-iphone-17-a3520-v-sbore-s-tachskrinom-chernyy-soft-oled-full-hd-120-gts-s-verifikatsiey/,2026-09-10 10:49:45
Дисплей для Samsung Galaxy A70 (A705F) модуль с рамкой Черный - (In-Cell),1200 ₽,950 ₽,/catalog/displei/displey-dlya-samsung-galaxy-a70-a705f-modul-s-ramkoy-chernyy-in-cell/,2026-09-10 10:49:45
Дисплей для Realme 11 Pro 5G/11 Pro+ 5G (RMX3771/RMX3741/RMX3740) в сборе с тачскрином Черный - (In-Cell),1100 ₽,920 ₽,/catalog/displei/displey-dlya-realme-11-pro-5g-11-pro-5g-rmx3771-rmx3741-rmx3740-v-sbore-s-tachskrinom-chernyy-in-cel/,2026-09-10 10:49:45
Дисплей для Realme GT3 (RMX3709) в сборе с тачскрином Черный - OR,5000 ₽,4190 ₽,/catalog/displei/displey-dlya-realme-gt3-rmx3709-v-sbore-s-tachskrinom-chernyy-or/,2026-09-10 10:49:45
Дисплей для OnePlus Nord 2 5G (DN2103) в сборе с тачскрином Черный - (OLED),3700 ₽,3160 ₽,/catalog/displei/displey-dlya-oneplus-nord-2-5g-dn2103-v-sbore-s-tachskrinom-chernyy-oled/,2026-09-10 10:49:45
Дисплей для Huawei Honor X9b (ALI-NX1) модуль с рамкой Зеленый - OR,4400 ₽,3690 ₽,/catalog/displei/displey-dlya-huawei-honor-x9b-ali-nx1-modul-s-ramkoy-zelenyy-or/,2026-09-10 10:49:45
Дисплей для iPhone 17 Pro (A3523) в сборе с тачскрином Черный - (In-Cell) Стандарт,2900 ₽,2460 ₽,/catalog/displei/displey-dlya-iphone-17-pro-a3523-v-sbore-s-tachskrinom-chernyy-in-cell-standart/,2026-09-10 10:49:45
"Дисплей для ZTE Nubia Neo 3 5G в сборе с тачскрином Черный - OR (Full HD, 300 Кд/м², 120 Гц)",1300 ₽,1090 ₽,/catalog/displei/displey-dlya-zte-nubia-neo-3-5g-v-sbore-s-tachskrinom-chernyy-or/,2026-09-10 10:49:45
Дисплей для OnePlus 7 (GM1900) в сборе с тачскрином Черный - (OLED),2600 ₽,2190 ₽,/catalog/displei/displey-dlya-oneplus-7-gm1900-v-sbore-s-tachskrinom-chernyy-oled/,2026-09-10 10:49:45
"Дисплей для OPPO A3x 4G (CPH2641) в сборе с тачскрином Черный - OR (HD+, 300 Кд/м², 90 Гц)",950 ₽,790 ₽,/catalog/displei/displey-dlya-oppo-a3x-4g-cph2641-v-sbore-s-tachskrinom-chernyy-or/,2026-09-10 10:49:45
Дисплей для Vivo V27 5G (V2246) в сборе с тачскрином Черный - OR,3100 ₽,2590 ₽,/catalog/displei/displey-dlya-vivo-v27-5g-v2246-v-sbore-s-tachskrinom-chernyy-or/,2026-09-10 10:49:45
"Дисплей для Apple Watch 4 44 мм в сборе с тачскрином Черный - OR100 (Снятый, без ремонта)",5400 ₽,4590 ₽,/catalog/displei/displey-dlya-apple-watch-4-44-mm-v-sbore-s-tachskrinom-chernyy-or100-snyatyy-bez-remonta/,2026-09-10 10:49:45
Дисплей для Wiko 10 в сборе с тачскрином Черный - Оптима,950 ₽,780 ₽,/catalog/displei/displey-dlya-wiko-10-v-sbore-s-tachskrinom-chernyy-optima/,2026-09-10 10:49:45
Дисплей для iPhone 5C в сборе с тачскрином Черный - Оптима,700 ₽,590 ₽,/catalog/displei/displey-dlya-iphone-5c-v-sbore-s-tachskrinom-chernyy-optima/,2026-09-10 10:49:45
Дисплей для Xiaomi Redmi Note 15 Pro 4G (25100RA69G) модуль с рамкой Черный - OR (SP),8300 ₽,7090 ₽,/catalog/displei/displey-dlya-xiaomi-redmi-note-15-pro-4g-25100ra69g-modul-s-ramkoy-chernyy-or-sp/,2026-09-10 10:49:45
"Дисплей для iPhone 14 Pro Max (A2895) в сборе с тачскрином Черный - (Soft OLED, Full HD, 120 Гц) (с верификацией = с привязкой без ошибки)",7200 ₽,6070 ₽,/catalog/displei/displey-dlya-iphone-14-pro-max-a2895-v-sbore-s-tachskrinom-chernyy-soft-oled-full-hd-120-gts-s-verif/,2026-09-10 10:49:45
Дисплей для Samsung Galaxy S21 Ultra (G998B) модуль с рамкой Черный - OR (SP),24300 ₽,20690 ₽,/catalog/displei/displey-dlya-samsung-galaxy-s21-ultra-g998b-modul-s-ramkoy-chernyy-or-sp/,2026-09-10 10:49:45
Дисплей для Samsung Galaxy A50/A30 (A505F/A305F) в сборе с тачскрином Черный - (In-Cell),900 ₽,730 ₽,/catalog/displei/displey-dlya-samsung-galaxy-a50-a30-a505f-a305f-v-sbore-s-tachskrinom-chernyy-in-cell/,2026-09-10 10:49:45
Дисплей для Xiaomi Poco X5 5G/Redmi Note 12 5G (22111317PG/22111317I) модуль с рамкой Черный - (In-Cell) - Премиум,1900 ₽,1540 ₽,/catalog/displei/displey-dlya-xiaomi-poco-x5-5g-redmi-note-12-5g-22111317pg-22111317i-modul-s-ramkoy-chernyy-in-cell-/,2026-09-10 10:49:45
Дисплей для Realme C53/C51 (RMX3760/RMX3830) в сборе с тачскрином Черный Mecanico - AMP,800 ₽,660 ₽,/catalog/displei/displey-dlya-realme-c53-c51-rmx3760-rmx3830-v-sbore-s-tachskrinom-chernyy-mecanico-amp/,2026-09-10 10:49:45
Дисплей для Google Pixel 7a (GHL1X) в сборе с тачскрином Черный - (Soft OLED),5500 ₽,4650 ₽,/catalog/displei/displey-dlya-google-pixel-7a-ghl1x-v-sbore-s-tachskrinom-chernyy-soft-oled/,2026-09-10 10:49:45
"Дисплей для Samsung Galaxy Z Flip6 (F741B) в сборе с тачскрином внутренний 6.7"" Черный - OR (SP)",15400 ₽,13090 ₽,/catalog/displei/displey-dlya-samsung-galaxy-z-flip6-f741b-v-sbore-s-tachskrinom-vnutrenniy-6-7-chernyy-or-sp/,2026-09-10 10:49:45
Дисплей для Realme 13+ 5G (RMX5000/RMX5002) в сборе с тачскрином Черный - OR,5400 ₽,4530 ₽,/catalog/displei/displey-dlya-realme-13-5g-rmx5000-rmx5002-v-sbore-s-tachskrinom-chernyy-or/,2026-09-10 10:49:45
Дисплей для Samsung Galaxy M15 5G (M156B) модуль с рамкой Черный - OR (SP),3900 ₽,3250 ₽,/catalog/displei/displey-dlya-samsung-galaxy-m15-5g-m156b-modul-s-ramkoy-chernyy-or-sp/,2026-09-10 10:49:45
Дисплей для iPhone 14 Pro Max (A2895) в сборе с тачскрином Черный - (In-Cell) (площадка под IC),2500 ₽,2130 ₽,/catalog/displei/displey-dlya-iphone-14-pro-max-a2895-v-sbore-s-tachskrinom-chernyy-in-cell-ploshchadka-pod-ic/,2026-09-10 10:49:45
Дисплей для Huawei Mate 50 Pro (DCO-LX9) в сборе с тачскрином Черный - OR,8400 ₽,7120 ₽,/catalog/displei/displey-dlya-huawei-mate-50-pro-dco-lx9-v-sbore-s-tachskrinom-chernyy-or/,2026-09-10 10:49:45
Дисплей для Tecno Spark 10 Pro (KI7) в сборе с тачскрином Черный - Оптима,1000 ₽,830 ₽,/catalog/displei/displey-dlya-tecno-spark-10-pro-ki7-v-sbore-s-tachskrinom-chernyy-optima/,2026-09-10 10:49:45
Дисплей для Xiaomi Redmi 13C 4G (23100RN82L) в сборе с тачскрином Черный Mecanico - AMP,800 ₽,650 ₽,/catalog/displei/displey-dlya-xiaomi-redmi-13c-4g-23100rn82l-v-sbore-s-tachskrinom-chernyy-mecanico-amp/,2026-09-10 10:49:45
"Дисплей для iPhone 14 Pro Max (A2895) в сборе с тачскрином Черный - (Hard OLED, Full HD) (площадка под IC)",3700 ₽,3150 ₽,/catalog/displei/displey-dlya-iphone-14-pro-max-a2895-v-sbore-s-tachskrinom-chernyy-hard-oled-full-hd-ploshchadka-pod/,2026-09-10 10:49:45
Дисплей для Infinix Note 40 Pro 4G/40 Pro+ 5G/Tecno Camon 40 Pro 4G (X6850/X6851B/CM6) в сборе с тачскрином Черный - (OLED),2900 ₽,2430 ₽,/catalog/displei/displey-dlya-infinix-note-40-pro-4g-40-pro-5g-tecno-camon-40-pro-4g-16378b1f427d11efb32200155d59fe46/,2026-09-10 10:49:45
Дисплей для Realme C55 (RMX3710) в сборе с тачскрином Черный - Оптима,800 ₽,650 ₽,/catalog/displei/displey-dlya-realme-c55-rmx3710-v-sbore-s-tachskrinom-chernyy-optima/,2026-09-10 10:49:45
Дисплей для Vivo V20/V21e 4G/V23e 4G (V2025/V2061/V2116) в сборе с тачскрином Черный - (In-Cell),950 ₽,790 ₽,/catalog/displei/displey-dlya-vivo-v20-v21e-4g-v23e-4g-v2025-v2061-v2116-v-sbore-s-tachskrinom-chernyy-in-cell/,2026-09-10 10:49:45
Дисплей для Infinix Hot 30i (X669D) в сборе с тачскрином Черный - Оптима,750 ₽,630 ₽,/catalog/displei/displey-dlya-infinix-hot-30i-x669d-v-sbore-s-tachskrinom-chernyy-optima/,2026-09-10 10:49:45
Дисплей для Huawei Nova Y72S/Y63 (GFY-LX1) в сборе с тачскрином Черный - Оптима,850 ₽,690 ₽,/catalog/displei/displey-dlya-huawei-nova-y72s-y63-gfy-lx1-v-sbore-s-tachskrinom-chernyy-optima/,2026-09-10 10:49:45
Дисплей для Huawei Nova 12 SE/11 SE (BNE-LX1) в сборе с тачскрином Черный - OR,3800 ₽,3230 ₽,/catalog/displei/displey-dlya-huawei-nova-12-se-11-se-bne-lx1-v-sbore-s-tachskrinom-chernyy-or/,2026-09-10 10:49:45
Дисплей для Samsung Galaxy A52/A52 5G/A52s 5G (A525F/A526B/A528B) в сборе с тачскрином Черный - (In-Cell),950 ₽,790 ₽,/catalog/displei/displey-dlya-samsung-galaxy-a52-a52-5g-a52s-5g-a525f-a526b-a528b-v-sbore-s-tachskrinom-chernyy-in-ce/,2026-09-10 10:49:45
Дисплей для Samsung Galaxy S20 FE/S20 FE 5G (G780F/G781B) модуль с рамкой Синий - OR (SP),7900 ₽,6730 ₽,/catalog/displei/displey-dlya-samsung-galaxy-s20-fe-s20-fe-5g-g780f-g781b-modul-s-ramkoy-siniy-or-sp/,2026-09-10 10:49:45
Дисплей для Huawei Nova 10 SE (BNE-LX1) модуль с рамкой Серебро - OR,5200 ₽,4390 ₽,/catalog/displei/displey-dlya-huawei-nova-10-se-bne-lx1-modul-s-ramkoy-serebro-or/,2026-09-10 10:49:45
Дисплей для OPPO Reno 13 F 4G (CPH2701) в сборе с тачскрином Черный - OR,5200 ₽,4380 ₽,/catalog/displei/displey-dlya-oppo-reno-13-f-4g-cph2701-v-sbore-s-tachskrinom-chernyy-or/,2026-09-10 10:49:45
Дисплей для Xiaomi Redmi 12C/Poco C55 (22120RN86G) в сборе с тачскрином Черный - Оптима,850 ₽,690 ₽,/catalog/displei/displey-dlya-xiaomi-redmi-12c-poco-c55-22120rn86g-v-sbore-s-tachskrinom-chernyy-optima/,2026-09-10 10:49:45
"Дисплей для iPhone 12 Pro Max (A2411) в сборе с тачскрином Черный - (Hard OLED, Full HD) (с верификацией = с привязкой без ошибки)",6100 ₽,5170 ₽,/catalog/displei/displey-dlya-iphone-12-pro-max-a2411-v-sbore-s-tachskrinom-chernyy-hard-oled-full-hd-s-verifikatsiey/,2026-09-10 10:49:45
Дисплей для Samsung Galaxy S25 FE (S731B) в сборе с тачскрином Черный - OR (SP),6500 ₽,5490 ₽,/catalog/displei/displey-dlya-samsung-galaxy-s25-fe-s731b-v-sbore-s-tachskrinom-chernyy-or-sp/,2026-09-10 10:49:45
Дисплей для Realme C11/C15/Narzo 30A (RMX2185/RMX2180/RMX3171) в сборе с тачскрином Черный - Оптима,750 ₽,640 ₽,/catalog/displei/displey-dlya-realme-c11-c15-narzo-30a-rmx2185-rmx2180-rmx3171-v-sbore-s-tachskrinom-chernyy-optima/,2026-09-10 10:49:45
Дисплей для Huawei Honor 30/30 Premium/Nova 7 (BMH-AN10) в сборе с тачскрином Черный - (In-Cell),950 ₽,790 ₽,/catalog/displei/displey-dlya-huawei-honor-30-30-premium-nova-7-bmh-an10-v-sbore-s-tachskrinom-chernyy-in-cell/,2026-09-10 10:49:45
Дисплей для Huawei Honor 10 (COL-L29) в сборе с тачскрином Черный - Оптима,850 ₽,720 ₽,/catalog/displei/displey-dlya-huawei-honor-10-col-l29-v-sbore-s-tachskrinom-chernyy-optima/,2026-09-10 10:49:45
Дисплей для Samsung Galaxy J3 2017 (J330F) в сборе с тачскрином Черный - Оптима,700 ₽,590 ₽,/catalog/displei/displey-dlya-samsung-galaxy-j3-2017-j330f-v-sbore-s-tachskrinom-chernyy-optima/,2026-09-10 10:49:45
Дисплей для OPPO A91/Reno 3 (CPH2021/CPH2043) в сборе с тачскрином Черный - (OLED),2400 ₽,1970 ₽,/catalog/displei/displey-dlya-oppo-a91-reno-3-cph2021-cph2043-v-sbore-s-tachskrinom-chernyy-oled/,2026-09-10 10:49:45
Дисплей для Samsung Galaxy M15 5G (M156B) в сборе с тачскрином Черный - (OLED),2500 ₽,2080 ₽,/catalog/displei/displey-dlya-samsung-galaxy-m15-5g-m156b-v-sbore-s-tachskrinom-chernyy-oled/,2026-09-10 10:49:45
Дисплей для Samsung Galaxy S24 Ultra (S928B) модуль с рамкой Желтый - OR (SP),22200 ₽,18890 ₽,/catalog/displei/displey-dlya-samsung-galaxy-s24-ultra-s928b-modul-s-ramkoy-zheltyy-or-sp/,2026-09-10 10:49:45
Дисплей для Samsung Galaxy A12 Nacho (A127F) в сборе с тачскрином Черный - Оптима,700 ₽,590 ₽,/catalog/displei/displey-dlya-samsung-galaxy-a12-nacho-a127f-v-sbore-s-tachskrinom-chernyy-optima/,2026-09-10 10:49:45
Дисплей для Vivo Y31 2021 (V2036) в сборе с тачскрином Черный - Оптима,700 ₽,590 ₽,/catalog/displei/displey-dlya-vivo-y31-2021-v2036-v-sbore-s-tachskrinom-chernyy-optima/,2026-09-10 10:49:45
Дисплей для Tecno Camon 19 Pro (CI8n) в сборе с тачскрином Черный - Оптима,950 ₽,780 ₽,/catalog/displei/displey-dlya-tecno-camon-19-pro-ci8n-v-sbore-s-tachskrinom-chernyy-optima/,2026-09-10 10:49:45
"Дисплей для Tecno Spark 7 (KF6n) модуль с рамкой Черный - OR (HD+, 300 Кд/м², 60 Гц)",1200 ₽,990 ₽,/catalog/displei/displey-dlya-tecno-spark-7-kf6n-modul-s-ramkoy-chernyy-or/,2026-09-10 10:49:45
Дисплей для Samsung Galaxy A5 2017 (A520F) в сборе с тачскрином Черный - (In-Cell),1000 ₽,830 ₽,/catalog/displei/displey-dlya-samsung-galaxy-a5-2017-a520f-v-sbore-s-tachskrinom-chernyy-in-cell/,2026-09-10 10:49:45
Дисплей для Tecno Pova 7 Pro 5G (LJ8) в сборе с тачскрином Черный - OR,3800 ₽,3190 ₽,/catalog/displei/displey-dlya-tecno-pova-7-pro-5g-lj8-v-sbore-s-tachskrinom-chernyy-or/,2026-09-10 10:49:45
Дисплей для Xiaomi Mi A3 (M1906F9SH) в сборе с тачскрином Черный - (OLED),3000 ₽,2550 ₽,/catalog/displei/displey-dlya-xiaomi-mi-a3-m1906f9sh-v-sbore-s-tachskrinom-chernyy-oled/,2026-09-10 10:49:45
Дисплей для Xiaomi Redmi 14C/A3 Pro/Poco C75 (2411DRN47C/2410FPCC5G) в сборе с тачскрином Черный - Оптима,850 ₽,690 ₽,/catalog/displei/displey-dlya-xiaomi-redmi-14c-poco-c75-2411drn47c-2410fpcc5g-v-sbore-s-tachskrinom-chernyy-optima/,2026-09-10 10:49:45
Дисплей для Blackview BV9300 в сборе с тачскрином Черный - Оптима,1500 ₽,1240 ₽,/catalog/displei/displey-dlya-blackview-bv9300-v-sbore-s-tachskrinom-chernyy-optima/,2026-09-10 10:49:45
Дисплей для Xiaomi 15T Pro (2506BPN68G) в сборе с тачскрином Черный - OR,7800 ₽,6640 ₽,/catalog/displei/displey-dlya-xiaomi-15t-pro-2506bpn68g-v-sbore-s-tachskrinom-chernyy-or/,2026-09-10 10:49:45
"Дисплей для iPhone 11 Pro Max (A2218) в сборе с тачскрином Черный - OR (Снятый, заменено ТОЛЬКО стекло)",8500 ₽,7190 ₽,/catalog/displei/displey-dlya-iphone-11-pro-max-a2218-v-sbore-s-tachskrinom-chernyy-or-snyatyy-zameneno-tolko-steklo/,2026-09-10 10:49:45
Дисплей для Xiaomi Poco C65 (2310FPCA4G) в сборе с тачскрином Черный Mecanico - AMP,800 ₽,650 ₽,/catalog/displei/displey-dlya-xiaomi-poco-c65-2310fpca4g-v-sbore-s-tachskrinom-chernyy-mecanico-amp/,2026-09-10 10:49:45
Дисплей для Xiaomi Mi 11 Lite 4G (M2101K9AG) в сборе с тачскрином Черный - OR,3500 ₽,2990 ₽,/catalog/displei/displey-dlya-xiaomi-mi-11-lite-4g-m2101k9ag-v-sbore-s-tachskrinom-chernyy-or/,2026-09-10 10:49:45
Дисплей для Samsung Galaxy A50 (A505F) модуль с рамкой Черный - OR (SP),5400 ₽,4590 ₽,/catalog/displei/displey-dlya-samsung-galaxy-a50-a505f-modul-s-ramkoy-chernyy-or-sp/,2026-09-10 10:49:45
Дисплей для Xiaomi Poco X6 5G/Redmi Note 13 Pro 5G (23122PCD1G/2312DRA50C/2312CRAD3C/2312DRA50G/2312DRA50I) в сборе с тачскрином Черный - (In-Cell),1100 ₽,930 ₽,/catalog/displei/displey-dlya-xiaomi-poco-x6-5g-redmi-note-13-pro-5g-23122pcd1g-2312-78071ea86dfe11f0b32900155d59fe46/,2026-09-10 10:49:45
Дисплей для Samsung Galaxy A12 (A125F) модуль с рамкой Черный - Оптима,1000 ₽,830 ₽,/catalog/displei/displey-dlya-samsung-galaxy-a12-a125f-modul-s-ramkoy-chernyy-optima/,2026-09-10 10:49:45
"Дисплей для iPhone 16 Pro Max (A3296) в сборе с тачскрином Черный - (In-Cell, Full HD, 120 Гц) (площадка под IC)",3500 ₽,2970 ₽,/catalog/displei/displey-dlya-iphone-16-pro-max-a3296-v-sbore-s-tachskrinom-chernyy-in-cell-full-hd-120-gts-ploshchad/,2026-09-10 10:49:45
Дисплей для Samsung Galaxy A72 (A725F) модуль с рамкой Черный - OR (SP),9200 ₽,7790 ₽,/catalog/displei/displey-dlya-samsung-galaxy-a72-a725f-modul-s-ramkoy-chernyy-or-sp/,2026-09-10 10:49:45
Дисплей для iPhone 17 Pro Max (A3526) в сборе с тачскрином Черный - OR (SP) (с верификацией “Новая запчасть”),43100 ₽,36790 ₽,/catalog/displei/displey-dlya-iphone-17-pro-max-a3526-v-sbore-s-tachskrinom-chernyy-or-sp-s-verifikatsiey-novaya-zapch/,2026-09-10 10:49:45
"Дисплей для Samsung Galaxy M13 (M135F) в сборе с тачскрином Черный - OR (Full HD, 300 Кд/м², 60 Гц)",950 ₽,790 ₽,/catalog/displei/displey-dlya-samsung-galaxy-m13-m135f-v-sbore-s-tachskrinom-chernyy-or-full-hd-300-kd-m-60-gts/,2026-09-10 10:49:45
Дисплей для Samsung Galaxy A02 (A022G) модуль c рамкой Черный - OR Ref. (SP),1300 ₽,1060 ₽,/catalog/displei/displey-dlya-samsung-galaxy-a02-a022g-modul-c-ramkoy-chernyy-or-ref-sp/,2026-09-10 10:49:45
Дисплей для Huawei Honor 30 Pro Plus (EBG-AN10) в сборе с тачскрином Черный - (OLED),5200 ₽,4390 ₽,/catalog/displei/displey-dlya-huawei-honor-30-pro-plus-ebg-an10-v-sbore-s-tachskrinom-chernyy-oled/,2026-09-10 10:49:45
Дисплей для Huawei Honor X9a 5G/X40/Magic 5 Lite (RMO-NX1) в сборе с тачскрином Черный - (OLED),2600 ₽,2190 ₽,/catalog/displei/displey-dlya-huawei-honor-x9a-5g-x40-magic-5-lite-rmo-nx1-v-sbore-s-tachskrinom-chernyy-oled/,2026-09-10 10:49:45
Дисплей для Xiaomi 11 Lite 5G NE/Mi 11 Lite 4G/5G (2109119DG/M2101K9AG/M2101K9G) модуль с рамкой Синий - OR,4300 ₽,3620 ₽,/catalog/displei/displey-dlya-xiaomi-11-lite-5g-ne-mi-11-lite-4g-5g-2109119dg-m2101k-70650ceadc4d11efb32600155d59fe46/,2026-09-10 10:49:45
Дисплей для Xiaomi Poco X6 Pro 5G (2311DRK48G) модуль с рамкой Серый - OR (SP),5600 ₽,4720 ₽,/catalog/displei/displey-dlya-xiaomi-poco-x6-pro-5g-2311drk48g-modul-s-ramkoy-seryy-or-sp/,2026-09-10 10:49:45
Дисплей для Samsung Galaxy S22 Ultra (S908B/S908E/S9080) модуль с рамкой Бордовый - OR (SP),20000 ₽,17090 ₽,/catalog/displei/displey-dlya-samsung-galaxy-s22-ultra-s908b-s9080-modul-s-ramkoy-bordovyy-or-sp/,2026-09-10 10:49:45
"Дисплей для Huawei Honor X9c Smart (BRC-NX1) в сборе с тачскрином Черный - OR (Full HD, 300 Кд/м², 120 Гц)",1000 ₽,850 ₽,/catalog/displei/displey-dlya-huawei-honor-x9c-smart-brc-nx1-v-sbore-s-tachskrinom-chernyy-or/,2026-09-10 10:49:45
"Дисплей для iPhone 14 Pro Max (A2895) в сборе с тачскрином Черный - (In-Cell, Full HD, 120 Гц) (площадка под IC)",3300 ₽,2740 ₽,/catalog/displei/displey-dlya-iphone-14-pro-max-a2895-v-sbore-s-tachskrinom-chernyy-in-cell-full-hd-120-gts-ploshchad/,2026-09-10 10:49:45
"Дисплей для iPhone 14 Pro (A2891) в сборе с тачскрином Черный - (In-Cell, HD+) (площадка под IC)",2000 ₽,1670 ₽,/catalog/displei/displey-dlya-iphone-14-pro-a2891-v-sbore-s-tachskrinom-chernyy-in-cell-hd-ploshchadka-pod-ic/,2026-09-10 10:49:45
Дисплей для Huawei Nova 12 SE/11 SE (BNE-LX1) в сборе с тачскрином Черный - (In-Cell),1700 ₽,1380 ₽,/catalog/displei/displey-dlya-huawei-nova-12-se-11-se-bne-lx1-v-sbore-s-tachskrinom-chernyy-in-cell/,2026-09-10 10:49:45
Дисплей для Samsung Galaxy A73 5G (A736B) модуль с рамкой Черный - Сервисный Оригинал,4400 ₽,3760 ₽,/catalog/displei/displey-dlya-samsung-galaxy-a73-5g-a736b-modul-s-ramkoy-chernyy-servisnyy-original/,2026-09-10 10:49:45
"Дисплей для Tecno Spark 30 5G (KL8) модуль с рамкой Черный - OR (HD+, 300 Кд/м², 120 Гц)",1200 ₽,990 ₽,/catalog/displei/displey-dlya-tecno-spark-30-5g-kl8-modul-s-ramkoy-chernyy-or/,2026-09-10 10:49:45
Дисплей для Vivo T1 (V2153) в сборе с тачскрином Черный - (OLED),2600 ₽,2140 ₽,/catalog/displei/displey-dlya-vivo-t1-v2153-v-sbore-s-tachskrinom-chernyy-oled/,2026-09-10 10:49:45
"Дисплей для Apple Watch SE 2022 40 мм в сборе с тачскрином Черный - OR100 (Снятый, без ремонта)",6300 ₽,5350 ₽,/catalog/displei/displey-dlya-apple-watch-se-2022-40-mm-v-sbore-s-tachskrinom-chernyy-or100-snyatyy-bez-remonta/,2026-09-10 10:49:45
Дисплей для Realme C3/5/6i/OPPO A5 2020/A9 2020/A31 (RMX2020/RMX1927/RMX2001/CPH1931/CPH1941/CPH2015) в сборе с тачскрином Черный Mecanico - AMP,700 ₽,590 ₽,/catalog/displei/displey-dlya-realme-c3-5-6i-oppo-a5-2020-a9-2020-a31-rmx2020-rmx192-d50780f3e06f11f0b32b00155d59fe46/,2026-09-10 10:49:45
"Дисплей для OPPO A3s/A5 (CPH1803/CPH1809) в сборе с тачскрином Черный - OR (HD+, 300 Кд/м², 60 Гц)",950 ₽,790 ₽,/catalog/displei/displey-dlya-oppo-a3s-a5-cph1803-cph1809-v-sbore-s-tachskrinom-chernyy-or/,2026-09-10 10:49:45
Дисплей для OPPO Reno 4 Lite (CPH2125) в сборе с тачскрином Черный - (OLED),3400 ₽,2830 ₽,/catalog/displei/displey-dlya-oppo-reno-4-lite-cph2125-v-sbore-s-tachskrinom-chernyy-oled/,2026-09-10 10:49:45
"Дисплей для iPhone 14 Plus (A2887) в сборе с тачскрином Черный - (Hard OLED, Full HD) (площадка под IC)",4700 ₽,3990 ₽,/catalog/displei/displey-dlya-iphone-14-plus-a2887-v-sbore-s-tachskrinom-chernyy-hard-oled-full-hd-ploshchadka-pod-ic/,2026-09-10 10:49:45
Дисплей для Realme C61 (RMX3930) в сборе с тачскрином Черный - Оптима,850 ₽,690 ₽,/catalog/displei/displey-dlya-realme-c61-rmx3930-v-sbore-s-tachskrinom-chernyy-optima/,2026-09-10 10:49:45
Дисплей для Vivo V29 (V2250) в сборе с тачскрином Черный - OR,3500 ₽,2990 ₽,/catalog/displei/displey-dlya-vivo-v29-v2250-v-sbore-s-tachskrinom-chernyy-or/,2026-09-10 10:49:45
Дисплей для Nokia G20 (TA-1336) в сборе с тачскрином Черный - Оптима,800 ₽,680 ₽,/catalog/displei/displey-dlya-nokia-g20-ta-1336-v-sbore-s-tachskrinom-chernyy-optima/,2026-09-10 10:49:45
Дисплей для Samsung Galaxy S21 Ultra (G998B) модуль с рамкой Черный - (In-Cell),2800 ₽,2350 ₽,/catalog/displei/displey-dlya-samsung-galaxy-s21-ultra-g998b-modul-s-ramkoy-chernyy-in-cell/,2026-09-10 10:49:45
Дисплей для Samsung Galaxy A54 5G (A546E) модуль с рамкой Фиолетовый - OR (SP),6900 ₽,5850 ₽,/catalog/displei/displey-dlya-samsung-galaxy-a54-5g-a546e-modul-s-ramkoy-fioletovyy-or-sp/,2026-09-10 10:49:45
Дисплей для Xiaomi Poco X6 5G/Redmi Note 13 Pro 5G (23122PCD1G/2312DRA50C/2312CRAD3C/2312DRA50G/2312DRA50I) модуль с рамкой Черный - OR (SP),6800 ₽,5740 ₽,/catalog/displei/displey-dlya-xiaomi-poco-x6-5g-redmi-note-13-pro-5g-23122pcd1g-2312-63c6190dfba611eeb32100155d59fe46/,2026-09-10 10:49:45
Дисплей для Samsung Galaxy A54 5G (A546E) модуль с рамкой Белый - OR (SP),6800 ₽,5790 ₽,/catalog/displei/displey-dlya-samsung-galaxy-a54-5g-a546e-modul-s-ramkoy-belyy-or-sp/,2026-09-10 10:49:45
Дисплей для iPhone 17 Pro Max (A3526) в сборе с тачскрином Черный - (In-Cell) Стандарт,2900 ₽,2460 ₽,/catalog/displei/displey-dlya-iphone-17-pro-max-a3526-v-sbore-s-tachskrinom-chernyy-in-cell-standart/,2026-09-10 10:49:45
Дисплей для Xiaomi Poco M3 Pro 5G/Redmi Note 10T/10 5G (M2103K19Y/M2103K19PG/M2103K19G) в сборе с тачскрином Черный Mecanico - AMP,900 ₽,750 ₽,/catalog/displei/displey-dlya-xiaomi-poco-m3-pro-5g-redmi-note-10t-10-5g-m2103k19y-m-2be5fd04dfdc11f0b32b00155d59fe46/,2026-09-10 10:49:45
Дисплей для Vivo Y81/Y83 (1803) в сборе с тачскрином Черный - Оптима,800 ₽,660 ₽,/catalog/displei/displey-dlya-vivo-y81-y83-1803-v-sbore-s-tachskrinom-chernyy-optima/,2026-09-10 10:49:45
Дисплей для Huawei Honor X7b 4G/90 Smart (CLK-LX1/CLK-NX1) в сборе с тачскрином Черный - Оптима,850 ₽,690 ₽,/catalog/displei/displey-dlya-huawei-honor-x7b-4g-90-smart-clk-lx1-clk-nx1-v-sbore-s-tachskrinom-chernyy-optima/,2026-09-10 10:49:45
"Дисплей для Huawei P Smart (FIG-LX1) в сборе с тачскрином Черный - OR (HD+, 300 Кд/м², 60 Гц)",900 ₽,760 ₽,/catalog/displei/displey-dlya-huawei-p-smart-fig-lx1-v-sbore-s-tachskrinom-chernyy-or/,2026-09-10 10:49:45
Дисплей для Samsung Galaxy A36 5G (A366B) модуль с рамкой Белый - OR (SP),7300 ₽,6180 ₽,/catalog/displei/displey-dlya-samsung-galaxy-a36-5g-a366b-modul-s-ramkoy-belyy-or-sp/,2026-09-10 10:49:45
Дисплей для Samsung Galaxy A41 (A415F) в сборе с тачскрином Черный - (In-Cell),1300 ₽,1040 ₽,/catalog/displei/displey-dlya-samsung-galaxy-a41-a415f-v-sbore-s-tachskrinom-chernyy-in-cell/,2026-09-10 10:49:45
Дисплей для Realme 15 Pro 5G (RMX5101) в сборе с тачскрином Черный - OR,6000 ₽,5070 ₽,/catalog/displei/displey-dlya-realme-15-pro-5g-rmx5101-v-sbore-s-tachskrinom-chernyy-or/,2026-09-10 10:49:45
Дисплей для Huawei Nova 2i/Mate 10 Lite (RNE-L21) в сборе с тачскрином Черный - Оптима,800 ₽,650 ₽,/catalog/displei/displey-dlya-huawei-nova-2i-mate-10-lite-rne-l21-v-sbore-s-tachskrinom-chernyy-optima/,2026-09-10 10:49:45
Дисплей для Xiaomi Poco F4 GT (21121210G) в сборе с тачскрином Черный - OR,3900 ₽,3290 ₽,/catalog/displei/displey-dlya-xiaomi-poco-f4-gt-21121210g-v-sbore-s-tachskrinom-chernyy-or/,2026-09-10 10:49:45
"Дисплей для Samsung Galaxy Tab S9 FE 10.9"" (X510N/X516B) в сборе с тачскрином Черный - Оптима",2800 ₽,2380 ₽,/catalog/displei/displey-dlya-samsung-galaxy-tab-s9-fe-10-9-x510n-x516b-v-sbore-s-tachskrinom-chernyy-optima/,2026-09-10 10:49:45
Дисплей для Samsung Galaxy A10 (A105F) модуль c рамкой Черный - Оптима,950 ₽,790 ₽,/catalog/displei/displey-dlya-samsung-galaxy-a10-a105f-modul-c-ramkoy-chernyy-optima/,2026-09-10 10:49:45
Дисплей для Samsung Galaxy A73 5G (A736B) модуль с рамкой Черный - OR (SP),6000 ₽,5090 ₽,/catalog/displei/displey-dlya-samsung-galaxy-a73-5g-a736b-modul-s-ramkoy-chernyy-or-sp/,2026-09-10 10:49:45
Дисплей для iPhone 6 в сборе с тачскрином Белый - Оптима,800 ₽,650 ₽,/catalog/displei/displey-dlya-iphone-6-v-sbore-s-tachskrinom-belyy-optima/,2026-09-10 10:49:45
Дисплей для OPPO A74 4G (CPH2219) в сборе с тачскрином Черный - (OLED),3400 ₽,2840 ₽,/catalog/displei/displey-dlya-oppo-a74-4g-cph2219-v-sbore-s-tachskrinom-chernyy-oled/,2026-09-10 10:49:45
"Дисплей для Samsung Galaxy S22 Ultra (S908B/S908E/S9080) модуль с рамкой Черный - (Soft OLED, 120 Гц) (Full Size)",13700 ₽,11690 ₽,/catalog/displei/displey-dlya-samsung-galaxy-s22-ultra-s908b-s9080-modul-s-ramkoy-chernyy-soft-oled-120-gts-full-size/,2026-09-10 10:49:45
Дисплей для Huawei Y5 2019/Honor 8S/8S Prime (KSE-LX9/AMN-LX9/KSA-LX9) (Rev 4.4) в сборе с тачскрином Черный - Оптима,800 ₽,650 ₽,/catalog/displei/displey-dlya-huawei-y5-2019-honor-8s-8s-prime-kse-lx9-amn-lx9-ksa-lx9-rev-4-4-v-sbore-s-tachskrinom-/,2026-09-10 10:49:45
Дисплей для Google Pixel 7 Pro (GE2AE) в сборе с тачскрином Черный - OR,17400 ₽,14790 ₽,/catalog/displei/displey-dlya-google-pixel-7-pro-ge2ae-v-sbore-s-tachskrinom-chernyy-or/,2026-09-10 10:49:45
Дисплей для OPPO A74 4G (CPH2219) в сборе с тачскрином Черный - (In-Cell),1000 ₽,830 ₽,/catalog/displei/displey-dlya-oppo-a74-4g-cph2219-v-sbore-s-tachskrinom-chernyy-in-cell/,2026-09-10 10:49:45
Дисплей для Samsung Galaxy A15 4G/5G (A155F/A156B) в сборе с тачскрином Черный - (In-Cell),1000 ₽,830 ₽,/catalog/displei/displey-dlya-samsung-galaxy-a15-4g-5g-a155f-a156b-v-sbore-s-tachskrinom-chernyy-in-cell/,2026-09-10 10:49:45
"Дисплей для Infinix Smart 6 HD (X6512) в сборе с тачскрином Черный - OR (HD+, 300 Кд/м², 60 Гц)",850 ₽,720 ₽,/catalog/displei/displey-dlya-infinix-smart-6-hd-x6512-v-sbore-s-tachskrinom-chernyy-or/,2026-09-10 10:49:45
Дисплей для Realme 9 Pro+ (RMX3393/RMX3392) модуль с рамкой Черный - OR,6800 ₽,5790 ₽,/catalog/displei/displey-dlya-realme-9-pro-rmx3393-rmx3392-modul-s-ramkoy-chernyy-or/,2026-09-10 10:49:45
Дисплей для Samsung Galaxy S9+ (G965F) модуль с рамкой Черный - (OLED),7000 ₽,5950 ₽,/catalog/displei/displey-dlya-samsung-galaxy-s9-g965f-modul-s-ramkoy-chernyy-oled/,2026-09-10 10:49:45
Дисплей для Realme 5 Pro (RMX1971) в сборе с тачскрином Черный - Оптима,800 ₽,650 ₽,/catalog/displei/displey-dlya-realme-5-pro-rmx1971-v-sbore-s-tachskrinom-chernyy-optima/,2026-09-10 10:49:45
Дисплей для Asus ZenFone Max Pro M1 (ZB602KL/ZB601KL) в сборе с тачскрином Черный - Оптима,1100 ₽,870 ₽,/catalog/displei/displey-dlya-asus-zenfone-max-pro-m1-zb602kl-zb601kl-v-sbore-s-tachskrinom-chernyy-optima/,2026-09-10 10:49:45
Дисплей для Tecno Camon 30S (CLA5) в сборе с тачскрином Черный - (In-Cell),1300 ₽,1060 ₽,/catalog/displei/displey-dlya-tecno-camon-30s-cla5-v-sbore-s-tachskrinom-chernyy-in-cell/,2026-09-10 10:49:45
"Дисплей для Infinix Smart 20 (X6840/X6840B) в сборе с тачскрином Черный - OR (HD+, 300 Кд/м², 120 Гц)",1000 ₽,850 ₽,/catalog/displei/displey-dlya-infinix-smart-20-x6840-x6840b-v-sbore-s-tachskrinom-chernyy-or-hd-300-kd-m-120-gts/,2026-09-10 10:49:45
Дисплей для iPhone 14 Pro Max (A2895) в сборе с тачскрином Черный - GX (Hard OLED) (площадка под IC),4000 ₽,3350 ₽,/catalog/displei/displey-dlya-iphone-14-pro-max-a2895-v-sbore-s-tachskrinom-chernyy-gx-hard-oled-ploshchadka-pod-ic/,2026-09-10 10:49:45
Дисплей для Realme C21/C20/C11 2021/Narzo 50i (RMX3201/RMX3231/RMX3235) в сборе с тачскрином Черный Mecanico - AMP,800 ₽,650 ₽,/catalog/displei/displey-dlya-realme-c21-c20-c11-2021-narzo-50i-rmx3201-rmx3231-rmx3-333094afe07011f0b32b00155d59fe46/,2026-09-10 10:49:45
Дисплей для Samsung Galaxy A52/A52 5G/A52s 5G (A525F/A526B/A528B) модуль с рамкой Черный - Сервисный Оригинал,7200 ₽,6130 ₽,/catalog/displei/displey-dlya-samsung-galaxy-a52-a52-5g-a52s-5g-a525f-a526b-a528b-modul-s-ramkoy-chernyy-servisnyy-or/,2026-09-10 10:49:45
Дисплей для Huawei Honor 9/9 Premium (STF-L09/STF-AL10) в сборе с тачскрином Черный - Оптима,900 ₽,750 ₽,/catalog/displei/displey-dlya-huawei-honor-9-9-premium-stf-l09-stf-al10-v-sbore-s-tachskrinom-chernyy-optima/,2026-09-10 10:49:45
"Дисплей для Infinix Hot 20i (X665E) в сборе с тачскрином Черный - OR (HD+, 300 Кд/м², 60 Гц)",750 ₽,640 ₽,/catalog/displei/displey-dlya-infinix-hot-20i-x665e-v-sbore-s-tachskrinom-chernyy-or/,2026-09-10 10:49:45
"Дисплей для Vivo Y27 4G (V2249) в сборе с тачскрином Черный - OR (Full HD, 300 Кд/м², 60 Гц)",900 ₽,730 ₽,/catalog/displei/displey-dlya-vivo-y27-4g-v2249-v-sbore-s-tachskrinom-chernyy-or/,2026-09-10 10:49:45
Дисплей для Samsung Galaxy A7 2017 (A720F) в сборе с тачскрином Черный - (OLED),1600 ₽,1350 ₽,/catalog/displei/displey-dlya-samsung-galaxy-a7-2017-a720f-v-sbore-s-tachskrinom-chernyy-oled/,2026-09-10 10:49:45
Дисплей для Huawei Honor X9a 5G/X40/Magic 5 Lite (RMO-NX1) модуль с рамкой Голубой - OR,3600 ₽,3060 ₽,/catalog/displei/displey-dlya-huawei-honor-x9a-5g-x40-magic-5-lite-rmo-nx1-modul-s-ramkoy-goluboy-or/,2026-09-10 10:49:45
Дисплей для Xiaomi Redmi 10 (21061119DG/21061119AG) в сборе с тачскрином Черный - Оптима,800 ₽,670 ₽,/catalog/displei/displey-dlya-xiaomi-redmi-10-21061119dg-21061119ag-v-sbore-s-tachskrinom-chernyy-optima/,2026-09-10 10:49:45
Дисплей для iPhone 4S в сборе с тачскрином Черный - Оптима,700 ₽,590 ₽,/catalog/displei/displey-dlya-iphone-4s-v-sbore-s-tachskrinom-chernyy-optima/,2026-09-10 10:49:45
Дисплей для Realme 7 (RMX2155) в сборе с тачскрином Черный - Оптима,850 ₽,690 ₽,/catalog/displei/displey-dlya-realme-7-rmx2155-v-sbore-s-tachskrinom-chernyy-optima/,2026-09-10 10:49:45
Дисплей для Samsung Galaxy S20+ (G985F) модуль с рамкой Серый - (OLED) (Full Size),5500 ₽,4690 ₽,/catalog/displei/displey-dlya-samsung-galaxy-s20-g985f-modul-s-ramkoy-seryy-oled-full-size/,2026-09-10 10:49:45
Дисплей для Xiaomi Redmi 12 4G (23053RN02Y) в сборе с тачскрином Черный Mecanico - AMP,850 ₽,690 ₽,/catalog/displei/displey-dlya-xiaomi-redmi-12-4g-23053rn02y-v-sbore-s-tachskrinom-chernyy-mecanico-amp/,2026-09-10 10:49:45
"Дисплей для Huawei Honor X6b (JDY-LX1/JDY-LX2) в сборе с тачскрином Черный - OR100 (HD+, 400 Кд/м², 90 Гц)",1200 ₽,1020 ₽,/catalog/displei/displey-dlya-huawei-honor-x6b-jdy-lx1-jdy-lx2-v-sbore-s-tachskrinom-chernyy-or100/,2026-09-10 10:49:45
"Дисплей для Xiaomi Poco C51 (2302EPCC4I/2305EPCC4G) модуль с рамкой Черный - OR (HD+, 300 Кд/м², 60 Гц)",1100 ₽,880 ₽,/catalog/displei/displey-dlya-xiaomi-poco-c51-2302epcc4i-2305epcc4g-modul-s-ramkoy-chernyy-or/,2026-09-10 10:49:45
Дисплей для Huawei Honor X9c (BRP-NX1) модуль с рамкой Зеленый - OR,4300 ₽,3590 ₽,/catalog/displei/displey-dlya-huawei-honor-x9c-brp-nx1-modul-s-ramkoy-zelenyy-or/,2026-09-10 10:49:45
Дисплей для Tecno Camon 40 Pro 5G (CM7) в сборе с тачскрином Черный - (In-Cell),1200 ₽,970 ₽,/catalog/displei/displey-dlya-tecno-camon-40-pro-5g-cm7-v-sbore-s-tachskrinom-chernyy-in-cell/,2026-09-10 10:49:45
"Дисплей для Samsung Galaxy Z Flip5 (F731B) модуль внутренний 6.7"" Черный - OR (SP)",29200 ₽,24890 ₽,/catalog/displei/displey-dlya-samsung-galaxy-z-flip5-f731b-modul-vnutrenniy-6-7-chernyy-or-sp/,2026-09-10 10:49:45
"Дисплей для Huawei Nova Y90 (CTR-LX1) модуль с рамкой Зеленый - OR (Full HD, 300 Кд/м², 90 Гц)",2000 ₽,1690 ₽,/catalog/displei/displey-dlya-huawei-nova-y90-ctr-lx1-modul-s-ramkoy-zelenyy-or/,2026-09-10 10:49:45
Дисплей для Blackview BV6600/BV6600E в сборе с тачскрином Черный - Оптима,1200 ₽,970 ₽,/catalog/displei/displey-dlya-blackview-bv6600-bv6600e-v-sbore-s-tachskrinom-chernyy-optima/,2026-09-10 10:49:45
"Дисплей для iPad Pro 11"" 2021/2022 (A2301/A2377/A2459/A2435/A2761/A2759) в сборе с тачскрином Черный - OR100 (Снятый, без ремонта)",25500 ₽,21790 ₽,/catalog/displei/displey-dlya-ipad-pro-11-2021-2022-a2301-a2377-a2459-a2435-a2761-a2759-v-sbore-s-tachskrinom-chernyy/,2026-09-10 10:49:45
Дисплей для Samsung Galaxy S23 FE (S711B) модуль с рамкой Черный - (OLED) (Full Size),3100 ₽,2630 ₽,/catalog/displei/displey-dlya-samsung-galaxy-s23-fe-s711b-modul-s-ramkoy-chernyy-oled-full-size/,2026-09-10 10:49:45
Дисплей для Samsung Galaxy A03 Core (A032F) в сборе с тачскрином Черный - Оптима,700 ₽,590 ₽,/catalog/displei/displey-dlya-samsung-galaxy-a03-core-a032f-v-sbore-s-tachskrinom-chernyy-optima/,2026-09-10 10:49:45
Дисплей для iPhone 14 Plus (A2887) в сборе с тачскрином Черный - (Soft OLED) (площадка под IC),4500 ₽,3840 ₽,/catalog/displei/displey-dlya-iphone-14-plus-a2887-v-sbore-s-tachskrinom-chernyy-soft-oled-ploshchadka-pod-ic/,2026-09-10 10:49:45
Дисплей для Oukitel WP27 в сборе с тачскрином Черный - Оптима,1100 ₽,940 ₽,/catalog/displei/displey-dlya-oukitel-wp27-v-sbore-s-tachskrinom-chernyy-optima/,2026-09-10 10:49:45
Дисплей для Realme GT Neo 2 (RMX3370) в сборе с тачскрином Черный - OR,5800 ₽,4950 ₽,/catalog/displei/displey-dlya-realme-gt-neo-2-rmx3370-v-sbore-s-tachskrinom-chernyy-or/,2026-09-10 10:49:45
Дисплей для iPhone 14 Pro (A2891) в сборе с тачскрином Черный - (In-Cell) (площадка под IC),2100 ₽,1780 ₽,/catalog/displei/displey-dlya-iphone-14-pro-a2891-v-sbore-s-tachskrinom-chernyy-in-cell-ploshchadka-pod-ic/,2026-09-10 10:49:45
Дисплей для Samsung Galaxy M12 (M127F) в сборе с тачскрином Черный Mecanico - AMP,850 ₽,720 ₽,/catalog/displei/displey-dlya-samsung-galaxy-m12-m127f-v-sbore-s-tachskrinom-chernyy-mecanico-amp/,2026-09-10 10:49:45
"Дисплей для Itel P40 (P662LN) в сборе с тачскрином Черный - OR (HD+, 300 Кд/м², 60 Гц)",950 ₽,770 ₽,/catalog/displei/displey-dlya-itel-p40-p662ln-v-sbore-s-tachskrinom-chernyy-or/,2026-09-10 10:49:45
"Дисплей для iPhone 12 Pro Max (A2411) в сборе с тачскрином Черный - OR100 (Снятый, без ремонта)",14900 ₽,12690 ₽,/catalog/displei/displey-dlya-iphone-12-pro-max-a2411-v-sbore-s-tachskrinom-chernyy-or100-snyatyy-bez-remonta/,2026-09-10 10:49:45
Дисплей для Xiaomi Mi 9 Lite/A3 Lite (M1904F3BG) в сборе с тачскрином Черный - (OLED),2600 ₽,2190 ₽,/catalog/displei/displey-dlya-xiaomi-mi-9-lite-a3-lite-m1904f3bg-v-sbore-s-tachskrinom-chernyy-oled/,2026-09-10 10:49:45
Дисплей для Huawei Honor X7a/X7a Plus/Enjoy 40 Plus (RKY-LX1) в сборе с тачскрином Черный - Оптима,850 ₽,690 ₽,/catalog/displei/displey-dlya-huawei-honor-x7a-x7a-plus-enjoy-40-plus-rky-lx1-v-sbore-s-tachskrinom-chernyy-optima/,2026-09-10 10:49:45
Дисплей для OnePlus 13 (CPH2653) в сборе с тачскрином Черный - OR,11200 ₽,9550 ₽,/catalog/displei/displey-dlya-oneplus-13-cph2653-v-sbore-s-tachskrinom-chernyy-or/,2026-09-10 10:49:45
Дисплей для ZTE Blade A71/A51 в сборе с тачскрином Черный - Оптима,850 ₽,720 ₽,/catalog/displei/displey-dlya-zte-blade-a71-a51-v-sbore-s-tachskrinom-chernyy-optima/,2026-09-10 10:49:45
Дисплей для Blackview A100 в сборе с тачскрином Черный - Оптима,1200 ₽,990 ₽,/catalog/displei/displey-dlya-blackview-a100-v-sbore-s-tachskrinom-chernyy-optima/,2026-09-10 10:49:45
Дисплей для Xiaomi Redmi 9/9 Prime (M2004J19G) в сборе с тачскрином Черный - Оптима,800 ₽,680 ₽,/catalog/displei/displey-dlya-xiaomi-redmi-9-9-prime-m2004j19g-v-sbore-s-tachskrinom-chernyy-optima/,2026-09-10 10:49:45
"Дисплей для iPad Pro 12.9"" 2018/2020 (A1876/A1895/A2014/A2069/A2229/A2232/A2233) в сборе с тачскрином Черный - OR100 (Снятый, без ремонта)",17400 ₽,14790 ₽,/catalog/displei/displey-dlya-ipad-pro-12-9-2018-2020-a1876-a1895-a2014-a2069-a2229-a2232-a2233-v-sbore-s-tachskrinom/,2026-09-10 10:49:45
"Дисплей для iPhone 13 Pro (A2640) в сборе с тачскрином Черный - (Soft OLED, Full HD, 120 Гц) (с верификацией = с привязкой без ошибки)",7100 ₽,5990 ₽,/catalog/displei/displey-dlya-iphone-13-pro-a2640-v-sbore-s-tachskrinom-chernyy-soft-oled-full-hd-120-gts-s-verifikats/,2026-09-10 10:49:45
Дисплей для Samsung Galaxy J6 2018 (J600F) в сборе с тачскрином Черный - (In-Cell),750 ₽,630 ₽,/catalog/displei/displey-dlya-samsung-galaxy-j6-2018-j600f-v-sbore-s-tachskrinom-chernyy-in-cell/,2026-09-10 10:49:45
Дисплей для Huawei Honor Magic 7 Pro (PTP-AN10) в сборе с тачскрином Черный - OR,8900 ₽,7550 ₽,/catalog/displei/displey-dlya-huawei-honor-magic-7-pro-ptp-an10-v-sbore-s-tachskrinom-chernyy-or/,2026-09-10 10:49:45
Дисплей для Xiaomi Redmi Note 9S/9 Pro (M2003J6A1G/M2003J6B2G) в сборе с тачскрином Черный Mecanico - AMP,900 ₽,730 ₽,/catalog/displei/displey-dlya-xiaomi-redmi-note-9s-9-pro-m2003j6a1g-m2003j6b2g-v-sbore-s-tachskrinom-chernyy-mecanico/,2026-09-10 10:49:45
Дисплей для Doogee S100/S100 Pro в сборе с тачскрином Черный - Оптима,1400 ₽,1160 ₽,/catalog/displei/displey-dlya-doogee-s100-s100-pro-v-sbore-s-tachskrinom-chernyy-optima/,2026-09-10 10:49:45
Дисплей для iPhone 12 Pro Max (A2411) в сборе с тачскрином Черный - GX (Soft OLED) (площадка под IC),5700 ₽,4790 ₽,/catalog/displei/displey-dlya-iphone-12-pro-max-a2411-v-sbore-s-tachskrinom-chernyy-gx-soft-oled-ploshchadka-pod-ic/,2026-09-10 10:49:45
"Дисплей для iPhone 15 Pro Max (A3106) в сборе с тачскрином Черный - (Hard OLED, Full HD) (площадка под IC)",4700 ₽,3950 ₽,/catalog/displei/displey-dlya-iphone-15-pro-max-a3106-v-sbore-s-tachskrinom-chernyy-hard-oled-full-hd-ploshchadka-pod/,2026-09-10 10:49:45
Дисплей для Samsung Galaxy Note 20 Ultra (N985F/N986F) модуль с рамкой Коричневый - (OLED) (Full Size),7400 ₽,6290 ₽,/catalog/displei/displey-dlya-samsung-galaxy-note-20-ultra-n985f-n986f-modul-s-ramkoy-korichnevyy-oled-full-size/,2026-09-10 10:49:45
Дисплей для Xiaomi Redmi Note 12 4G (23021RAA2Y) модуль с рамкой Черный - OR (SP),9000 ₽,7690 ₽,/catalog/displei/displey-dlya-xiaomi-redmi-note-12-4g-23021raa2y-modul-s-ramkoy-chernyy-or-sp/,2026-09-10 10:49:45
"Дисплей для iPhone 15 Pro (A3102) в сборе с тачскрином Черный - (Hard OLED, Full HD) (площадка под IC)",4600 ₽,3890 ₽,/catalog/displei/displey-dlya-iphone-15-pro-a3102-v-sbore-s-tachskrinom-chernyy-hard-oled-full-hd-ploshchadka-pod-ic/,2026-09-10 10:49:45
Дисплей для Samsung Galaxy A06 4G (A065F) в сборе с тачскрином Черный Mecanico - AMP,850 ₽,720 ₽,/catalog/displei/displey-dlya-samsung-galaxy-a06-4g-a065f-v-sbore-s-tachskrinom-chernyy-mecanico-amp/,2026-09-10 10:49:45
Дисплей для TCL 30 SE/30E (6165H) в сборе с тачскрином Черный - Оптима,950 ₽,790 ₽,/catalog/displei/displey-dlya-tcl-30-se-30e-6165h-v-sbore-s-tachskrinom-chernyy-optima/,2026-09-10 10:49:45
Дисплей для iPhone 15 Pro Max (A3106) в сборе с тачскрином Черный - (In-Cell) (площадка под IC),2400 ₽,1990 ₽,/catalog/displei/displey-dlya-iphone-15-pro-max-a3106-v-sbore-s-tachskrinom-chernyy-in-cell-ploshchadka-pod-ic/,2026-09-10 10:49:45
Дисплей для Realme 8i/9i/Narzo 50 4G (RMX3151/RMX3491/RMX3286) в сборе с тачскрином Черный - Оптима,850 ₽,690 ₽,/catalog/displei/displey-dlya-realme-8i-9i-narzo-50-4g-rmx3151-rmx3491-rmx3286-v-sbore-s-tachskrinom-chernyy-optima/,2026-09-10 10:49:45
"Дисплей для Lenovo Tab M10 HD 2nd Gen10.1"" (TB-X306F) в сборе с тачскрином Черный - Оптима",2200 ₽,1880 ₽,/catalog/displei/displey-dlya-lenovo-tab-m10-hd-2nd-gen10-1-tb-x306f-v-sbore-s-tachskrinom-chernyy-optima/,2026-09-10 10:49:45
Дисплей для Xiaomi 13 (2211133C) в сборе с тачскрином Черный - OR,6200 ₽,5290 ₽,/catalog/displei/displey-dlya-xiaomi-13-2211133c-v-sbore-s-tachskrinom-chernyy-or/,2026-09-10 10:49:45
Дисплей для Xiaomi 11T Pro/11T (2107113SG/21081111RG) модуль с рамкой Черный - OR (SP),8000 ₽,6790 ₽,/catalog/displei/displey-dlya-xiaomi-11t-pro-11t-2107113sg-21081111rg-modul-s-ramkoy-chernyy-or-sp/,2026-09-10 10:49:45
Дисплей для Samsung Galaxy S20 Ultra (G988B) модуль с рамкой Черный - OR (SP),18800 ₽,15990 ₽,/catalog/displei/displey-dlya-samsung-galaxy-s20-ultra-g988b-modul-s-ramkoy-chernyy-or-sp/,2026-09-10 10:49:45
"Дисплей для Xiaomi Pad 8/8 Pro 11.2"" (25097RP43G/25091RP04G) в сборе с тачскрином Черный - OR",2500 ₽,2070 ₽,/catalog/displei/displey-dlya-xiaomi-pad-8-8-pro-11-2-25097rp43g-25091rp04g-v-sbore-s-tachskrinom-chernyy-or/,2026-09-10 10:49:45
Дисплей для Vivo V20 SE (V2023) в сборе с тачскрином Черный - (OLED),2300 ₽,1940 ₽,/catalog/displei/displey-dlya-vivo-v20-se-v2023-v-sbore-s-tachskrinom-chernyy-oled/,2026-09-10 10:49:45
Дисплей для OPPO Reno 12 F 4G (CPH2687) модуль с рамкой Черный - (OLED),2300 ₽,1960 ₽,/catalog/displei/displey-dlya-oppo-reno-12-f-4g-cph2687-modul-s-ramkoy-chernyy-oled/,2026-09-10 10:49:45
Дисплей для Huawei Honor X8a 4G/90 Lite (CRT-LX1/CRT-NX1) в сборе с тачскрином Черный - Оптима,850 ₽,690 ₽,/catalog/displei/displey-dlya-huawei-honor-x8a-4g-90-lite-crt-lx1-crt-nx1-v-sbore-s-tachskrinom-chernyy-optima/,2026-09-10 10:49:45
Дисплей для Xiaomi Redmi 10C (220333QNY) в сборе с тачскрином Черный - Оптима,700 ₽,590 ₽,/catalog/displei/displey-dlya-xiaomi-redmi-10c-220333qny-v-sbore-s-tachskrinom-chernyy-optima/,2026-09-10 10:49:45
Дисплей для Tecno Spark 8C (KG5n) в сборе с тачскрином Черный - Оптима,850 ₽,690 ₽,/catalog/displei/displey-dlya-tecno-spark-8c-kg5n-v-sbore-s-tachskrinom-chernyy-optima/,2026-09-10 10:49:45
Дисплей для Tecno Spark Go 2022 (KG5m) в сборе с тачскрином Черный - Оптима,850 ₽,690 ₽,/catalog/displei/displey-dlya-tecno-spark-go-2022-kg5m-v-sbore-s-tachskrinom-chernyy-optima/,2026-09-10 10:49:45
Дисплей для iPhone 16 (A3287) в сборе с тачскрином Черный - (In-Cell) Стандарт,1800 ₽,1490 ₽,/catalog/displei/displey-dlya-iphone-16-a3287-v-sbore-s-tachskrinom-chernyy-in-cell-standart/,2026-09-10 10:49:45
"Дисплей для iPhone 16 (A3287) в сборе с тачскрином Черный - (Soft OLED, Full HD) (с верификацией = с привязкой без ошибки)",8300 ₽,7030 ₽,/catalog/displei/displey-dlya-iphone-16-a3287-v-sbore-s-tachskrinom-chernyy-soft-oled-full-hd-s-verifikatsiey-s-privya/,2026-09-10 10:49:45
Дисплей для Xiaomi Poco X3 NFC/X3 Pro/Mi 10T Lite (M2007J17G/M2102J20SG/M2007J20CG) в сборе с тачскрином Черный - Стандарт (COG),700 ₽,590 ₽,/catalog/displei/displey-dlya-xiaomi-poco-x3-nfc-x3-pro-mi-10t-lite-m2007j20cg-v-sbore-s-tachskrinom-chernyy-standart/,2026-09-10 10:49:45
Дисплей для Tecno Spark Go 2024 (BG6) в сборе с тачскрином Черный - Оптима,900 ₽,730 ₽,/catalog/displei/displey-dlya-tecno-spark-go-2024-bg6-v-sbore-s-tachskrinom-chernyy-optima/,2026-09-10 10:49:45
Дисплей для Xiaomi Redmi 12 4G (23053RN02Y) в сборе с тачскрином Черный - Оптима,800 ₽,670 ₽,/catalog/displei/displey-dlya-xiaomi-redmi-12-4g-23053rn02y-v-sbore-s-tachskrinom-chernyy-optima/,2026-09-10 10:49:45
Дисплей для Tecno Pova Neo 2 (LG6n) в сборе с тачскрином Черный - Оптима,800 ₽,650 ₽,/catalog/displei/displey-dlya-tecno-pova-neo-2-lg6n-v-sbore-s-tachskrinom-chernyy-optima/,2026-09-10 10:49:45
Дисплей для Tecno Camon 20 Pro 4G/5G/20/20 Premier 5G (CK7n/CK8n/CK6n/CK9n) в сборе с тачскрином Черный - (OLED),2900 ₽,2440 ₽,/catalog/displei/displey-dlya-tecno-camon-20-pro-4g-5g-20-20-premier-5g-ck7n-ck8n-ck-1901c21d269c11eeb31c00155d59fe46/,2026-09-10 10:49:45
"Дисплей для iPhone 16e/17e (A3408/A3409/A3410/A3212/A3634) в сборе с тачскрином Черный - OR (Снятый, заменено ТОЛЬКО стекло)",7200 ₽,6080 ₽,/catalog/displei/displey-dlya-iphone-16e-17e-a3408-a3409-a3410-a3212-a3634-v-sbore-s-tachskrinom-chernyy-or-snyatyy-z/,2026-09-10 10:49:45
Дисплей для Samsung Galaxy A10/M10 (A105F/M105F) в сборе с тачскрином Черный - Оптима,650 ₽,540 ₽,/catalog/displei/displey-dlya-samsung-galaxy-a10-m10-a105f-m105f-v-sbore-s-tachskrinom-chernyy-optima/,2026-09-10 10:49:45
Дисплей для Xiaomi Redmi Note 9 (M2003J15SC/M2003J15SG) в сборе с тачскрином Черный - Оптима,800 ₽,660 ₽,/catalog/displei/displey-dlya-xiaomi-redmi-note-9-m2003j15sc-m2003j15sg-v-sbore-s-tachskrinom-chernyy-optima/,2026-09-10 10:49:45
Дисплей для Xiaomi Redmi Note 8/8 2021 (M1908C3JC/M1908C3JGG) в сборе с тачскрином Черный - Оптима,800 ₽,670 ₽,/catalog/displei/displey-dlya-xiaomi-redmi-note-8-8-2021-m1908c3jc-m1908c3jgg-v-sbore-s-tachskrinom-chernyy-optima/,2026-09-10 10:49:45
Дисплей для Samsung Galaxy S9 (G960F) модуль с рамкой Черный - (In-Cell),2400 ₽,1990 ₽,/catalog/displei/displey-dlya-samsung-galaxy-s9-g960f-modul-s-ramkoy-chernyy-in-cell/,2026-09-10 10:49:45
Дисплей для Xiaomi Poco X6 5G/Redmi Note 13 Pro 5G (23122PCD1G/2312DRA50C/2312CRAD3C/2312DRA50G/2312DRA50I) в сборе с тачскрином Черный - (OLED),2800 ₽,2330 ₽,/catalog/displei/displey-dlya-xiaomi-poco-x6-5g-redmi-note-13-pro-5g-23122pcd1g-2312dra50c-2312crad3c-2312dra50g-2312/,2026-09-10 10:49:45
Дисплей для Realme GT 6T (RMX3853) в сборе с тачскрином Черный - OR,7000 ₽,5970 ₽,/catalog/displei/displey-dlya-realme-gt-6t-rmx3853-v-sbore-s-tachskrinom-chernyy-or/,2026-09-10 10:49:45
Дисплей для Blackview BV5200/BV5200 Pro/BV5300/BV5300 Pro в сборе с тачскрином Черный - Оптима,1200 ₽,990 ₽,/catalog/displei/displey-dlya-blackview-bv5200-bv5200-pro-bv5300-bv5300-pro-v-sbore-s-tachskrinom-chernyy-optima/,2026-09-10 10:49:45
Дисплей для Infinix Hot 30 Play (X6835B) в сборе с тачскрином Черный - Оптима,850 ₽,720 ₽,/catalog/displei/displey-dlya-infinix-hot-30-play-x6835b-v-sbore-s-tachskrinom-chernyy-optima/,2026-09-10 10:49:45
"Дисплей для iPhone 13 Pro (A2640) в сборе с тачскрином Черный - (In-Cell, HD+) (площадка под IC)",1900 ₽,1590 ₽,/catalog/displei/displey-dlya-iphone-13-pro-a2640-v-sbore-s-tachskrinom-chernyy-in-cell-hd-ploshchadka-pod-ic/,2026-09-10 10:49:45
Дисплей для Samsung Galaxy Note 10 (N970F/N971F) модуль с рамкой Черный - (In-Cell),3100 ₽,2590 ₽,/catalog/displei/displey-dlya-samsung-galaxy-note-10-n970f-n971f-modul-s-ramkoy-chernyy-in-cell/,2026-09-10 10:49:45
Дисплей для Realme 12 Pro+ 5G (RMX3840/RMX3841) в сборе с тачскрином Черный - (OLED),2700 ₽,2290 ₽,/catalog/displei/displey-dlya-realme-12-pro-5g-rmx3840-rmx3841-v-sbore-s-tachskrinom-chernyy-oled/,2026-09-10 10:49:45
Дисплей для Samsung Galaxy S24 FE (S721B) модуль с рамкой Черный - (OLED) (Full Size),3300 ₽,2790 ₽,/catalog/displei/displey-dlya-samsung-galaxy-s24-fe-s721b-modul-s-ramkoy-chernyy-oled-full-size/,2026-09-10 10:49:45
Дисплей для iPhone 6S в сборе с тачскрином Черный - Оптима,850 ₽,690 ₽,/catalog/displei/displey-dlya-iphone-6s-v-sbore-s-tachskrinom-chernyy-optima/,2026-09-10 10:49:45
Дисплей для Samsung Galaxy S10 (G973F) модуль с рамкой Белый - OR (SP),13100 ₽,11190 ₽,/catalog/displei/displey-dlya-samsung-galaxy-s10-g973f-modul-s-ramkoy-belyy-or-sp/,2026-09-10 10:49:45
Дисплей для Vivo V29e (V2317) в сборе с тачскрином Черный - OR,4300 ₽,3630 ₽,/catalog/displei/displey-dlya-vivo-v29e-v2317-v-sbore-s-tachskrinom-chernyy-or/,2026-09-10 10:49:45
"Дисплей для iPad Pro 12.9"" 2021/2022 (A2378/A2379/A2461/A2462/A2436/A2764/A2437/A2766) в сборе с тачскрином Черный - OR100 (Снятый, без ремонта)",31300 ₽,26690 ₽,/catalog/displei/displey-dlya-ipad-pro-12-9-2021-2022-a2378-a2379-a2461-a2462-a2436-a2764-a2437-a2766-v-sbore-s-tachs/,2026-09-10 10:49:45
Дисплей для Samsung Galaxy S20 FE/S20 FE 5G (G780F/G781B) в сборе с тачскрином Черный - OR (SP),6700 ₽,5690 ₽,/catalog/displei/displey-dlya-samsung-galaxy-s20-fe-s20-fe-5g-g780f-g781b-v-sbore-s-tachskrinom-chernyy-or-sp/,2026-09-10 10:49:45
Дисплей для Samsung Galaxy J7 2017 (J730F) в сборе с тачскрином Черный - (OLED),1700 ₽,1380 ₽,/catalog/displei/displey-dlya-samsung-galaxy-j7-2017-j730f-v-sbore-s-tachskrinom-chernyy-oled/,2026-09-10 10:49:45
Дисплей для Samsung Galaxy Note 20 Ultra (N985F/N986F) модуль с рамкой Черный - (In-Cell),2600 ₽,2160 ₽,/catalog/displei/displey-dlya-samsung-galaxy-note-20-ultra-n985f-n986f-modul-s-ramkoy-chernyy-in-cell/,2026-09-10 10:49:45
Дисплей для Doogee V Max в сборе с тачскрином Черный - Оптима,1100 ₽,890 ₽,/catalog/displei/displey-dlya-doogee-v-max-v-sbore-s-tachskrinom-chernyy-optima/,2026-09-10 10:49:45
Дисплей для iPhone 12 Pro Max (A2411) в сборе с тачскрином Черный - (Hard OLED) Стандарт,3500 ₽,2990 ₽,/catalog/displei/displey-dlya-iphone-12-pro-max-a2411-v-sbore-s-tachskrinom-chernyy-hard-oled-standart/,2026-09-10 10:49:45
Дисплей для Samsung Galaxy J5 2017 (J530F) в сборе с тачскрином Черный - (OLED),1800 ₽,1470 ₽,/catalog/displei/displey-dlya-samsung-galaxy-j5-2017-j530f-v-sbore-s-tachskrinom-chernyy-oled/,2026-09-10 10:49:45
Дисплей для Tecno POP 6 Pro (BE8) в сборе с тачскрином Черный - Оптима,700 ₽,580 ₽,/catalog/displei/displey-dlya-tecno-pop-6-pro-be8-v-sbore-s-tachskrinom-chernyy-optima/,2026-09-10 10:49:45
"Дисплей для Itel A48 (L6006) в сборе с тачскрином Черный - OR (HD+, 300 Кд/м², 60 Гц)",950 ₽,790 ₽,/catalog/displei/displey-dlya-itel-a48-l6006-v-sbore-s-tachskrinom-chernyy-or/,2026-09-10 10:49:45
Дисплей для Samsung Galaxy A27 5G (A276B) модуль с рамкой Черный - OR (SP),6600 ₽,5590 ₽,/catalog/displei/displey-dlya-samsung-galaxy-a27-5g-a276b-modul-s-ramkoy-chernyy-or-sp/,2026-09-10 10:49:45
Дисплей для Realme C33 (RMX3624) в сборе с тачскрином Черный - Оптима,650 ₽,550 ₽,/catalog/displei/displey-dlya-realme-c33-rmx3624-v-sbore-s-tachskrinom-chernyy-optima/,2026-09-10 10:49:45
Дисплей для Samsung Galaxy A13 (A135F/A137F) в сборе с тачскрином Черный Mecanico - AMP,800 ₽,650 ₽,/catalog/displei/displey-dlya-samsung-galaxy-a13-a135f-a137f-v-sbore-s-tachskrinom-chernyy-mecanico-amp/,2026-09-10 10:49:45
Дисплей для Xiaomi 13 Ultra (2304FPN6DC) в сборе с тачскрином Черный - OR,8600 ₽,7350 ₽,/catalog/displei/displey-dlya-xiaomi-13-ultra-2304fpn6dc-v-sbore-s-tachskrinom-chernyy-or/,2026-09-10 10:49:45
Дисплей для Google Pixel 7 (GVU6C) в сборе с тачскрином Черный - OR,11600 ₽,9850 ₽,/catalog/displei/displey-dlya-google-pixel-7-gvu6c-v-sbore-s-tachskrinom-chernyy-or/,2026-09-10 10:49:45
Дисплей для Samsung Galaxy S25 Ultra (S938B) модуль с рамкой Серебро - OR (SP),19900 ₽,16990 ₽,/catalog/displei/displey-dlya-samsung-galaxy-s25-ultra-s938b-modul-s-ramkoy-serebro-or-sp/,2026-09-10 10:49:45
Дисплей для Xiaomi Mi A3 (M1906F9SH) в сборе с тачскрином Черный - (In-Cell),950 ₽,790 ₽,/catalog/displei/displey-dlya-xiaomi-mi-a3-m1906f9sh-v-sbore-s-tachskrinom-chernyy-in-cell/,2026-09-10 10:49:45
Дисплей для Tecno Spark Go 2023 (BF7) в сборе с тачскрином Черный - Оптима,700 ₽,580 ₽,/catalog/displei/displey-dlya-tecno-spark-go-2023-bf7-v-sbore-s-tachskrinom-chernyy-optima/,2026-09-10 10:49:45
Дисплей для Infinix Hot 12 Pro (X668C) в сборе с тачскрином Черный - Оптима,800 ₽,670 ₽,/catalog/displei/displey-dlya-infinix-hot-12-pro-x668c-v-sbore-s-tachskrinom-chernyy-optima/,2026-09-10 10:49:45
"Дисплей для iPhone 11 Pro Max (A2218) в сборе с тачскрином Черный - (Hard OLED, Full HD) (площадка под IC)",3300 ₽,2780 ₽,/catalog/displei/displey-dlya-iphone-11-pro-max-a2218-v-sbore-s-tachskrinom-chernyy-hard-oled-full-hd-ploshchadka-pod/,2026-09-10 10:49:45
Дисплей для Huawei Honor 8 Lite (PRA-TL10) в сборе с тачскрином Черный - Оптима,600 ₽,490 ₽,/catalog/displei/displey-dlya-huawei-honor-8-lite-pra-tl10-v-sbore-s-tachskrinom-chernyy-optima/,2026-09-10 10:49:45
Дисплей для Xiaomi Poco F7 Pro/F7 Ultra (24117RK2CG/24122RKC7G) в сборе с тачскрином Черный - OR,8100 ₽,6880 ₽,/catalog/displei/displey-dlya-xiaomi-poco-f7-pro-f7-ultra-24117rk2cg-24122rkc7g-v-sbore-s-tachskrinom-chernyy-or/,2026-09-10 10:49:45
Дисплей для Samsung Galaxy M55 5G (M556B) модуль с рамкой Черный - OR (SP),3600 ₽,3060 ₽,/catalog/displei/displey-dlya-samsung-galaxy-m55-5g-m556b-modul-s-ramkoy-chernyy-or-sp/,2026-09-10 10:49:45
Дисплей для Tecno Spark 20 Pro (KJ6) в сборе с тачскрином Черный - Оптима,800 ₽,670 ₽,/catalog/displei/displey-dlya-tecno-spark-20-pro-kj6-v-sbore-s-tachskrinom-chernyy-optima/,2026-09-10 10:49:45
Дисплей для Realme 9 (RMX3521) модуль с рамкой Черный - (In-Cell),1500 ₽,1220 ₽,/catalog/displei/displey-dlya-realme-9-rmx3521-modul-s-ramkoy-chernyy-in-cell/,2026-09-10 10:49:45
"Дисплей для Infinix Smart 7 (X6515) модуль с рамкой Черный - OR (HD+, 300 Кд/м², 60 Гц)",1300 ₽,1060 ₽,/catalog/displei/displey-dlya-infinix-smart-7-x6515-modul-s-ramkoy-chernyy-or/,2026-09-10 10:49:45
Дисплей для Samsung Galaxy A53 5G (A536B) модуль с рамкой Голубой - OR (SP),8200 ₽,6990 ₽,/catalog/displei/displey-dlya-samsung-galaxy-a53-5g-a536b-modul-s-ramkoy-goluboy-or-sp/,2026-09-10 10:49:45
Дисплей для Blackview BV9200 в сборе с тачскрином Черный - Оптима,1300 ₽,1090 ₽,/catalog/displei/displey-dlya-blackview-bv9200-v-sbore-s-tachskrinom-chernyy-optima/,2026-09-10 10:49:45
"Дисплей для Infinix XPAD 11"" (X1101) в сборе с тачскрином Черный - OR",2900 ₽,2440 ₽,/catalog/displei/displey-dlya-infinix-xpad-11-x1101-v-sbore-s-tachskrinom-chernyy-or/,2026-09-10 10:49:45
Дисплей для Xiaomi Poco M6 4G/Redmi 13 4G (2404APC5FG/24040RN64Y) в сборе с тачскрином Черный - Оптима,900 ₽,740 ₽,/catalog/displei/displey-dlya-xiaomi-poco-m6-4g-redmi-13-4g-2404apc5fg-24040rn64y-v-sbore-s-tachskrinom-chernyy-optim/,2026-09-10 10:49:45
Дисплей для Samsung Galaxy S8+ (G955F) модуль с рамкой Черный - (OLED),7400 ₽,6280 ₽,/catalog/displei/displey-dlya-samsung-galaxy-s8-g955f-modul-s-ramkoy-chernyy-oled/,2026-09-10 10:49:45
Дисплей для Itel Vision 3 (S661LPN) в сборе с тачскрином Черный - Оптима,800 ₽,650 ₽,/catalog/displei/displey-dlya-itel-vision-3-s661lpn-v-sbore-s-tachskrinom-chernyy-optima/,2026-09-10 10:49:45
Дисплей для Samsung Galaxy S22 (S901B) модуль с рамкой Черный - (In-Cell),2800 ₽,2360 ₽,/catalog/displei/displey-dlya-samsung-galaxy-s22-s901b-modul-s-ramkoy-chernyy-in-cell/,2026-09-10 10:49:45
Дисплей для Samsung Galaxy A21s (A217F) в сборе с тачскрином Черный - Оптима,750 ₽,630 ₽,/catalog/displei/displey-dlya-samsung-galaxy-a21s-a217f-v-sbore-s-tachskrinom-chernyy-optima/,2026-09-10 10:49:45
Дисплей для Samsung Galaxy S22 Ultra (S908B/S908E/S9080) модуль с рамкой Зеленый - OR (SP),21200 ₽,18090 ₽,/catalog/displei/displey-dlya-samsung-galaxy-s22-ultra-s908b-s9080-modul-s-ramkoy-zelenyy-or-sp/,2026-09-10 10:49:45
Дисплей для Tecno Spark 20 (KJ5) в сборе с тачскрином Черный - Оптима,850 ₽,690 ₽,/catalog/displei/displey-dlya-tecno-spark-20-kj5-v-sbore-s-tachskrinom-chernyy-optima/,2026-09-10 10:49:45
Дисплей для OPPO A17 (CPH2477) в сборе с тачскрином Черный - Оптима,750 ₽,640 ₽,/catalog/displei/displey-dlya-oppo-a17-cph2477-v-sbore-s-tachskrinom-chernyy-optima/,2026-09-10 10:49:45
Дисплей для Samsung Galaxy J5 Prime (G570F) в сборе с тачскрином Черный - Оптима,700 ₽,580 ₽,/catalog/displei/displey-dlya-samsung-galaxy-j5-prime-g570f-v-sbore-s-tachskrinom-chernyy-optima/,2026-09-10 10:49:45
"Дисплей для iPhone 11 Pro (A2215) в сборе с тачскрином Черный - OR100 (Снятый, без ремонта)",7300 ₽,6220 ₽,/catalog/displei/displey-dlya-iphone-11-pro-a2215-v-sbore-s-tachskrinom-chernyy-or100-snyatyy-bez-remonta/,2026-09-10 10:49:45
"Дисплей для Xiaomi Poco Pad M1 12.1"" (2509ARPBDG) в сборе с тачскрином Черный - OR",2800 ₽,2370 ₽,/catalog/displei/displey-dlya-xiaomi-poco-pad-m1-12-1-2509arpbdg-v-sbore-s-tachskrinom-chernyy-or/,2026-09-10 10:49:45
Дисплей для Samsung Galaxy M22 (M225F) модуль с рамкой Черный - (OLED),2300 ₽,1890 ₽,/catalog/displei/displey-dlya-samsung-galaxy-m22-m225f-modul-s-ramkoy-chernyy-oled/,2026-09-10 10:49:45
Дисплей для Samsung Galaxy M32 (M325F) модуль с рамкой Черный - OR (SP),5600 ₽,4720 ₽,/catalog/displei/displey-dlya-samsung-galaxy-m32-m325f-modul-s-ramkoy-chernyy-or-sp/,2026-09-10 10:49:45
"Дисплей для iPhone 13 Pro Max (A2645) в сборе с тачскрином Черный - (In-Cell, HD+) (площадка под IC)",2000 ₽,1690 ₽,/catalog/displei/displey-dlya-iphone-13-pro-max-a2645-v-sbore-s-tachskrinom-chernyy-in-cell-hd-ploshchadka-pod-ic/,2026-09-10 10:49:45
"Дисплей для Apple Watch SE 2022 44 мм в сборе с тачскрином Черный - OR100 (Снятый, без ремонта)",7300 ₽,6190 ₽,/catalog/displei/displey-dlya-apple-watch-se-2022-44-mm-v-sbore-s-tachskrinom-chernyy-or100-snyatyy-bez-remonta/,2026-09-10 10:49:45
Дисплей для Xiaomi Mi 6X/A2 в сборе с тачскрином Черный - Оптима,800 ₽,660 ₽,/catalog/displei/displey-dlya-xiaomi-mi-6x-a2-v-sbore-s-tachskrinom-chernyy-optima/,2026-09-10 10:49:45
Дисплей для Infinix Note 30 Pro/GT 10 Pro (X678B/X6739) в сборе с тачскрином Черный - (OLED),2600 ₽,2220 ₽,/catalog/displei/displey-dlya-infinix-note-30-pro-gt-10-pro-x678b-x6739-v-sbore-s-tachskrinom-chernyy-oled/,2026-09-10 10:49:45
Дисплей для Samsung Galaxy J4 2018 (J400F) в сборе с тачскрином Золото - (OLED),1800 ₽,1460 ₽,/catalog/displei/displey-dlya-samsung-galaxy-j4-2018-j400f-v-sbore-s-tachskrinom-zoloto-oled/,2026-09-10 10:49:45
Дисплей для Huawei Honor View 30 Pro (OXF-AN10) в сборе с тачскрином Черный - OR,1400 ₽,1190 ₽,/catalog/displei/displey-dlya-huawei-honor-view-30-pro-oxf-an10-v-sbore-s-tachskrinom-chernyy-or/,2026-09-10 10:49:45
Дисплей для Xiaomi Pocophone F1 (M1805E10A) в сборе с тачскрином Черный - Оптима,850 ₽,720 ₽,/catalog/displei/displey-dlya-xiaomi-pocophone-f1-m1805e10a-v-sbore-s-tachskrinom-chernyy-optima/,2026-09-10 10:49:45
Дисплей для Samsung Galaxy A56 5G (A566B) модуль с рамкой Зеленый - OR (SP),7800 ₽,6630 ₽,/catalog/displei/displey-dlya-samsung-galaxy-a56-5g-a566b-modul-s-ramkoy-zelenyy-or-sp/,2026-09-10 10:49:45
Дисплей для Infinix Hot 50 4G (X6882) в сборе с тачскрином Черный - Оптима,950 ₽,770 ₽,/catalog/displei/displey-dlya-infinix-hot-50-4g-x6882-v-sbore-s-tachskrinom-chernyy-optima/,2026-09-10 10:49:45
Дисплей для Blackview BV4800/BV4800 Pro в сборе с тачскрином Черный - Оптима,1100 ₽,920 ₽,/catalog/displei/displey-dlya-blackview-bv4800-bv4800-pro-v-sbore-s-tachskrinom-chernyy-optima/,2026-09-10 10:49:45
Дисплей для Tecno Spark 20C (BG7n) в сборе с тачскрином Черный - Оптима,850 ₽,690 ₽,/catalog/displei/displey-dlya-tecno-spark-20c-bg7n-v-sbore-s-tachskrinom-chernyy-optima/,2026-09-10 10:49:45
Дисплей для Samsung Galaxy A20 (A205F) модуль с рамкой Черный - OR (SP),3800 ₽,3180 ₽,/catalog/displei/displey-dlya-samsung-galaxy-a20-a205f-modul-s-ramkoy-chernyy-or-sp/,2026-09-10 10:49:45
Дисплей для Huawei P30 (ELE-L29) модуль с рамкой Синий - OR,3900 ₽,3250 ₽,/catalog/displei/displey-dlya-huawei-p30-ele-l29-modul-s-ramkoy-siniy-or/,2026-09-10 10:49:45
"Дисплей для iPhone 17 Pro Max (A3526) в сборе с тачскрином Черный - (In-Cell, Full HD, 120 Гц) (площадка под IC)",3800 ₽,3190 ₽,/catalog/displei/displey-dlya-iphone-17-pro-max-a3526-v-sbore-s-tachskrinom-chernyy-in-cell-full-hd-120-gts-ploshchad/,2026-09-10 10:49:45
Дисплей для Realme 6s (RMX2002) в сборе с тачскрином Черный - Оптима,850 ₽,690 ₽,/catalog/displei/displey-dlya-realme-6s-rmx2002-v-sbore-s-tachskrinom-chernyy-optima/,2026-09-10 10:49:45
"Дисплей для Infinix Hot 12i (X665B) в сборе с тачскрином Черный - OR (HD+, 300 Кд/м², 60 Гц)",850 ₽,720 ₽,/catalog/displei/displey-dlya-infinix-hot-12i-x665b-v-sbore-s-tachskrinom-chernyy-or/,2026-09-10 10:49:45
"Дисплей для Lenovo Tab M10 Plus Gen 3/Xiaoxin Pad 2022 10.6"" (TB-128FU/TB-128XU/TB-125FU) в сборе с тачскрином Черный - Оптима",2600 ₽,2190 ₽,/catalog/displei/displey-dlya-lenovo-tab-m10-plus-gen-3-xiaoxin-pad-2022-10-6-tb-128fu-tb-128xu-tb-125fu-v-sbore-s-ta/,2026-09-10 10:49:45
Дисплей для Xiaomi Redmi 12C/Poco C55 (22120RN86G) в сборе с тачскрином Черный Mecanico - AMP,750 ₽,630 ₽,/catalog/displei/displey-dlya-xiaomi-redmi-12c-poco-c55-22120rn86g-v-sbore-s-tachskrinom-chernyy-mecanico-amp/,2026-09-10 10:49:45
Дисплей для Samsung Galaxy S8+ (G955F) модуль с рамкой Черный - (In-Cell),2300 ₽,1950 ₽,/catalog/displei/displey-dlya-samsung-galaxy-s8-g955f-modul-s-ramkoy-chernyy-in-cell/,2026-09-10 10:49:45
"Дисплей для iPhone 15 Pro Max (A3106) в сборе с тачскрином Черный - OR100 (Снятый, без ремонта)",30700 ₽,26190 ₽,/catalog/displei/displey-dlya-iphone-15-pro-max-a3106-v-sbore-s-tachskrinom-chernyy-or100-snyatyy-bez-remonta/,2026-09-10 10:49:45
Дисплей для Huawei P50 (ABR-LX9) модуль с рамкой Черный - OR,5400 ₽,4530 ₽,/catalog/displei/displey-dlya-huawei-p50-abr-lx9-modul-s-ramkoy-chernyy-or/,2026-09-10 10:49:45
Дисплей для Samsung Galaxy A6 2018 (A600F) в сборе с тачскрином Черный - (In-Cell),850 ₽,690 ₽,/catalog/displei/displey-dlya-samsung-galaxy-a6-2018-a600f-v-sbore-s-tachskrinom-chernyy-in-cell/,2026-09-10 10:49:45
Дисплей для Samsung Galaxy A31 (A315F) модуль с рамкой Черный - (In-Cell) - Премиум,1400 ₽,1190 ₽,/catalog/displei/displey-dlya-samsung-galaxy-a31-a315f-modul-s-ramkoy-chernyy-in-cell-premium/,2026-09-10 10:49:45
Дисплей для Xiaomi 12 Lite (2203129G) в сборе с тачскрином Черный - (OLED),2500 ₽,2130 ₽,/catalog/displei/displey-dlya-xiaomi-12-lite-2203129g-v-sbore-s-tachskrinom-chernyy-oled/,2026-09-10 10:49:45
Дисплей для Huawei Nova 12i (CTR-L81) в сборе с тачскрином Черный - Оптима,800 ₽,680 ₽,/catalog/displei/displey-dlya-huawei-nova-12i-ctr-l81-v-sbore-s-tachskrinom-chernyy-optima/,2026-09-10 10:49:45
"Дисплей для Samsung Galaxy J2 Core 2018 (J260F) в сборе с тачскрином Черный - OR (Full HD, 300 Кд/м², 60 Гц)",800 ₽,650 ₽,/catalog/displei/displey-dlya-samsung-galaxy-j2-core-2018-j260f-v-sbore-s-tachskrinom-chernyy-or/,2026-09-10 10:49:45
Дисплей для Huawei Honor 50 Lite/Nova 8i/X20 (NTN-LX1/NEN-LX1/NTN-AN20) в сборе с тачскрином Черный - Стандарт (COG),900 ₽,740 ₽,/catalog/displei/displey-dlya-huawei-honor-50-lite-nova-8i-x20-ntn-lx1-nen-lx1-ntn-a-6165b706081a11edb31400155d59fe0b/,2026-09-10 10:49:45
Дисплей для Huawei Nova 11i (MAO-LX9N) в сборе с тачскрином Черный - Стандарт,900 ₽,760 ₽,/catalog/displei/displey-dlya-huawei-nova-11i-mao-lx9n-v-sbore-s-tachskrinom-chernyy-standart/,2026-09-10 10:49:45
Дисплей для Samsung Galaxy A54 5G (A546E) модуль с рамкой Черный - Сервисный Оригинал,6000 ₽,5050 ₽,/catalog/displei/displey-dlya-samsung-galaxy-a54-5g-a546e-modul-s-ramkoy-chernyy-servisnyy-original/,2026-09-10 10:49:45
"Дисплей для Blackview Tab 16 LTE 11"" в сборе с тачскрином Черный - Оптима",4200 ₽,3540 ₽,/catalog/displei/displey-dlya-blackview-tab-16-lte-11-v-sbore-s-tachskrinom-chernyy-optima/,2026-09-10 10:49:45
"Дисплей для Infinix Hot 10S (X689D) в сборе с тачскрином Черный - OR (HD+, 300 Кд/м², 90 Гц)",850 ₽,690 ₽,/catalog/displei/displey-dlya-infinix-hot-10s-x689d-v-sbore-s-tachskrinom-chernyy-or/,2026-09-10 10:49:45
Дисплей для Huawei Nova Y90 (CTR-LX1) модуль с рамкой Голубой - OR,1800 ₽,1490 ₽,/catalog/displei/displey-dlya-huawei-nova-y90-ctr-lx1-modul-s-ramkoy-goluboy-or/,2026-09-10 10:49:45
"Дисплей для Apple Watch 7 45 мм в сборе с тачскрином Черный - OR100 (Снятый, без ремонта)",5300 ₽,4470 ₽,/catalog/displei/displey-dlya-apple-watch-7-45-mm-v-sbore-s-tachskrinom-chernyy-or100-snyatyy-bez-remonta/,2026-09-10 10:49:45
Дисплей для Xiaomi Redmi Note 13 Pro 4G (23117RA68G) модуль с рамкой Черный - OR (SP),5800 ₽,4930 ₽,/catalog/displei/displey-dlya-xiaomi-redmi-note-13-pro-4g-23117ra68g-modul-s-ramkoy-chernyy-or-sp/,2026-09-10 10:49:45
Дисплей для Xiaomi Redmi Note 14 4G (EU version) (24117RN76E) модуль с рамкой Черный - OR (SP),4600 ₽,3870 ₽,/catalog/displei/displey-dlya-xiaomi-redmi-note-14-4g-eu-version-24117rn76e-modul-s-ramkoy-chernyy-or-sp/,2026-09-10 10:49:45
Дисплей для Infinix GT 20 Pro (X6871) в сборе с тачскрином Черный - (In-Cell),1000 ₽,830 ₽,/catalog/displei/displey-dlya-infinix-gt-20-pro-x6871-v-sbore-s-tachskrinom-chernyy-in-cell/,2026-09-10 10:49:45
Дисплей для Huawei Nova Y70/Y70 Plus/Y71/Enjoy 50 (MGA-LX9N) в сборе с тачскрином Черный Mecanico - AMP,850 ₽,690 ₽,/catalog/displei/displey-dlya-huawei-nova-y70-y70-plus-y71-enjoy-50-mga-lx9n-v-sbore-s-tachskrinom-chernyy-mecanico-a/,2026-09-10 10:49:45
Дисплей для Infinix Smart 9/9 HD (X6532/X6532C) в сборе с тачскрином Черный - Оптима,850 ₽,690 ₽,/catalog/displei/displey-dlya-infinix-smart-9-9-hd-x6532-x6532c-v-sbore-s-tachskrinom-chernyy-optima/,2026-09-10 10:49:45
"Дисплей для Tecno Camon 17P (CG7n) в сборе с тачскрином Черный - OR (Full HD, 300 Кд/м², 60 Гц)",1200 ₽,990 ₽,/catalog/displei/displey-dlya-tecno-camon-17p-cg7n-v-sbore-s-tachskrinom-chernyy-or/,2026-09-10 10:49:45
Дисплей для Samsung Galaxy M52 5G (M526B) модуль с рамкой Черный - (OLED) (Full Size),3100 ₽,2570 ₽,/catalog/displei/displey-dlya-samsung-galaxy-m52-5g-m526b-modul-s-ramkoy-chernyy-oled-full-size/,2026-09-10 10:49:45
Дисплей для Samsung Galaxy A03s (A037F) в сборе с тачскрином Черный - Оптима,750 ₽,640 ₽,/catalog/displei/displey-dlya-samsung-galaxy-a03s-a037f-v-sbore-s-tachskrinom-chernyy-optima/,2026-09-10 10:49:45
Дисплей для OPPO Reno 11 F 5G (CPH2603) в сборе с тачскрином Черный - OR,3700 ₽,3150 ₽,/catalog/displei/displey-dlya-oppo-reno-11-f-5g-cph2603-v-sbore-s-tachskrinom-chernyy-or/,2026-09-10 10:49:45
Дисплей для Tecno Camon 30S (CLA5) в сборе с тачскрином Черный - (OLED),3200 ₽,2730 ₽,/catalog/displei/displey-dlya-tecno-camon-30s-cla5-v-sbore-s-tachskrinom-chernyy-oled/,2026-09-10 10:49:45
Дисплей для Itel Vision 3 Plus (P682LPN) в сборе с тачскрином Черный - Оптима,850 ₽,690 ₽,/catalog/displei/displey-dlya-itel-vision-3-plus-p682lpn-v-sbore-s-tachskrinom-chernyy-optima/,2026-09-10 10:49:45
"Дисплей для Huawei Honor MagicPad 2 12.3"" (ROD2-W09) в сборе с тачскрином Черный - OR",17900 ₽,15290 ₽,/catalog/displei/displey-dlya-huawei-honor-magicpad-2-12-3-rod2-w09-v-sbore-s-tachskrinom-chernyy-or/,2026-09-10 10:49:45
Дисплей для Google Pixel 5a (G1F8F/G4S1M) в сборе с тачскрином Черный - OR,5800 ₽,4930 ₽,/catalog/displei/displey-dlya-google-pixel-5a-g1f8f-g4s1m-v-sbore-s-tachskrinom-chernyy-or/,2026-09-10 10:49:45
Дисплей для Infinix Hot 10 Lite (X657B) в сборе с тачскрином Черный - Оптима,700 ₽,590 ₽,/catalog/displei/displey-dlya-infinix-hot-10-lite-x657b-v-sbore-s-tachskrinom-chernyy-optima/,2026-09-10 10:49:45
Дисплей для Samsung Galaxy S21 Ultra (G998B) модуль с рамкой Черный - Сервисный оригинал,19700 ₽,16790 ₽,/catalog/displei/displey-dlya-samsung-galaxy-s21-ultra-g998b-modul-s-ramkoy-chernyy-servisnyy-original/,2026-09-10 10:49:45
Дисплей для ZTE Blade V2020 Smart в сборе с тачскрином Черный - Оптима,1000 ₽,830 ₽,/catalog/displei/displey-dlya-zte-blade-v2020-smart-v-sbore-s-tachskrinom-chernyy-optima/,2026-09-10 10:49:45
Дисплей для OPPO A12 (CPH2083) в сборе с тачскрином Черный - Оптима,700 ₽,560 ₽,/catalog/displei/displey-dlya-oppo-a12-cph2083-v-sbore-s-tachskrinom-chernyy-optima/,2026-09-10 10:49:45
Дисплей для Huawei Honor X6/X8 5G (VNE-LX1/VNE-N41) в сборе с тачскрином Черный Mecanico - AMP,850 ₽,690 ₽,/catalog/displei/displey-dlya-huawei-honor-x6-x8-5g-vne-lx1-vne-n41-v-sbore-s-tachskrinom-chernyy-mecanico-amp/,2026-09-10 10:49:45
Дисплей для Tecno Phantom X2/X2 Pro (AD8/AD9) в сборе с тачскрином Черный - OR,3900 ₽,3290 ₽,/catalog/displei/displey-dlya-tecno-phantom-x2-x2-pro-ad8-ad9-v-sbore-s-tachskrinom-chernyy-or/,2026-09-10 10:49:45
Дисплей для Xiaomi Redmi A3/Poco C61 (23129RN51X/2312BPC51X) в сборе с тачскрином Черный Mecanico - AMP,800 ₽,680 ₽,/catalog/displei/displey-dlya-xiaomi-redmi-a3-poco-c61-23129rn51x-2312bpc51x-v-sbore-s-tachskrinom-chernyy-mecanico-a/,2026-09-10 10:49:45
Дисплей для Realme C3/5/6i/OPPO A5 2020/A9 2020/A31 (RMX2020/RMX1927/RMX2001/CPH1931/CPH1941/CPH2015) в сборе с тачскрином Черный - Оптима,800 ₽,660 ₽,/catalog/displei/displey-dlya-realme-c3-5-6i-oppo-a5-2020-a9-2020-a31-rmx2020-rmx1927-rmx2001-cph1931-cph1941-cph2015/,2026-09-10 10:49:45
"Дисплей для Samsung Galaxy S24 Ultra (S928B) модуль с рамкой Черный - (Soft OLED, 120 Гц) (Full Size)",13800 ₽,11790 ₽,/catalog/displei/displey-dlya-samsung-galaxy-s24-ultra-s928b-modul-s-ramkoy-chernyy-soft-oled-120-gts-full-size/,2026-09-10 10:49:45
"Дисплей для iPhone 14 Pro (A2891) в сборе с тачскрином Черный - (Hard OLED, Full HD) (площадка под IC)",4400 ₽,3730 ₽,/catalog/displei/displey-dlya-iphone-14-pro-a2891-v-sbore-s-tachskrinom-chernyy-hard-oled-full-hd-ploshchadka-pod-ic/,2026-09-10 10:49:45
"Дисплей для Lenovo Tab M10 10.1"" (TB-X505X) в сборе с тачскрином Черный - Оптима",2100 ₽,1750 ₽,/catalog/displei/displey-dlya-lenovo-tab-m10-10-1-tb-x505x-v-sbore-s-tachskrinom-chernyy-optima/,2026-09-10 10:49:45
Дисплей для Realme 13+ 5G (RMX5000/RMX5002) в сборе с тачскрином Черный - (OLED),2500 ₽,2090 ₽,/catalog/displei/displey-dlya-realme-13-5g-rmx5000-rmx5002-v-sbore-s-tachskrinom-chernyy-oled/,2026-09-10 10:49:45
Дисплей для Xiaomi 15 Ultra (25010PN30G) в сборе с тачскрином Черный - OR,6500 ₽,5490 ₽,/catalog/displei/displey-dlya-xiaomi-15-ultra-25010pn30g-v-sbore-s-tachskrinom-chernyy-or/,2026-09-10 10:49:45
"Дисплей для Huawei MediaPad T3 8"" (KOB-L09) в сборе с тачскрином Черный - Оптима",1500 ₽,1270 ₽,/catalog/displei/displey-dlya-huawei-mediapad-t3-8-kob-l09-v-sbore-s-tachskrinom-chernyy-optima/,2026-09-10 10:49:45
Дисплей для Samsung Galaxy A01/M01 (A015F/M015F) в сборе с тачскрином Черный (Широкий коннектор) - Оптима,700 ₽,590 ₽,/catalog/displei/displey-dlya-samsung-galaxy-a01-m01-a015f-m015f-v-sbore-s-tachskrinom-chernyy-shirokiy-konnektor-opt/,2026-09-10 10:49:45
Дисплей для iPhone 14 Pro Max (A2895) в сборе с тачскрином Черный - (FOG),10500 ₽,8890 ₽,/catalog/displei/displey-dlya-iphone-14-pro-max-a2895-v-sbore-s-tachskrinom-chernyy-fog/,2026-09-10 10:49:45
Дисплей для Realme 7 Pro (RMX2170) в сборе с тачскрином Черный - (OLED),3800 ₽,3170 ₽,/catalog/displei/displey-dlya-realme-7-pro-rmx2170-v-sbore-s-tachskrinom-chernyy-oled/,2026-09-10 10:49:45
Дисплей для Motorola Moto G9 Play/E7 Plus (XT2083) в сборе с тачскрином Черный - Оптима,800 ₽,660 ₽,/catalog/displei/displey-dlya-motorola-moto-g9-play-e7-plus-xt2083-v-sbore-s-tachskrinom-chernyy-optima/,2026-09-10 10:49:45
Дисплей для iPhone 13 Pro (A2640) в сборе с тачскрином Черный - (In-Cell) (площадка под IC),2500 ₽,2090 ₽,/catalog/displei/displey-dlya-iphone-13-pro-a2640-v-sbore-s-tachskrinom-chernyy-in-cell-ploshchadka-pod-ic/,2026-09-10 10:49:45
Дисплей для Huawei Honor X8 4G (TFY-LX1) в сборе с тачскрином Черный - Оптима,850 ₽,690 ₽,/catalog/displei/displey-dlya-huawei-honor-x8-4g-tfy-lx1-v-sbore-s-tachskrinom-chernyy-optima/,2026-09-10 10:49:45
Дисплей для Huawei Nova Y70/Y70 Plus/Y71/Enjoy 50 (MGA-LX9N) в сборе с тачскрином Черный - Оптима,800 ₽,670 ₽,/catalog/displei/displey-dlya-huawei-nova-y70-y70-plus-y71-enjoy-50-mga-lx9n-v-sbore-s-tachskrinom-chernyy-optima/,2026-09-10 10:49:45
"Дисплей для iPad 11 11"" 2025 (A3355) - OR",11900 ₽,10090 ₽,/catalog/displei/displey-dlya-ipad-11-11-2025-a3355-or/,2026-09-10 10:49:45
Дисплей для Huawei Watch GT 2 (46 мм) в сборе с тачскрином Черный - OR,1900 ₽,1560 ₽,/catalog/displei/displey-dlya-huawei-watch-gt-2-46-mm-v-sbore-s-tachskrinom-chernyy-or/,2026-09-10 10:49:45
"Дисплей для iPhone 12 Pro Max (A2411) в сборе с тачскрином Черный - JCID (Hard OLED, Full HD) (с верификацией = с привязкой без ошибки)",5600 ₽,4750 ₽,/catalog/displei/displey-dlya-iphone-12-pro-max-a2411-v-sbore-s-tachskrinom-chernyy-jcid-hard-oled-full-hd-s-verifika/,2026-09-10 10:49:45
Дисплей для Samsung Galaxy A21s (A217F) в сборе с тачскрином Черный Mecanico - AMP,850 ₽,690 ₽,/catalog/displei/displey-dlya-samsung-galaxy-a21s-a217f-v-sbore-s-tachskrinom-chernyy-mecanico-amp/,2026-09-10 10:49:45
Дисплей для Huawei Honor 9A/Y6p (MOA-LX9N/MED-LX9N) в сборе с тачскрином Черный - Оптима,800 ₽,670 ₽,/catalog/displei/displey-dlya-huawei-honor-9a-y6p-moa-lx9n-med-lx9n-v-sbore-s-tachskrinom-chernyy-optima/,2026-09-10 10:49:45
"Дисплей для iPhone 13 Pro Max (A2645) в сборе с тачскрином Черный - (Soft OLED, Full HD, 120 Гц) (с верификацией = с привязкой без ошибки)",7300 ₽,6170 ₽,/catalog/displei/displey-dlya-iphone-13-pro-max-a2645-v-sbore-s-tachskrinom-chernyy-soft-oled-full-hd-120-gts-s-verif/,2026-09-10 10:49:45
"Дисплей для iPhone 15 (A3090) в сборе с тачскрином Черный - (Hard OLED, Full HD) (площадка под IC)",5500 ₽,4690 ₽,/catalog/displei/displey-dlya-iphone-15-a3090-v-sbore-s-tachskrinom-chernyy-hard-oled-full-hd-ploshchadka-pod-ic/,2026-09-10 10:49:45
Дисплей для Tecno Spark 9 Pro/9T/9 Pro Sport (KH7n) в сборе с тачскрином Черный - Оптима,650 ₽,530 ₽,/catalog/displei/displey-dlya-tecno-spark-9-pro-9t-9-pro-sport-kh7n-v-sbore-s-tachskrinom-chernyy-optima/,2026-09-10 10:49:45
Дисплей для Huawei Honor 70 (FNE-NX9) в сборе с тачскрином Черный - OR,3500 ₽,2990 ₽,/catalog/displei/displey-dlya-huawei-honor-70-fne-nx9-v-sbore-s-tachskrinom-chernyy-754b52dc37bb11f1b33200155d59fe46/,2026-09-10 10:49:45
Дисплей для Asus ZenFone Max Pro M2 (ZB631KL) в сборе с тачскрином Черный - Оптима,1100 ₽,860 ₽,/catalog/displei/displey-dlya-asus-zenfone-max-pro-m2-zb631kl-v-sbore-s-tachskrinom-chernyy-optima/,2026-09-10 10:49:45
"Дисплей для iPhone 13 Pro Max (A2645) в сборе с тачскрином Черный - (Hard OLED, Full HD) (площадка под IC)",4000 ₽,3390 ₽,/catalog/displei/displey-dlya-iphone-13-pro-max-a2645-v-sbore-s-tachskrinom-chernyy-hard-oled-full-hd-ploshchadka-pod/,2026-09-10 10:49:45
"Дисплей для iPhone 15 Pro (A3102) в сборе с тачскрином Черный - (In-Cell, Full HD, 120 Гц) (с верификацией = с привязкой без ошибки)",5600 ₽,4750 ₽,/catalog/displei/displey-dlya-iphone-15-pro-a3102-v-sbore-s-tachskrinom-chernyy-in-cell-full-hd-120-gts-s-verifikatsi/,2026-09-10 10:49:45
Дисплей для iPhone 12 Pro Max (A2411) в сборе с тачскрином Черный - (FOG),4700 ₽,3990 ₽,/catalog/displei/displey-dlya-iphone-12-pro-max-a2411-v-sbore-s-tachskrinom-chernyy-fog/,2026-09-10 10:49:45
Дисплей для Xiaomi Poco M3 Pro 5G/Redmi Note 10T/10 5G (M2103K19Y/M2103K19PG/M2103K19G) в сборе с тачскрином Черный - Оптима,900 ₽,740 ₽,/catalog/displei/displey-dlya-xiaomi-poco-m3-pro-5g-redmi-note-10t-10-5g-m2103k19y-m2103k19pg-m2103k19g-v-sbore-s-tach/,2026-09-10 10:49:45
Дисплей для Oukitel WP16 в сборе с тачскрином Черный - Оптима,1400 ₽,1150 ₽,/catalog/displei/displey-dlya-oukitel-wp16-v-sbore-s-tachskrinom-chernyy-optima/,2026-09-10 10:49:45
"Дисплей для Xiaomi Redmi 6/6A (M1804C3DH) в сборе с тачскрином Черный - OR (HD+, 300 Кд/м², 60 Гц)",750 ₽,630 ₽,/catalog/displei/displey-dlya-xiaomi-redmi-6-6a-m1804c3dh-v-sbore-s-tachskrinom-chernyy-or/,2026-09-10 10:49:45
Дисплей для Xiaomi Redmi A3/Poco C61 (23129RN51X/2312BPC51X) в сборе с тачскрином Черный - Оптима,850 ₽,690 ₽,/catalog/displei/displey-dlya-xiaomi-redmi-a3-poco-c61-23129rn51x-2312bpc51x-v-sbore-s-tachskrinom-chernyy-optima/,2026-09-10 10:49:45
Дисплей для Tecno Pova 4 (LG7n) в сборе с тачскрином Черный - Оптима,850 ₽,690 ₽,/catalog/displei/displey-dlya-tecno-pova-4-lg7n-v-sbore-s-tachskrinom-chernyy-optima/,2026-09-10 10:49:45
Дисплей для Oukitel WP55 Pro/WP55/WP55S в сборе с тачскрином Черный - Оптима,1300 ₽,1070 ₽,/catalog/displei/displey-dlya-oukitel-wp55-pro-wp55-wp55s-v-sbore-s-tachskrinom-chernyy-optima/,2026-09-10 10:49:45
"Дисплей для iPhone 14 Plus (A2887) в сборе с тачскрином Черный - (Soft OLED, Full HD) (с верификацией = с привязкой без ошибки)",5500 ₽,4650 ₽,/catalog/displei/displey-dlya-iphone-14-plus-a2887-v-sbore-s-tachskrinom-chernyy-soft-oled-full-hd-s-verifikatsiey-s-/,2026-09-10 10:49:45
"Дисплей для iPhone 15 Pro (A3102) в сборе с тачскрином Черный - (In-Cell, HD+) (площадка под IC)",2100 ₽,1720 ₽,/catalog/displei/displey-dlya-iphone-15-pro-a3102-v-sbore-s-tachskrinom-chernyy-in-cell-hd-ploshchadka-pod-ic/,2026-09-10 10:49:45
Дисплей для Huawei Honor X7/Play6/Enjoy 30 Plus (CMA-LX1/CMA-LX2) в сборе с тачскрином Черный - Оптима,750 ₽,640 ₽,/catalog/displei/displey-dlya-huawei-honor-x7-play6-enjoy-30-plus-cma-lx1-cma-lx2-v-sbore-s-tachskrinom-chernyy-optim/,2026-09-10 10:49:45
Дисплей для Huawei Nova 9 (NAM-LX9) в сборе с тачскрином Черный - (OLED),3500 ₽,2990 ₽,/catalog/displei/displey-dlya-huawei-nova-9-nam-lx9-v-sbore-s-tachskrinom-chernyy-oled/,2026-09-10 10:49:45
Дисплей для Samsung Galaxy A33 5G (A336B) модуль с рамкой Черный - OR (SP),6800 ₽,5790 ₽,/catalog/displei/displey-dlya-samsung-galaxy-a33-5g-a336b-modul-s-ramkoy-chernyy-or-sp/,2026-09-10 10:49:45
Дисплей для Samsung Galaxy A35 5G (A356E) модуль с рамкой Голубой - OR (SP),6100 ₽,5140 ₽,/catalog/displei/displey-dlya-samsung-galaxy-a35-5g-a356e-modul-s-ramkoy-goluboy-or-sp/,2026-09-10 10:49:45
Дисплей для Samsung Galaxy M52 5G (M526B) модуль с рамкой Черный - OR (SP),6500 ₽,5490 ₽,/catalog/displei/displey-dlya-samsung-galaxy-m52-5g-m526b-modul-s-ramkoy-chernyy-or-sp/,2026-09-10 10:49:45
"Дисплей для Realme 12 5G (RMX3999) в сборе с тачскрином Черный - OR (Full HD, 300 Кд/м², 120 Гц)",900 ₽,750 ₽,/catalog/displei/displey-dlya-realme-12-5g-rmx3999-v-sbore-s-tachskrinom-chernyy-or/,2026-09-10 10:49:45
Дисплей для Oukitel WP26 в сборе с тачскрином Черный - Оптима,1200 ₽,960 ₽,/catalog/displei/displey-dlya-oukitel-wp26-v-sbore-s-tachskrinom-chernyy-optima/,2026-09-10 10:49:45
Дисплей для Samsung Galaxy S20 Ultra (G988B) модуль с рамкой Черный - (In-Cell),3000 ₽,2540 ₽,/catalog/displei/displey-dlya-samsung-galaxy-s20-ultra-g988b-modul-s-ramkoy-chernyy-in-cell/,2026-09-10 10:49:45
Дисплей для Nokia G21 (TA-1418) в сборе с тачскрином Черный - Оптима,800 ₽,680 ₽,/catalog/displei/displey-dlya-nokia-g21-ta-1418-v-sbore-s-tachskrinom-chernyy-optima/,2026-09-10 10:49:45
Дисплей для Tecno Camon 19 (CI6n) в сборе с тачскрином Черный - Оптима,900 ₽,740 ₽,/catalog/displei/displey-dlya-tecno-camon-19-ci6n-v-sbore-s-tachskrinom-chernyy-optima/,2026-09-10 10:49:45
Дисплей для Samsung Galaxy S23+ (S916B) модуль с рамкой Черный - OR (SP),14500 ₽,12390 ₽,/catalog/displei/displey-dlya-samsung-galaxy-s23-s916b-modul-s-ramkoy-chernyy-or-sp/,2026-09-10 10:49:45
Дисплей для Samsung Galaxy A54 5G (A546E) модуль с рамкой Зеленый - OR (SP),7600 ₽,6480 ₽,/catalog/displei/displey-dlya-samsung-galaxy-a54-5g-a546e-modul-s-ramkoy-zelenyy-or-sp/,2026-09-10 10:49:45
Дисплей для Xiaomi Poco C65 (2310FPCA4G) в сборе с тачскрином Черный - Оптима,750 ₽,630 ₽,/catalog/displei/displey-dlya-xiaomi-poco-c65-2310fpca4g-v-sbore-s-tachskrinom-chernyy-optima/,2026-09-10 10:49:45
Дисплей для Realme Pad (RMP2102/RMP2103) в сборе с тачскрином Черный - Оптима,2700 ₽,2250 ₽,/catalog/displei/displey-dlya-realme-pad-rmp2102-rmp2103-v-sbore-s-tachskrinom-chernyy-optima/,2026-09-10 10:49:45
Дисплей для Huawei Honor 9S/Y5p (DUA-LX9/DRA-LX9) в сборе с тачскрином Черный - Оптима,600 ₽,480 ₽,/catalog/displei/displey-dlya-huawei-honor-9s-y5p-dua-lx9-dra-lx9-v-sbore-s-tachskrinom-chernyy-optima/,2026-09-10 10:49:45
Дисплей для Samsung Galaxy S20+ (G985F) модуль с рамкой Черный - (In-Cell),2300 ₽,1920 ₽,/catalog/displei/displey-dlya-samsung-galaxy-s20-g985f-modul-s-ramkoy-chernyy-in-cell/,2026-09-10 10:49:45
"Дисплей для Infinix Hot 70 4G (X6895B) в сборе с тачскрином Черный - OR (Full HD, 300 Кд/м², 120 Гц)",1100 ₽,930 ₽,/catalog/displei/displey-dlya-infinix-hot-70-4g-x6895b-v-sbore-s-tachskrinom-chernyy-0a96c8526ea811f1b33400155d59fe46/,2026-09-10 10:49:45
Дисплей для Samsung Galaxy A36 5G (A366B) в сборе с тачскрином Черный - (In-Cell),1100 ₽,870 ₽,/catalog/displei/displey-dlya-samsung-galaxy-a36-5g-a366b-v-sbore-s-tachskrinom-chernyy-in-cell/,2026-09-10 10:49:45
Дисплей для Tecno Pova 2 (LE7n) в сборе с тачскрином Черный - Оптима,950 ₽,780 ₽,/catalog/displei/displey-dlya-tecno-pova-2-le7n-v-sbore-s-tachskrinom-chernyy-optima/,2026-09-10 10:49:45
Дисплей для iPhone 13 mini (A2630) в сборе с тачскрином Черный - (In-Cell) (площадка под IC),3000 ₽,2490 ₽,/catalog/displei/displey-dlya-iphone-13-mini-a2630-v-sbore-s-tachskrinom-chernyy-in-cell-ploshchadka-pod-ic/,2026-09-10 10:49:45
"Дисплей для Samsung Galaxy A01 Core (A013F) в сборе с тачскрином Черный - OR (HD+, 300 Кд/м², 60 Гц)",900 ₽,730 ₽,/catalog/displei/displey-dlya-samsung-galaxy-a01-core-a013f-v-sbore-s-tachskrinom-chernyy-or/,2026-09-10 10:49:45
Дисплей для OnePlus Nord CE2 Lite 5G (CPH2409) в сборе с тачскрином Черный - Оптима,900 ₽,740 ₽,/catalog/displei/displey-dlya-oneplus-nord-ce2-lite-5g-cph2409-v-sbore-s-tachskrinom-chernyy-optima/,2026-09-10 10:49:45
Дисплей для Realme C25s (RMX3195) в сборе с тачскрином Черный - Оптима,700 ₽,580 ₽,/catalog/displei/displey-dlya-realme-c25s-rmx3195-v-sbore-s-tachskrinom-chernyy-optima/,2026-09-10 10:49:45
Дисплей для Infinix Smart 10 Plus (X6725C) в сборе с тачскрином Черный - OR,600 ₽,490 ₽,/catalog/displei/displey-dlya-infinix-smart-10-plus-x6725c-v-sbore-s-tachskrinom-chernyy-or/,2026-09-10 10:49:45
Дисплей для Vivo V30 Lite 4G/V40 Lite 4G/5G (V2342/V2424/V2417 Snapdragon 4 Gen 2) в сборе с тачскрином Черный - (In-Cell),950 ₽,790 ₽,/catalog/displei/displey-dlya-vivo-v30-lite-4g-v40-lite-4g-5g-v2342-v2424-v2417-snap-85bb4c1fd7da11efb32600155d59fe46/,2026-09-10 10:49:45
Дисплей для Infinix Zero 30 4G/5G (X6731B/X6731) в сборе с тачскрином Черный - (In-Cell),1200 ₽,990 ₽,/catalog/displei/displey-dlya-infinix-zero-30-4g-5g-x6731b-x6731-v-sbore-s-tachskrinom-chernyy-in-cell/,2026-09-10 10:49:45
Дисплей для Realme 11 Pro 5G/11 Pro+ 5G (RMX3771/RMX3741/RMX3740) модуль с рамкой Черный - (OLED),4000 ₽,3350 ₽,/catalog/displei/displey-dlya-realme-11-pro-5g-11-pro-5g-rmx3771-rmx3741-rmx3740-modul-s-ramkoy-chernyy-oled/,2026-09-10 10:49:45
Дисплей для Huawei Pura 70 Ultra (HBP-LX9/HBP-AL00) в сборе с тачскрином Черный - OR,15100 ₽,12890 ₽,/catalog/displei/displey-dlya-huawei-pura-70-ultra-hbp-lx9-hbp-al00-v-sbore-s-tachskrinom-chernyy-or/,2026-09-10 10:49:45
Дисплей для Samsung Galaxy S20 FE/S20 FE 5G (G780F/G781B) модуль с рамкой Зеленый - OR (SP),8100 ₽,6880 ₽,/catalog/displei/displey-dlya-samsung-galaxy-s20-fe-s20-fe-5g-g780f-g781b-modul-s-ramkoy-zelenyy-or-sp/,2026-09-10 10:49:45
Дисплей для Samsung Galaxy A36 5G (A366B) модуль с рамкой Зеленый - OR (SP),6700 ₽,5650 ₽,/catalog/displei/displey-dlya-samsung-galaxy-a36-5g-a366b-modul-s-ramkoy-zelenyy-or-sp/,2026-09-10 10:49:45
Дисплей для OnePlus Nord 5 (CPH2709) в сборе с тачскрином Черный - OR,4000 ₽,3390 ₽,/catalog/displei/displey-dlya-oneplus-nord-5-cph2709-v-sbore-s-tachskrinom-chernyy-or/,2026-09-10 10:49:45
Дисплей для Infinix Smart 6 (X6511) в сборе с тачскрином Черный - Оптима,750 ₽,640 ₽,/catalog/displei/displey-dlya-infinix-smart-6-x6511-v-sbore-s-tachskrinom-chernyy-optima/,2026-09-10 10:49:45
Дисплей для Google Pixel 8a (GKV4X/G6GPR/G8HHN/G576D) в сборе с тачскрином Черный - OR,8600 ₽,7290 ₽,/catalog/displei/displey-dlya-google-pixel-8a-gkv4x-g6gpr-g8hhn-g576d-v-sbore-s-tachskrinom-chernyy-or/,2026-09-10 10:49:45
Дисплей для Huawei Honor X6/X8 5G (VNE-LX1/VNE-N41) в сборе с тачскрином Черный - Оптима,650 ₽,530 ₽,/catalog/displei/displey-dlya-huawei-honor-x6-x8-5g-vne-lx1-vne-n41-v-sbore-s-tachskrinom-chernyy-optima/,2026-09-10 10:49:45
Дисплей для Huawei Honor X9b (ALI-NX1) в сборе с тачскрином Черный - (In-Cell),1500 ₽,1260 ₽,/catalog/displei/displey-dlya-huawei-honor-x9b-ali-nx1-v-sbore-s-tachskrinom-chernyy-in-cell/,2026-09-10 10:49:45
Дисплей для Vivo Y31 2021 (V2036) в сборе с тачскрином Черный Mecanico - AMP,700 ₽,590 ₽,/catalog/displei/displey-dlya-vivo-y31-2021-v2036-v-sbore-s-tachskrinom-chernyy-mecanico-amp/,2026-09-10 10:49:45
Дисплей для Xiaomi Redmi Note 13 Pro 4G (23117RA68G) модуль с рамкой Зеленый - OR (SP),5400 ₽,4560 ₽,/catalog/displei/displey-dlya-xiaomi-redmi-note-13-pro-4g-23117ra68g-modul-s-ramkoy-zelenyy-or-sp/,2026-09-10 10:49:45
Дисплей для Xiaomi Redmi Note 13 Pro+ (23090RA98C/23090RA98G/23090RA98) в сборе с тачскрином Черный - (In-Cell),1100 ₽,930 ₽,/catalog/displei/displey-dlya-xiaomi-redmi-note-13-pro-23090ra98c-23090ra98g-23090ra98-v-sbore-s-tachskrinom-chernyy-/,2026-09-10 10:49:45
Дисплей для Realme X3 SuperZoom (RMX2086) в сборе с тачскрином Черный - Оптима,1200 ₽,990 ₽,/catalog/displei/displey-dlya-realme-x3-superzoom-rmx2086-v-sbore-s-tachskrinom-chernyy-optima/,2026-09-10 10:49:45
Дисплей для OnePlus Nord CE2 5G (IV2201) в сборе с тачскрином Черный - (OLED),4100 ₽,3460 ₽,/catalog/displei/displey-dlya-oneplus-nord-ce2-5g-iv2201-v-sbore-s-tachskrinom-chernyy-oled/,2026-09-10 10:49:45
Дисплей для Nothing Phone 2a (A142) в сборе с тачскрином Черный - OR,4000 ₽,3360 ₽,/catalog/displei/displey-dlya-nothing-phone-2a-a142-v-sbore-s-tachskrinom-chernyy-or/,2026-09-10 10:49:45
Дисплей для Samsung Galaxy J4 2018 (J400F) в сборе с тачскрином Черный - (In-Cell),900 ₽,730 ₽,/catalog/displei/displey-dlya-samsung-galaxy-j4-2018-j400f-v-sbore-s-tachskrinom-chernyy-in-cell/,2026-09-10 10:49:45
Дисплей для Xiaomi Mi 9 SE (M1903F2G) в сборе с тачскрином Черный - OR,4300 ₽,3630 ₽,/catalog/displei/displey-dlya-xiaomi-mi-9-se-m1903f2g-v-sbore-s-tachskrinom-chernyy-or/,2026-09-10 10:49:45
"Дисплей для Samsung Galaxy Z Flip5 (F731B) в сборе с тачскрином внутренний 6.7"" Черный - OR (SP)",18800 ₽,15990 ₽,/catalog/displei/displey-dlya-samsung-galaxy-z-flip5-f731b-v-sbore-s-tachskrinom-vnutrenniy-6-7-chernyy-or-sp/,2026-09-10 10:49:45
Дисплей для Realme C67 4G (RMX3890) в сборе с тачскрином Черный - Оптима,900 ₽,750 ₽,/catalog/displei/displey-dlya-realme-c67-4g-rmx3890-v-sbore-s-tachskrinom-chernyy-optima/,2026-09-10 10:49:45
Дисплей для Xiaomi Redmi A3x (24048RN6CG) в сборе с тачскрином Черный - Оптима,800 ₽,680 ₽,/catalog/displei/displey-dlya-xiaomi-redmi-a3x-24048rn6cg-v-sbore-s-tachskrinom-chernyy-optima/,2026-09-10 10:49:45
Дисплей для Xiaomi Redmi Note 6 Pro (M1806E7TH) в сборе с тачскрином Черный - Оптима,800 ₽,660 ₽,/catalog/displei/displey-dlya-xiaomi-redmi-note-6-pro-m1806e7th-v-sbore-s-tachskrinom-chernyy-optima/,2026-09-10 10:49:45
Дисплей для Xiaomi Redmi Note 4X/4 Global Version (MBE6A5) в сборе с тачскрином Черный - Оптима,650 ₽,550 ₽,/catalog/displei/displey-dlya-xiaomi-redmi-note-4x-4-global-version-mbe6a5-v-sbore-s-tachskrinom-chernyy-optima/,2026-09-10 10:49:45
Дисплей для Samsung Galaxy A12 Nacho (A127F) в сборе с тачскрином Черный Mecanico - AMP,900 ₽,730 ₽,/catalog/displei/displey-dlya-samsung-galaxy-a12-nacho-a127f-v-sbore-s-tachskrinom-chernyy-mecanico-amp/,2026-09-10 10:49:45
"Дисплей для Samsung Galaxy Tab S8 11"" (X700/X706B) в сборе с тачскрином Черный - Оптима",3700 ₽,3080 ₽,/catalog/displei/displey-dlya-samsung-galaxy-tab-s8-11-x700-x706b-v-sbore-s-tachskrinom-chernyy-optima/,2026-09-10 10:49:45
Дисплей для Huawei P20 (EML-L29) в сборе с тачскрином Черный - Оптима,1800 ₽,1460 ₽,/catalog/displei/displey-dlya-huawei-p20-eml-l29-v-sbore-s-tachskrinom-chernyy-optima/,2026-09-10 10:49:45
Дисплей для Samsung Galaxy S21 Ultra (G998B) модуль с рамкой Серебро - (OLED) (Full Size),7100 ₽,5990 ₽,/catalog/displei/displey-dlya-samsung-galaxy-s21-ultra-g998b-modul-s-ramkoy-serebro-oled-full-size/,2026-09-10 10:49:45
Дисплей для iPhone 17 (A3520) в сборе с тачскрином Черный - (In-Cell) Стандарт,2700 ₽,2290 ₽,/catalog/displei/displey-dlya-iphone-17-a3520-v-sbore-s-tachskrinom-chernyy-in-cell-standart/,2026-09-10 10:49:45
Дисплей для Samsung Galaxy A23 (A235F) в сборе с тачскрином Черный - Оптима,850 ₽,720 ₽,/catalog/displei/displey-dlya-samsung-galaxy-a23-a235f-v-sbore-s-tachskrinom-chernyy-optima/,2026-09-10 10:49:45
Дисплей для iPhone 5 в сборе с тачскрином Белый - Оптима,700 ₽,590 ₽,/catalog/displei/displey-dlya-iphone-5-v-sbore-s-tachskrinom-belyy-optima/,2026-09-10 10:49:45
Дисплей для Samsung Galaxy A9 2018 (A920F) модуль с рамкой Черный - (OLED),3800 ₽,3170 ₽,/catalog/displei/displey-dlya-samsung-galaxy-a9-2018-a920f-modul-s-ramkoy-chernyy-oled/,2026-09-10 10:49:45
Дисплей для Samsung Galaxy J1 2016 (J120F) в сборе с тачскрином Черный - (In-Cell),750 ₽,630 ₽,/catalog/displei/displey-dlya-samsung-galaxy-j1-2016-j120f-v-sbore-s-tachskrinom-chernyy-in-cell/,2026-09-10 10:49:45
"Дисплей для Tecno Camon 15 (CD7) в сборе с тачскрином Черный - OR (HD+, 300 Кд/м², 60 Гц)",900 ₽,730 ₽,/catalog/displei/displey-dlya-tecno-camon-15-cd7-v-sbore-s-tachskrinom-chernyy-or/,2026-09-10 10:49:45
"Дисплей для iPhone 17 Pro (A3523) в сборе с тачскрином Черный - (In-Cell, Full HD, 120 Гц) (площадка под IC)",4100 ₽,3490 ₽,/catalog/displei/displey-dlya-iphone-17-pro-a3523-v-sbore-s-tachskrinom-chernyy-in-cell-full-hd-120-gts-ploshchadka-p/,2026-09-10 10:49:45
Дисплей для Motorola Moto G9 Plus (XT2087) в сборе с тачскрином Черный - Оптима,1000 ₽,820 ₽,/catalog/displei/displey-dlya-motorola-moto-g9-plus-xt2087-v-sbore-s-tachskrinom-chernyy-optima/,2026-09-10 10:49:45
Дисплей для Samsung Galaxy A26 5G (A266B) в сборе с тачскрином Черный - (In-Cell),1000 ₽,850 ₽,/catalog/displei/displey-dlya-samsung-galaxy-a26-5g-a266b-v-sbore-s-tachskrinom-chernyy-in-cell/,2026-09-10 10:49:45
Дисплей для Samsung Galaxy A14 4G (A145F) в сборе с тачскрином Черный - Оптима,700 ₽,590 ₽,/catalog/displei/displey-dlya-samsung-galaxy-a14-4g-a145f-v-sbore-s-tachskrinom-chernyy-optima/,2026-09-10 10:49:45
Дисплей для Samsung Galaxy A22s 5G (A226B) в сборе с тачскрином Черный - Оптима,850 ₽,690 ₽,/catalog/displei/displey-dlya-samsung-galaxy-a22s-5g-a226b-v-sbore-s-tachskrinom-chernyy-optima/,2026-09-10 10:49:45
Дисплей для Xiaomi Redmi S2 (M1803E6H) в сборе с тачскрином Черный - Оптима,850 ₽,690 ₽,/catalog/displei/displey-dlya-xiaomi-redmi-s2-m1803e6h-v-sbore-s-tachskrinom-chernyy-optima/,2026-09-10 10:49:45
Дисплей для Infinix Note 11 Pro/10 (X697/X693) в сборе с тачскрином Черный - OR,1300 ₽,1030 ₽,/catalog/displei/displey-dlya-infinix-note-11-pro-10-x697-x693-v-sbore-s-tachskrinom-chernyy-or/,2026-09-10 10:49:45
Дисплей для Tecno Spark 30C 4G (KL5n) в сборе с тачскрином Черный - Оптима,900 ₽,740 ₽,/catalog/displei/displey-dlya-tecno-spark-30c-4g-kl5n-v-sbore-s-tachskrinom-chernyy-optima/,2026-09-10 10:49:45
Дисплей для Samsung Galaxy S25 Ultra (S938B) модуль с рамкой Черный - Сервисный Оригинал,21900 ₽,18690 ₽,/catalog/displei/displey-dlya-samsung-galaxy-s25-ultra-s938b-modul-s-ramkoy-chernyy-servisnyy-original/,2026-09-10 10:49:45
Дисплей для Realme 9 Pro+ (RMX3393/RMX3392) в сборе с тачскрином Черный - OR,6400 ₽,5460 ₽,/catalog/displei/displey-dlya-realme-9-pro-rmx3393-rmx3392-v-sbore-s-tachskrinom-chernyy-or/,2026-09-10 10:49:45
Дисплей для OnePlus 11 (CPH2449) в сборе с тачскрином Черный - OR,10300 ₽,8770 ₽,/catalog/displei/displey-dlya-oneplus-11-cph2449-v-sbore-s-tachskrinom-chernyy-or/,2026-09-10 10:49:45
Дисплей для Realme C33 (RMX3624) в сборе с тачскрином Черный Mecanico - AMP,700 ₽,590 ₽,/catalog/displei/displey-dlya-realme-c33-rmx3624-v-sbore-s-tachskrinom-chernyy-mecanico-amp/,2026-09-10 10:49:45
"Дисплей для Realme C2/OPPO A1K (RMX1941/CPH1923) в сборе с тачскрином Черный - OR (HD+, 300 Кд/м², 60 Гц)",850 ₽,690 ₽,/catalog/displei/displey-dlya-realme-c2-oppo-a1k-rmx1941-cph1923-v-sbore-s-tachskrinom-chernyy-or/,2026-09-10 10:49:45
"Дисплей для Apple Watch 4 40 мм в сборе с тачскрином Черный - OR100 (Снятый, без ремонта)",3900 ₽,3260 ₽,/catalog/displei/displey-dlya-apple-watch-4-40-mm-v-sbore-s-tachskrinom-chernyy-or100-snyatyy-bez-remonta/,2026-09-10 10:49:45
Дисплей для Realme C75 4G (RMX3941) в сборе с тачскрином Черный - Оптима,900 ₽,750 ₽,/catalog/displei/displey-dlya-realme-c75-4g-rmx3941-v-sbore-s-tachskrinom-chernyy-optima/,2026-09-10 10:49:45
Дисплей для Xiaomi Redmi Note 4X/4 Global Version (MBE6A5) в сборе с тачскрином Белый - Оптима,550 ₽,440 ₽,/catalog/displei/displey-dlya-xiaomi-redmi-note-4x-4-global-version-mbe6a5-v-sbore-s-tachskrinom-belyy-optima/,2026-09-10 10:49:45
Дисплей для Infinix Smart 6 Plus (X6823C) в сборе с тачскрином Черный - Оптима,700 ₽,570 ₽,/catalog/displei/displey-dlya-infinix-smart-6-plus-x6823c-v-sbore-s-tachskrinom-chernyy-optima/,2026-09-10 10:49:45
Дисплей для Vivo V30e 5G (V2339) в сборе с тачскрином Черный - OR,3500 ₽,2950 ₽,/catalog/displei/displey-dlya-vivo-v30e-5g-v2339-v-sbore-s-tachskrinom-chernyy-or/,2026-09-10 10:49:45
Дисплей для Realme GT 7 (RMX5061) в сборе с тачскрином Черный - OR,4200 ₽,3530 ₽,/catalog/displei/displey-dlya-realme-gt-7-rmx5061-v-sbore-s-tachskrinom-chernyy-or/,2026-09-10 10:49:45
"Дисплей для Samsung Galaxy Tab A 8"" 2019 Wi-Fi (T290) в сборе с тачскрином Черный - Оптима",1200 ₽,950 ₽,/catalog/displei/displey-dlya-samsung-galaxy-tab-a-8-2019-wi-fi-t290-v-sbore-s-tachskrinom-chernyy-optima/,2026-09-10 10:49:45
Дисплей для Google Pixel 9 Pro XL (GGX8B) в сборе с тачскрином Черный - OR,17000 ₽,14490 ₽,/catalog/displei/displey-dlya-google-pixel-9-pro-xl-ggx8b-v-sbore-s-tachskrinom-chernyy-or/,2026-09-10 10:49:45
Дисплей для Oukitel WP12/12 Pro в сборе с тачскрином Черный - Оптима,1300 ₽,1080 ₽,/catalog/displei/displey-dlya-oukitel-wp12-12-pro-v-sbore-s-tachskrinom-chernyy-optima/,2026-09-10 10:49:45
Дисплей для Vivo Y91C/Y91/Y93/Y1s/Y93 Lite (1820/2015/1815) в сборе с тачскрином Черный - Оптима,700 ₽,590 ₽,/catalog/displei/displey-dlya-vivo-y91c-y91-y93-y1s-y93-lite-1820-2015-1815-v-sbore-s-tachskrinom-chernyy-optima/,2026-09-10 10:49:45
Дисплей для Xiaomi Redmi 8/8A (M1908C3IC) в сборе с тачскрином Черный - Оптима,750 ₽,640 ₽,/catalog/displei/displey-dlya-xiaomi-redmi-8-8a-m1908c3ic-v-sbore-s-tachskrinom-chernyy-optima/,2026-09-10 10:49:45
"Дисплей для Samsung Galaxy A10s (A107F) в сборе с тачскрином Черный - OR (HD+, 300 Кд/м², 60 Гц)",850 ₽,720 ₽,/catalog/displei/displey-dlya-samsung-galaxy-a10s-a107f-v-sbore-s-tachskrinom-chernyy-or/,2026-09-10 10:49:45
Дисплей для OPPO Reno 10 5G (CPH2531) в сборе с тачскрином Черный - (OLED),3100 ₽,2570 ₽,/catalog/displei/displey-dlya-oppo-reno-10-5g-cph2531-v-sbore-s-tachskrinom-chernyy-oled/,2026-09-10 10:49:45
Дисплей для Samsung Galaxy A37 5G (A376E) модуль с рамкой Черный - OR (SP),7800 ₽,6590 ₽,/catalog/displei/displey-dlya-samsung-galaxy-a37-5g-a376e-modul-s-ramkoy-chernyy-or-sp/,2026-09-10 10:49:45
Дисплей для Itel Vision 1 Pro (L6502) в сборе с тачскрином Черный - Оптима,800 ₽,670 ₽,/catalog/displei/displey-dlya-itel-vision-1-pro-l6502-v-sbore-s-tachskrinom-chernyy-optima/,2026-09-10 10:49:45
Дисплей для Huawei Mate 20 Lite (SNE-LX1) в сборе с тачскрином Черный - Оптима,850 ₽,690 ₽,/catalog/displei/displey-dlya-huawei-mate-20-lite-sne-lx1-v-sbore-s-tachskrinom-chernyy-optima/,2026-09-10 10:49:45
Дисплей для Oukitel K15 Plus в сборе с тачскрином Черный - Оптима,1400 ₽,1190 ₽,/catalog/displei/displey-dlya-oukitel-k15-plus-v-sbore-s-tachskrinom-chernyy-optima/,2026-09-10 10:49:45
Дисплей для Samsung Galaxy J7 2017 (J730F) в сборе с тачскрином Золото - (OLED),1600 ₽,1290 ₽,/catalog/displei/displey-dlya-samsung-galaxy-j7-2017-j730f-v-sbore-s-tachskrinom-zoloto-oled/,2026-09-10 10:49:45
Дисплей для Realme C21Y (RMX3263) в сборе с тачскрином Черный Mecanico - AMP,700 ₽,580 ₽,/catalog/displei/displey-dlya-realme-c21y-rmx3263-v-sbore-s-tachskrinom-chernyy-mecanico-amp/,2026-09-10 10:49:45
Дисплей для Samsung Galaxy M11 (M115F) модуль c рамкой Черный - OR Ref. (SP),1600 ₽,1360 ₽,/catalog/displei/displey-dlya-samsung-galaxy-m11-m115f-modul-c-ramkoy-chernyy-or-ref-sp/,2026-09-10 10:49:45
Дисплей для Samsung Galaxy S22 Ultra (S908B/S908E/S9080) модуль с рамкой Белый - OR (SP),19800 ₽,16890 ₽,/catalog/displei/displey-dlya-samsung-galaxy-s22-ultra-s908b-s9080-modul-s-ramkoy-belyy-or-sp/,2026-09-10 10:49:45
Дисплей для Huawei Nova 15 (PSN-AL00) в сборе с тачскрином Черный - OR,3500 ₽,2950 ₽,/catalog/displei/displey-dlya-huawei-nova-15-psn-al00-v-sbore-s-tachskrinom-chernyy-or/,2026-09-10 10:49:45
"Дисплей для OPPO A5i Pro (CPH2755) в сборе с тачскрином Черный - OR (HD+, 300 Кд/м², 90 Гц)",1000 ₽,850 ₽,/catalog/displei/displey-dlya-oppo-a5i-pro-cph2755-v-sbore-s-tachskrinom-chernyy-or/,2026-09-10 10:49:45
Дисплей для Nothing Phone 3a/3a Pro (A059/A059P) в сборе с тачскрином Черный - OR,4800 ₽,4020 ₽,/catalog/displei/displey-dlya-nothing-phone-3a-3a-pro-a059-a059p-v-sbore-s-tachskrinom-chernyy-or/,2026-09-10 10:49:45
Дисплей для Samsung Galaxy A32 4G (A325F) модуль с рамкой Черный - OR Ref. (SP),6300 ₽,5360 ₽,/catalog/displei/displey-dlya-samsung-galaxy-a32-4g-a325f-modul-s-ramkoy-chernyy-or-ref-sp/,2026-09-10 10:49:45
Дисплей для Xiaomi Redmi 9/9 Prime (M2004J19G) в сборе с тачскрином Черный Mecanico - AMP,800 ₽,680 ₽,/catalog/displei/displey-dlya-xiaomi-redmi-9-9-prime-m2004j19g-v-sbore-s-tachskrinom-chernyy-mecanico-amp/,2026-09-10 10:49:45
Дисплей для Blackview BV9100 в сборе с тачскрином Черный - Оптима,1500 ₽,1240 ₽,/catalog/displei/displey-dlya-blackview-bv9100-v-sbore-s-tachskrinom-chernyy-optima/,2026-09-10 10:49:45
"Дисплей для Apple Watch 7 41 мм в сборе с тачскрином Черный - OR100 (Снятый, без ремонта)",5300 ₽,4470 ₽,/catalog/displei/displey-dlya-apple-watch-7-41-mm-v-sbore-s-tachskrinom-chernyy-or100-snyatyy-bez-remonta/,2026-09-10 10:49:45
"Дисплей для Samsung Galaxy Tab S9 FE+ 12.4"" (X610N/X616B) в сборе с тачскрином Черный - Оптима",2700 ₽,2290 ₽,/catalog/displei/displey-dlya-samsung-galaxy-tab-s9-fe-12-4-x610n-x616b-v-sbore-s-tachskrinom-chernyy-optima/,2026-09-10 10:49:45
Дисплей для Samsung Galaxy A22s 5G (A226B) в сборе с тачскрином Черный Mecanico - AMP,700 ₽,590 ₽,/catalog/displei/displey-dlya-samsung-galaxy-a22s-5g-a226b-v-sbore-s-tachskrinom-chernyy-mecanico-amp/,2026-09-10 10:49:45
Дисплей для Xiaomi Redmi Note 8/8 2021 (M1908C3JC/M1908C3JGG) в сборе с тачскрином Черный Mecanico - AMP,900 ₽,730 ₽,/catalog/displei/displey-dlya-xiaomi-redmi-note-8-8-2021-m1908c3jc-m1908c3jgg-v-sbore-s-tachskrinom-chernyy-mecanico-/,2026-09-10 10:49:45
Дисплей для Nokia C30 (TA-1359) в сборе с тачскрином Черный - Оптима,900 ₽,750 ₽,/catalog/displei/displey-dlya-nokia-c30-ta-1359-v-sbore-s-tachskrinom-chernyy-optima/,2026-09-10 10:49:45
Дисплей для Infinix Hot 60 Pro+ (X6886) в сборе с тачскрином Черный - OR,3500 ₽,2950 ₽,/catalog/displei/displey-dlya-infinix-hot-60-pro-x6886-v-sbore-s-tachskrinom-chernyy-or/,2026-09-10 10:49:45
Дисплей для Samsung Galaxy A01/M01 (A015F/M015F) модуль с рамкой Черный (Широкий коннектор) - OR Ref. (SP),1200 ₽,990 ₽,/catalog/displei/displey-dlya-samsung-galaxy-a01-m01-a015f-m015f-modul-s-ramkoy-chernyy-shirokiy-konnektor-or-ref-sp/,2026-09-10 10:49:45
Дисплей для Huawei Honor X9a 5G/X40/Magic 5 Lite (RMO-NX1) в сборе с тачскрином Черный - OR,3400 ₽,2850 ₽,/catalog/displei/displey-dlya-huawei-honor-x9a-5g-x40-magic-5-lite-rmo-nx1-v-sbore-s-tachskrinom-chernyy-or/,2026-09-10 10:49:45
Дисплей для Realme 13 Pro+ 5G (RMX3920/RMX3921) в сборе с тачскрином Черный - OR,5200 ₽,4390 ₽,/catalog/displei/displey-dlya-realme-13-pro-5g-rmx3920-rmx3921-v-sbore-s-tachskrinom-chernyy-or/,2026-09-10 10:49:45
Дисплей для Asus ZenFone Max M2 (ZB633KL) в сборе с тачскрином Черный - Оптима,700 ₽,590 ₽,/catalog/displei/displey-dlya-asus-zenfone-max-m2-zb633kl-v-sbore-s-tachskrinom-chernyy-optima/,2026-09-10 10:49:45
Дисплей для OPPO Reno 14 F 5G (CPH2743) в сборе с тачскрином Черный - OR,4000 ₽,3380 ₽,/catalog/displei/displey-dlya-oppo-reno-14-f-5g-cph2743-v-sbore-s-tachskrinom-chernyy-or/,2026-09-10 10:49:45
"Дисплей для Samsung Galaxy A01/M01 (A015F/M015F) в сборе с тачскрином Черный (Узкий коннектор) - OR (HD+, 300 Кд/м², 60 Гц)",800 ₽,650 ₽,/catalog/displei/displey-dlya-samsung-galaxy-a01-m01-a015f-m015f-v-sbore-s-tachskrinom-chernyy-uzkiy-konnektor-or/,2026-09-10 10:49:45
Дисплей для Realme 12+ 5G (RMX3867) в сборе с тачскрином Черный - (In-Cell),1100 ₽,860 ₽,/catalog/displei/displey-dlya-realme-12-5g-rmx3867-v-sbore-s-tachskrinom-chernyy-in-cell/,2026-09-10 10:49:45
Дисплей для Infinix Note 11/12 (X663B/X663D) в сборе с тачскрином Черный - OR,3700 ₽,3160 ₽,/catalog/displei/displey-dlya-infinix-note-11-12-x663b-x663d-v-sbore-s-tachskrinom-chernyy-or/,2026-09-10 10:49:45
"Дисплей для Samsung Galaxy A01/M01 (A015F/M015F) в сборе с тачскрином Черный (Широкий коннектор) - OR (HD+, 300 Кд/м², 60 Гц)",900 ₽,740 ₽,/catalog/displei/displey-dlya-samsung-galaxy-a01-m01-a015f-m015f-v-sbore-s-tachskrinom-chernyy-shirokiy-konnektor-or/,2026-09-10 10:49:45
Дисплей для Google Pixel 8 (GKWS6/G9BQD/GZPFO/GPJ41) в сборе с тачскрином Черный - (OLED),4100 ₽,3430 ₽,/catalog/displei/displey-dlya-google-pixel-8-gkws6-g9bqd-gzpfo-gpj41-v-sbore-s-tachskrinom-chernyy-oled/,2026-09-10 10:49:45
Дисплей для OPPO A3s/A5 (CPH1803/CPH1809) в сборе с тачскрином Черный - Оптима,800 ₽,670 ₽,/catalog/displei/displey-dlya-oppo-a3s-a5-cph1803-cph1809-v-sbore-s-tachskrinom-chernyy-optima/,2026-09-10 10:49:45
Дисплей для Oukitel WP300 в сборе с тачскрином Черный - Оптима,1400 ₽,1160 ₽,/catalog/displei/displey-dlya-oukitel-wp300-v-sbore-s-tachskrinom-chernyy-optima/,2026-09-10 10:49:45
Дисплей для Huawei Honor X7a/X7a Plus/Enjoy 40 Plus (RKY-LX1) в сборе с тачскрином Черный Mecanico - AMP,850 ₽,690 ₽,/catalog/displei/displey-dlya-huawei-honor-x7a-x7a-plus-enjoy-40-plus-rky-lx1-v-sbore-s-tachskrinom-chernyy-mecanico-/,2026-09-10 10:49:45
Дисплей для Xiaomi Redmi Note 15 Pro+ 5G (2510ERA8BG) в сборе с тачскрином Черный - OR,4100 ₽,3490 ₽,/catalog/displei/displey-dlya-xiaomi-redmi-note-15-pro-5g-2510era8bg-v-sbore-s-tachskrinom-chernyy-or/,2026-09-10 10:49:45
Дисплей для iPhone 12 mini (A2399) в сборе с тачскрином Черный - (FOG),4800 ₽,4020 ₽,/catalog/displei/displey-dlya-iphone-12-mini-a2399-v-sbore-s-tachskrinom-chernyy-fog/,2026-09-10 10:49:45
"Дисплей для Huawei MatePad 12X 12"" 2024 (BKY-W09) в сборе с тачскрином Черный - OR",2800 ₽,2370 ₽,/catalog/displei/displey-dlya-huawei-matepad-12x-12-2024-bky-w09-v-sbore-s-tachskrinom-chernyy-or/,2026-09-10 10:49:45
Дисплей для OnePlus 13R (CPH2645) в сборе с тачскрином Черный - OR,5000 ₽,4190 ₽,/catalog/displei/displey-dlya-oneplus-13r-cph2645-v-sbore-s-tachskrinom-chernyy-or/,2026-09-10 10:49:45
Дисплей для Oukitel WP53 Pro/WP53/WP53S в сборе с тачскрином Черный - Оптима,1100 ₽,940 ₽,/catalog/displei/displey-dlya-oukitel-wp53-pro-wp53-wp53s-v-sbore-s-tachskrinom-chernyy-optima/,2026-09-10 10:49:45
Дисплей для Xiaomi Mi 9 Lite (M1904F3BG) модуль с рамкой Черный - OR,3500 ₽,2990 ₽,/catalog/displei/displey-dlya-xiaomi-mi-9-lite-m1904f3bg-modul-s-ramkoy-chernyy-or/,2026-09-10 10:49:45
Дисплей для Xiaomi Redmi Note 11 (2201117TY) модуль с рамкой Черный - OR (SP),9300 ₽,7890 ₽,/catalog/displei/displey-dlya-xiaomi-redmi-note-11-2201117ty-modul-s-ramkoy-chernyy-or-sp/,2026-09-10 10:49:45
Дисплей для Vivo V40/V30/V30 Pro (V2348) в сборе с тачскрином Черный - OR,5200 ₽,4420 ₽,/catalog/displei/displey-dlya-vivo-v40-v30-v30-pro-v2348-v-sbore-s-tachskrinom-chernyy-or/,2026-09-10 10:49:45
"Дисплей для Huawei MatePad 11 10.9"" 2023 (DBR-W09) в сборе с тачскрином Черный - OR",3100 ₽,2590 ₽,/catalog/displei/displey-dlya-huawei-matepad-11-10-9-2023-dbr-w09-v-sbore-s-tachskrinom-chernyy-or/,2026-09-10 10:49:45
Дисплей для OnePlus Nord CE5 (CPH2719) в сборе с тачскрином Черный - OR,4100 ₽,3490 ₽,/catalog/displei/displey-dlya-oneplus-nord-ce5-cph2719-v-sbore-s-tachskrinom-chernyy-or/,2026-09-10 10:49:45
Дисплей для Google Pixel 4a 4G (G025J/GA02099/G025N) в сборе с тачскрином Черный - OR,7100 ₽,5990 ₽,/catalog/displei/displey-dlya-google-pixel-4a-4g-g025j-ga02099-g025n-v-sbore-s-tachskrinom-chernyy-or/,2026-09-10 10:49:45
"Дисплей для Vivo Y17s (V2310) в сборе с тачскрином Черный - OR (HD+, 300 Кд/м², 90 Гц)",950 ₽,790 ₽,/catalog/displei/displey-dlya-vivo-y17s-v2310-v-sbore-s-tachskrinom-chernyy-or/,2026-09-10 10:49:45
Дисплей для OnePlus Nord 4 (CPH2663) в сборе с тачскрином Черный - OR,3500 ₽,2930 ₽,/catalog/displei/displey-dlya-oneplus-nord-4-cph2663-v-sbore-s-tachskrinom-chernyy-or/,2026-09-10 10:49:45
"Дисплей для Realme C100i 4G (RMX5377) в сборе с тачскрином Черный - OR (HD+, 300 Кд/м², 60 Гц)",1100 ₽,940 ₽,/catalog/displei/displey-dlya-realme-c100i-4g-rmx5377-v-sbore-s-tachskrinom-chernyy-or/,2026-09-10 10:49:45
Дисплей для Realme C31 (RMX3501) в сборе с тачскрином Черный - Оптима,800 ₽,670 ₽,/catalog/displei/displey-dlya-realme-c31-rmx3501-v-sbore-s-tachskrinom-chernyy-optima/,2026-09-10 10:49:45
Дисплей для Xiaomi Mi 9 Lite (M1904F3BG) модуль с рамкой Синий - OR,3500 ₽,2990 ₽,/catalog/displei/displey-dlya-xiaomi-mi-9-lite-m1904f3bg-modul-s-ramkoy-siniy-or/,2026-09-10 10:49:45
Дисплей для Huawei Mate 50 (CET-LX9) в сборе с тачскрином Черный - OR,4000 ₽,3390 ₽,/catalog/displei/displey-dlya-huawei-mate-50-cet-lx9-v-sbore-s-tachskrinom-chernyy-or/,2026-09-10 10:49:45
Дисплей для iPhone 13 Pro Max (A2645) в сборе с тачскрином Черный - (In-Cell) (площадка под IC),2600 ₽,2190 ₽,/catalog/displei/displey-dlya-iphone-13-pro-max-a2645-v-sbore-s-tachskrinom-chernyy-in-cell-ploshchadka-pod-ic/,2026-09-10 10:49:45
Дисплей для iPhone 15 Pro (A3102) в сборе с тачскрином Черный - (In-Cell) (площадка под IC),1600 ₽,1290 ₽,/catalog/displei/displey-dlya-iphone-15-pro-a3102-v-sbore-s-tachskrinom-chernyy-in-cell-ploshchadka-pod-ic/,2026-09-10 10:49:45
"Дисплей для Huawei MatePad 12X 12"" 2025 (LRT-W09) в сборе с тачскрином Черный - OR",2600 ₽,2140 ₽,/catalog/displei/displey-dlya-huawei-matepad-12x-12-2025-lrt-w09-v-sbore-s-tachskrinom-chernyy-or/,2026-09-10 10:49:45
Дисплей для iPhone 15 Pro Max (A3106) в сборе с тачскрином Черный - (FOG),17000 ₽,14490 ₽,/catalog/displei/displey-dlya-iphone-15-pro-max-a3106-v-sbore-s-tachskrinom-chernyy-fog/,2026-09-10 10:49:45
Дисплей для Xiaomi Poco M4 Pro 5G/Redmi Note 11S 5G (21091116AG/22031116BG) в сборе с тачскрином Черный - Оптима,900 ₽,740 ₽,/catalog/displei/displey-dlya-xiaomi-poco-m4-pro-5g-redmi-note-11s-5g-21091116ag-22031116bg-v-sbore-s-tachskrinom-che/,2026-09-10 10:49:45
Дисплей для Samsung Galaxy S23 Ultra (S918B) модуль с рамкой Бежевый - OR (SP),23400 ₽,19990 ₽,/catalog/displei/displey-dlya-samsung-galaxy-s23-ultra-s918b-modul-s-ramkoy-bezhevyy-or-sp/,2026-09-10 10:49:45
"Дисплей для iPhone 16 Pro (A3293) в сборе с тачскрином Черный - (Hard OLED, Full HD) (площадка под IC)",6100 ₽,5150 ₽,/catalog/displei/displey-dlya-iphone-16-pro-a3293-v-sbore-s-tachskrinom-chernyy-hard-oled-full-hd-ploshchadka-pod-ic/,2026-09-10 10:49:45
Дисплей для Xiaomi Redmi Note 7/7 Pro (M1901F7G) в сборе с тачскрином Черный - Оптима,800 ₽,670 ₽,/catalog/displei/displey-dlya-xiaomi-redmi-note-7-7-pro-m1901f7g-v-sbore-s-tachskrinom-chernyy-optima/,2026-09-10 10:49:45
Дисплей для Xiaomi Redmi 10 2022 (22011119UY) в сборе с тачскрином Черный - Оптима,950 ₽,770 ₽,/catalog/displei/displey-dlya-xiaomi-redmi-10-2022-22011119uy-v-sbore-s-tachskrinom-chernyy-optima/,2026-09-10 10:49:45
Дисплей для Samsung Galaxy S21 (G991B) модуль с рамкой Серый - OR (SP),13500 ₽,11490 ₽,/catalog/displei/displey-dlya-samsung-galaxy-s21-g991b-modul-s-ramkoy-seryy-or-sp/,2026-09-10 10:49:45
Дисплей для Nokia X20/X10 (TA-1341/TA-1332) в сборе с тачскрином Черный - Оптима,950 ₽,780 ₽,/catalog/displei/displey-dlya-nokia-x20-x10-ta-1341-ta-1332-v-sbore-s-tachskrinom-chernyy-optima/,2026-09-10 10:49:45
"Дисплей для Tecno MegaPad SE 11"" (T1102/T1102W) в сборе с тачскрином Черный - OR",3500 ₽,2990 ₽,/catalog/displei/displey-dlya-tecno-megapad-se-11-t1102-t1102w-v-sbore-s-tachskrinom-chernyy-or/,2026-09-10 10:49:45
"Дисплей для iPhone 14 Pro Max (A2895) в сборе с тачскрином Черный - (In-Cell, Full HD, 120 Гц) (с верификацией = с привязкой без ошибки)",4700 ₽,3990 ₽,/catalog/displei/displey-dlya-iphone-14-pro-max-a2895-v-sbore-s-tachskrinom-chernyy-in-cell-full-hd-120-gts-s-verifik/,2026-09-10 10:49:45
Дисплей для iPhone 16 Pro Max (A3296) в сборе с тачскрином Черный - OR (SP) (с верификацией “Новая запчасть”),40800 ₽,34790 ₽,/catalog/displei/displey-dlya-iphone-16-pro-max-a3296-v-sbore-s-tachskrinom-chernyy-or-sp-s-verifikatsiey-novaya-zapch/,2026-09-10 10:49:45
"Дисплей для Itel S24 (S667LN) в сборе с тачскрином Черный - OR (HD+, 300 Кд/м², 90 Гц)",950 ₽,770 ₽,/catalog/displei/displey-dlya-itel-s24-s667ln-v-sbore-s-tachskrinom-chernyy-or/,2026-09-10 10:49:45
Дисплей для Xiaomi Redmi Note 9S/9 Pro (M2003J6A1G/M2003J6B2G) в сборе с тачскрином Черный - Оптима,850 ₽,690 ₽,/catalog/displei/displey-dlya-xiaomi-redmi-note-9s-9-pro-m2003j6a1g-m2003j6b2g-v-sbore-s-tachskrinom-chernyy-optima/,2026-09-10 10:49:45
"Дисплей для Realme C3 (RMX2020) модуль с рамкой Черный - OR (HD+, 300 Кд/м², 60 Гц)",1200 ₽,990 ₽,/catalog/displei/displey-dlya-realme-c3-rmx2020-modul-s-ramkoy-chernyy-or-hd-300-kd-m-60-gts/,2026-09-10 10:49:45
Дисплей для iPhone 14 Pro Max (A2895) в сборе с тачскрином Черный - (Hard OLED) Стандарт (площадка под IC),5200 ₽,4440 ₽,/catalog/displei/displey-dlya-iphone-14-pro-max-a2895-v-sbore-s-tachskrinom-chernyy-hard-oled-standart-ploshchadka-po/,2026-09-10 10:49:45
Дисплей для Xiaomi Redmi Note 14 Pro 4G (24116RACCG) в сборе с тачскрином Черный - (In-Cell),1300 ₽,1070 ₽,/catalog/displei/displey-dlya-xiaomi-redmi-note-14-pro-4g-24116raccg-v-sbore-s-tachskrinom-chernyy-in-cell/,2026-09-10 10:49:45
Дисплей для Google Pixel 6a (GX7AS/GB62Z/G1AZG/GB17L) в сборе с тачскрином Черный - OR,9400 ₽,7980 ₽,/catalog/displei/displey-dlya-google-pixel-6a-gx7as-gb62z-g1azg-gb17l-v-sbore-s-tachskrinom-chernyy-or/,2026-09-10 10:49:45
Дисплей для OPPO Reno 2Z/Realme X (CPH1951/RMX1901) в сборе с тачскрином Черный - (In-Cell),1000 ₽,850 ₽,/catalog/displei/displey-dlya-oppo-reno-2z-realme-x-cph1951-rmx1901-v-sbore-s-tachskrinom-chernyy-in-cell/,2026-09-10 10:49:45
Дисплей для Xiaomi Redmi Note 15 Pro 5G (25060RABDG/25080RABDG) в сборе с тачскрином Черный - OR,3800 ₽,3230 ₽,/catalog/displei/displey-dlya-xiaomi-redmi-note-15-pro-5g-25060rabdg-25080rabdg-v-sbore-s-tachskrinom-chernyy-or/,2026-09-10 10:49:45
"Дисплей для iPhone 15 Pro Max (A3106) в сборе с тачскрином Черный - (In-Cell, Full HD, 120 Гц) (площадка под IC)",3800 ₽,3190 ₽,/catalog/displei/displey-dlya-iphone-15-pro-max-a3106-v-sbore-s-tachskrinom-chernyy-in-cell-full-hd-120-gts-ploshchad/,2026-09-10 10:49:45
Дисплей для Huawei Honor 8C (BKK-L21) в сборе с тачскрином Черный - Оптима,700 ₽,570 ₽,/catalog/displei/displey-dlya-huawei-honor-8c-bkk-l21-v-sbore-s-tachskrinom-chernyy-optima/,2026-09-10 10:49:45
Дисплей для Huawei Honor 70 (FNE-NX9) в сборе с тачскрином Черный - (OLED),3000 ₽,2490 ₽,/catalog/displei/displey-dlya-huawei-honor-70-fne-nx9-v-sbore-s-tachskrinom-chernyy-oled/,2026-09-10 10:49:45
Дисплей для Huawei Honor 9/9 Premium (STF-L09/STF-AL10) в сборе с тачскрином Синий - Оптима,950 ₽,790 ₽,/catalog/displei/displey-dlya-huawei-honor-9-9-premium-stf-l09-stf-al10-v-sbore-s-tachskrinom-siniy-optima/,2026-09-10 10:49:45
"Дисплей для iPhone 13 Pro Max (A2645) в сборе с тачскрином Черный - (In-Cell, Full HD, 120 Гц) (с верификацией = с привязкой без ошибки)",3900 ₽,3320 ₽,/catalog/displei/displey-dlya-iphone-13-pro-max-a2645-v-sbore-s-tachskrinom-chernyy-in-cell-full-hd-120-gts-s-verifik/,2026-09-10 10:49:45
Дисплей для Samsung Galaxy S21+ (G996B) модуль с рамкой Черный - OR (SP),14800 ₽,12590 ₽,/catalog/displei/displey-dlya-samsung-galaxy-s21-g996b-modul-s-ramkoy-chernyy-or-sp/,2026-09-10 10:49:45
"Дисплей для iPhone 12 Pro Max (A2411) в сборе с тачскрином Черный - (In-Cell, Full HD) (с верификацией = с привязкой без ошибки)",3500 ₽,2990 ₽,/catalog/displei/displey-dlya-iphone-12-pro-max-a2411-v-sbore-s-tachskrinom-chernyy-in-cell-full-hd-s-verifikatsiey-s/,2026-09-10 10:49:45
Дисплей для Xiaomi Redmi A1/A1+/Poco C50 (220733SG/220733SFG) в сборе с тачскрином Черный - Оптима,550 ₽,460 ₽,/catalog/displei/displey-dlya-xiaomi-redmi-a1-a1-poco-c50-220733sg-220733sfg-v-sbore-s-tachskrinom-chernyy-optima/,2026-09-10 10:49:45
Дисплей для Samsung Galaxy A33 5G (A336B) модуль с рамкой Голубой - (OLED),2700 ₽,2230 ₽,/catalog/displei/displey-dlya-samsung-galaxy-a33-5g-a336b-modul-s-ramkoy-goluboy-oled/,2026-09-10 10:49:45
Дисплей для Infinix Hot 40 (X6836) в сборе с тачскрином Черный - Оптима,950 ₽,770 ₽,/catalog/displei/displey-dlya-infinix-hot-40-x6836-v-sbore-s-tachskrinom-chernyy-optima/,2026-09-10 10:49:45
Дисплей для Xiaomi Redmi 5 (MDG1) в сборе с тачскрином Черный - Оптима,750 ₽,640 ₽,/catalog/displei/displey-dlya-xiaomi-redmi-5-mdg1-v-sbore-s-tachskrinom-chernyy-optima/,2026-09-10 10:49:45
Дисплей для Xiaomi Redmi Note 13 Pro+ (23090RA98C/23090RA98G/23090RA98I) модуль с рамкой Черный - OR (SP),8500 ₽,7190 ₽,/catalog/displei/displey-dlya-xiaomi-redmi-note-13-pro-23090ra98c-23090ra98g-23090ra98i-modul-s-ramkoy-chernyy-or-sp/,2026-09-10 10:49:45
Дисплей для Realme 9 Pro/Q5 (RMX3472/RMX3471) в сборе с тачскрином Черный - Оптима,900 ₽,750 ₽,/catalog/displei/displey-dlya-realme-9-pro-q5-rmx3472-rmx3471-v-sbore-s-tachskrinom-chernyy-optima/,2026-09-10 10:49:45
Дисплей для Vivo Y12/Y11/Y17/Y3 (1904/1906/1902) в сборе с тачскрином Черный - Оптима,800 ₽,670 ₽,/catalog/displei/displey-dlya-vivo-y12-y11-y17-y3-1904-1906-1902-v-sbore-s-tachskrinom-chernyy-optima/,2026-09-10 10:49:45
Дисплей для Realme Narzo 50A (RMX3430) в сборе с тачскрином Черный - Оптима,700 ₽,590 ₽,/catalog/displei/displey-dlya-realme-narzo-50a-rmx3430-v-sbore-s-tachskrinom-chernyy-optima/,2026-09-10 10:49:45
Дисплей для Xiaomi 14T (2406APNFAG) модуль с рамкой Черный - OR (SP),11400 ₽,9690 ₽,/catalog/displei/displey-dlya-xiaomi-14t-2406apnfag-modul-s-ramkoy-chernyy-or-sp/,2026-09-10 10:49:45
Дисплей для Samsung Galaxy A5 2016 (A510F) в сборе с тачскрином Черный - (OLED),1400 ₽,1190 ₽,/catalog/displei/displey-dlya-samsung-galaxy-a5-2016-a510f-v-sbore-s-tachskrinom-chernyy-oled/,2026-09-10 10:49:45
Дисплей для Samsung Galaxy A8+ 2018 (A730F) в сборе с тачскрином Черный - (In-Cell),950 ₽,790 ₽,/catalog/displei/displey-dlya-samsung-galaxy-a8-2018-a730f-v-sbore-s-tachskrinom-chernyy-in-cell/,2026-09-10 10:49:45
Дисплей для Samsung Galaxy A53 5G (A536B) модуль с рамкой Белый - OR (SP),8100 ₽,6870 ₽,/catalog/displei/displey-dlya-samsung-galaxy-a53-5g-a536b-modul-s-ramkoy-belyy-or-sp/,2026-09-10 10:49:45
Дисплей для Xiaomi Mi 11 (M2011K2G) модуль с рамкой Черный - OR,8000 ₽,6830 ₽,/catalog/displei/displey-dlya-xiaomi-mi-11-m2011k2g-modul-s-ramkoy-chernyy-or/,2026-09-10 10:49:45
Дисплей для Samsung Galaxy J5 2017 (J530F) в сборе с тачскрином Черный - (In-Cell),750 ₽,630 ₽,/catalog/displei/displey-dlya-samsung-galaxy-j5-2017-j530f-v-sbore-s-tachskrinom-chernyy-in-cell/,2026-09-10 10:49:45
Дисплей для Tecno Spark Slim (KM7k) в сборе с тачскрином Черный - OR,4000 ₽,3340 ₽,/catalog/displei/displey-dlya-tecno-spark-slim-km7k-v-sbore-s-tachskrinom-chernyy-or/,2026-09-10 10:49:45
Дисплей для Infinix Hot 11S (X6812B) в сборе с тачскрином Черный - Оптима,900 ₽,740 ₽,/catalog/displei/displey-dlya-infinix-hot-11s-x6812b-v-sbore-s-tachskrinom-chernyy-optima/,2026-09-10 10:49:45
Дисплей для Huawei Honor 9/9 Premium (STF-L09/STF-AL10) в сборе с тачскрином Серый - Оптима,1000 ₽,850 ₽,/catalog/displei/displey-dlya-huawei-honor-9-9-premium-stf-l09-stf-al10-v-sbore-s-tachskrinom-seryy-optima/,2026-09-10 10:49:45
Дисплей для Infinix Zero X Pro (X6811) в сборе с тачскрином Черный - (OLED),3000 ₽,2490 ₽,/catalog/displei/displey-dlya-infinix-zero-x-pro-x6811-v-sbore-s-tachskrinom-chernyy-oled/,2026-09-10 10:49:45
Дисплей для Xiaomi Poco X8 Pro 5G (2511FPC34G) в сборе с тачскрином Черный - OR,5300 ₽,4520 ₽,/catalog/displei/displey-dlya-xiaomi-poco-x8-pro-5g-2511fpc34g-v-sbore-s-tachskrinom-chernyy-or/,2026-09-10 10:49:45
Дисплей для OPPO RX17 Neo (CPH1893) в сборе с тачскрином Черный - (OLED),2200 ₽,1820 ₽,/catalog/displei/displey-dlya-oppo-rx17-neo-cph1893-v-sbore-s-tachskrinom-chernyy-oled/,2026-09-10 10:49:45
Дисплей для Xiaomi 15 (24129PN74G) в сборе с тачскрином Черный - OR,4300 ₽,3620 ₽,/catalog/displei/displey-dlya-xiaomi-15-24129pn74g-v-sbore-s-tachskrinom-chernyy-or/,2026-09-10 10:49:45
Дисплей для Samsung Galaxy A05 (A055F) в сборе с тачскрином Черный Mecanico - AMP,700 ₽,590 ₽,/catalog/displei/displey-dlya-samsung-galaxy-a05-a055f-v-sbore-s-tachskrinom-chernyy-mecanico-amp/,2026-09-10 10:49:45
Дисплей для Samsung Galaxy A14 5G (A146B) в сборе с тачскрином Черный - Оптима,900 ₽,760 ₽,/catalog/displei/displey-dlya-samsung-galaxy-a14-5g-a146b-v-sbore-s-tachskrinom-chernyy-optima/,2026-09-10 10:49:45
Дисплей для Infinix Hot 40 Pro (X6837) в сборе с тачскрином Черный - Оптима,850 ₽,690 ₽,/catalog/displei/displey-dlya-infinix-hot-40-pro-x6837-v-sbore-s-tachskrinom-chernyy-optima/,2026-09-10 10:49:45
Дисплей для Nokia 7 Plus (TA-1046) в сборе с тачскрином Черный - Оптима,550 ₽,450 ₽,/catalog/displei/displey-dlya-nokia-7-plus-ta-1046-v-sbore-s-tachskrinom-chernyy-optima/,2026-09-10 10:49:45
"Дисплей для iPhone 16 Pro (A3293) в сборе с тачскрином Черный - (In-Cell, Full HD) (площадка под IC)",3200 ₽,2690 ₽,/catalog/displei/displey-dlya-iphone-16-pro-a3293-v-sbore-s-tachskrinom-chernyy-in-cell-full-hd-ploshchadka-pod-ic/,2026-09-10 10:49:45
Дисплей для Samsung Galaxy A06 4G (A065F) в сборе с тачскрином Черный - Оптима,850 ₽,690 ₽,/catalog/displei/displey-dlya-samsung-galaxy-a06-4g-a065f-v-sbore-s-tachskrinom-chernyy-optima/,2026-09-10 10:49:45
Дисплей для Huawei Honor 200 (ELI-AN00) в сборе с тачскрином Черный - (In-Cell),1400 ₽,1190 ₽,/catalog/displei/displey-dlya-huawei-honor-200-eli-an00-v-sbore-s-tachskrinom-chernyy-in-cell/,2026-09-10 10:49:45
Дисплей для Huawei Honor X7/Play6/Enjoy 30 Plus (CMA-LX1/CMA-LX2) в сборе с тачскрином Черный Mecanico - AMP,800 ₽,660 ₽,/catalog/displei/displey-dlya-huawei-honor-x7-play6-enjoy-30-plus-cma-lx1-cma-lx2-v-sbore-s-tachskrinom-chernyy-mecan/,2026-09-10 10:49:45
Дисплей для Nokia 3.4/5.4 (TA-1283/TA-1333) в сборе с тачскрином Черный - Оптима,900 ₽,760 ₽,/catalog/displei/displey-dlya-nokia-3-4-5-4-ta-1283-ta-1333-v-sbore-s-tachskrinom-chernyy-optima/,2026-09-10 10:49:45
Дисплей для Huawei Honor X8a 4G/90 Lite (CRT-LX1/CRT-NX1) в сборе с тачскрином Черный Mecanico - AMP,1100 ₽,860 ₽,/catalog/displei/displey-dlya-huawei-honor-x8a-4g-90-lite-crt-lx1-crt-nx1-v-sbore-s-tachskrinom-chernyy-mecanico-amp/,2026-09-10 10:49:45
Дисплей для Samsung Galaxy S20 FE/S20 FE 5G (G780F/G781B) модуль с рамкой Зеленый - Сервисный Оригинал,7200 ₽,6140 ₽,/catalog/displei/displey-dlya-samsung-galaxy-s20-fe-s20-fe-5g-g780f-g781b-modul-s-ramkoy-zelenyy-servisnyy-original/,2026-09-10 10:49:45
Дисплей для Tecno Camon 12 (CC7) в сборе с тачскрином Черный - Оптима,800 ₽,650 ₽,/catalog/displei/displey-dlya-tecno-camon-12-cc7-v-sbore-s-tachskrinom-chernyy-optima/,2026-09-10 10:49:45
Дисплей для Samsung Galaxy A14 4G (A145F) в сборе с тачскрином Черный Mecanico - AMP,700 ₽,590 ₽,/catalog/displei/displey-dlya-samsung-galaxy-a14-4g-a145f-v-sbore-s-tachskrinom-chernyy-mecanico-amp/,2026-09-10 10:49:45
"Дисплей для Samsung Galaxy Tab A 8"" 2019 LTE (T295) в сборе с тачскрином Белый - Оптима",1300 ₽,1050 ₽,/catalog/displei/displey-dlya-samsung-galaxy-tab-a-8-2019-lte-t295-v-sbore-s-tachskrinom-belyy-optima/,2026-09-10 10:49:45
Дисплей для Vivo Y35 (V2205) в сборе с тачскрином Черный - Оптима,850 ₽,690 ₽,/catalog/displei/displey-dlya-vivo-y35-v2205-v-sbore-s-tachskrinom-chernyy-optima/,2026-09-10 10:49:45
Дисплей для Xiaomi Poco M7 Pro 5G (2409FPCC4G) в сборе с тачскрином Черный - (In-Cell),1000 ₽,850 ₽,/catalog/displei/displey-dlya-xiaomi-poco-m7-pro-5g-2409fpcc4g-v-sbore-s-tachskrinom-chernyy-in-cell/,2026-09-10 10:49:45
Дисплей для Samsung Galaxy J6 2018 (J600F) в сборе с тачскрином Черный - (OLED),2400 ₽,2050 ₽,/catalog/displei/displey-dlya-samsung-galaxy-j6-2018-j600f-v-sbore-s-tachskrinom-chernyy-oled/,2026-09-10 10:49:45
Дисплей для Samsung Galaxy A14 5G (A146B) в сборе с тачскрином Черный Mecanico - AMP,800 ₽,670 ₽,/catalog/displei/displey-dlya-samsung-galaxy-a14-5g-a146b-v-sbore-s-tachskrinom-chernyy-mecanico-amp/,2026-09-10 10:49:45
"Дисплей для Samsung Galaxy Tab A 10.5"" 2018 (T590/T595) в сборе с тачскрином Черный - Оптима",3000 ₽,2550 ₽,/catalog/displei/displey-dlya-samsung-galaxy-tab-a-10-5-2018-t590-t595-v-sbore-s-tachskrinom-chernyy-optima/,2026-09-10 10:49:45
Дисплей для Huawei Honor X7b 4G/90 Smart (CLK-LX1/CLK-NX1) в сборе с тачскрином Черный Mecanico - AMP,1100 ₽,890 ₽,/catalog/displei/displey-dlya-huawei-honor-x7b-4g-90-smart-clk-lx1-clk-nx1-v-sbore-s-tachskrinom-chernyy-mecanico-amp/,2026-09-10 10:49:45
Дисплей для Samsung Galaxy J2 2018 (J250F) в сборе с тачскрином Черный - (In-Cell),600 ₽,490 ₽,/catalog/displei/displey-dlya-samsung-galaxy-j2-2018-j250f-v-sbore-s-tachskrinom-chernyy-in-cell/,2026-09-10 10:49:45
Дисплей для Huawei Honor 600 Lite (LNA-NX1) в сборе с тачскрином Черный - OR,6900 ₽,5850 ₽,/catalog/displei/displey-dlya-huawei-honor-600-lite-lna-nx1-v-sbore-s-tachskrinom-chernyy-or/,2026-09-10 10:49:45
Дисплей для Xiaomi Mi Mix 3 (M1810E5A) в сборе с тачскрином Черный - (OLED),3400 ₽,2840 ₽,/catalog/displei/displey-dlya-xiaomi-mi-mix-3-m1810e5a-v-sbore-s-tachskrinom-chernyy-oled/,2026-09-10 10:49:45
Дисплей для Google Pixel 6 Pro (GLUOG/G8VOU/GF5KQ) в сборе с тачскрином Черный - OR,13700 ₽,11690 ₽,/catalog/displei/displey-dlya-google-pixel-6-pro-gluog-g8vou-gf5kq-v-sbore-s-tachskrinom-chernyy-or/,2026-09-10 10:49:45
Дисплей для Oukitel WP60 в сборе с тачскрином Черный - Оптима,1900 ₽,1590 ₽,/catalog/displei/displey-dlya-oukitel-wp60-v-sbore-s-tachskrinom-chernyy-optima/,2026-09-10 10:49:45
Дисплей для Huawei P50 Pro (JAD-LX9) в сборе с тачскрином Черный - OR,3900 ₽,3290 ₽,/catalog/displei/displey-dlya-huawei-p50-pro-jad-lx9-v-sbore-s-tachskrinom-chernyy-or/,2026-09-10 10:49:45
"Дисплей для Huawei MatePad Pro 12.2"" 2024 (MRO-W09) в сборе с тачскрином Черный - OR",15200 ₽,12990 ₽,/catalog/displei/displey-dlya-huawei-matepad-pro-12-2-2024-mro-w09-v-sbore-s-tachskrinom-chernyy-or/,2026-09-10 10:49:45
Дисплей для Asus ZenFone 10 (AI2302) в сборе с тачскрином Черный - OR,4300 ₽,3640 ₽,/catalog/displei/displey-dlya-asus-zenfone-10-ai2302-v-sbore-s-tachskrinom-chernyy-or/,2026-09-10 10:49:45
Дисплей для Xiaomi Black Shark 5 (PAR-A0) в сборе с тачскрином Черный - OR,4600 ₽,3920 ₽,/catalog/displei/displey-dlya-xiaomi-black-shark-5-par-a0-v-sbore-s-tachskrinom-chernyy-or/,2026-09-10 10:49:45
Дисплей для ZTE Nubia Neo 2 5G в сборе с тачскрином Черный - Оптима,1200 ₽,970 ₽,/catalog/displei/displey-dlya-zte-nubia-neo-2-5g-v-sbore-s-tachskrinom-chernyy-optima/,2026-09-10 10:49:45
Дисплей для Tecno Pova 7 Pro 5G (LJ8) в сборе с тачскрином Черный - (OLED),3300 ₽,2790 ₽,/catalog/displei/displey-dlya-tecno-pova-7-pro-5g-lj8-v-sbore-s-tachskrinom-chernyy-oled/,2026-09-10 10:49:45
"Дисплей для iPhone 15 Pro (A3102) в сборе с тачскрином Черный - DD (Soft OLED, Full HD, 120 Гц) (с верификацией = с привязкой без ошибки)",7400 ₽,6290 ₽,/catalog/displei/displey-dlya-iphone-15-pro-a3102-v-sbore-s-tachskrinom-chernyy-dd-soft-oled-full-hd-120-gts-s-verifi/,2026-09-10 10:49:45
Дисплей для Realme GT 7T (RMX5085) в сборе с тачскрином Черный - OR,4700 ₽,3940 ₽,/catalog/displei/displey-dlya-realme-gt-7t-rmx5085-v-sbore-s-tachskrinom-chernyy-or-3ef3fd914c3c11f0b32800155d59fe46/,2026-09-10 10:49:45
Дисплей для Motorola Moto G85 (XT2427-3) в сборе с тачскрином Черный - OR,2900 ₽,2450 ₽,/catalog/displei/displey-dlya-motorola-moto-g85-xt2427-3-v-sbore-s-tachskrinom-chernyy-or/,2026-09-10 10:49:45
Дисплей для Nokia C20 (TA-1352) в сборе с тачскрином Черный - Оптима,600 ₽,480 ₽,/catalog/displei/displey-dlya-nokia-c20-ta-1352-v-sbore-s-tachskrinom-chernyy-optima/,2026-09-10 10:49:45
"Дисплей для TCL 50 Pro NXTPAPER 5G (T803E) в сборе с тачскрином Черный - OR (Full HD, 300 Кд/м², 120 Гц)",1500 ₽,1250 ₽,/catalog/displei/displey-dlya-tcl-50-pro-nxtpaper-5g-t803e-v-sbore-s-tachskrinom-chernyy-or/,2026-09-10 10:49:45
"Дисплей для Huawei MatePad Pro 11"" 2022 (GOT-AL09/GOT-W29) в сборе с тачскрином Черный - OR",17700 ₽,15090 ₽,/catalog/displei/displey-dlya-huawei-matepad-pro-11-2022-got-al09-got-w29-v-sbore-s-tachskrinom-chernyy-or/,2026-09-10 10:49:45
Дисплей для TCL 20B (6159K) в сборе с тачскрином Черный - Оптима,950 ₽,780 ₽,/catalog/displei/displey-dlya-tcl-20b-6159k-v-sbore-s-tachskrinom-chernyy-optima/,2026-09-10 10:49:45
Дисплей для Nothing Phone 2 (A065) в сборе с тачскрином Черный - OR,4300 ₽,3660 ₽,/catalog/displei/displey-dlya-nothing-phone-2-a065-v-sbore-s-tachskrinom-chernyy-or/,2026-09-10 10:49:45
Дисплей для OPPO F5/F5 Youth (CPH1723/CPH1725) в сборе с тачскрином Черный - Оптима,800 ₽,660 ₽,/catalog/displei/displey-dlya-oppo-f5-f5-youth-cph1723-cph1725-v-sbore-s-tachskrinom-chernyy-optima/,2026-09-10 10:49:45
Дисплей для Vivo Y30 (1938) в сборе с тачскрином Черный - Оптима,800 ₽,650 ₽,/catalog/displei/displey-dlya-vivo-y30-1938-v-sbore-s-tachskrinom-chernyy-optima/,2026-09-10 10:49:45
Дисплей для Ulefone Armor X8/X8i в сборе с тачскрином Черный - Оптима,1400 ₽,1190 ₽,/catalog/displei/displey-dlya-ulefone-armor-x8-x8i-v-sbore-s-tachskrinom-chernyy-optima/,2026-09-10 10:49:45
"Дисплей для OPPO A6 4G (CPH2817) в сборе с тачскрином Черный - OR (HD+, 300 Кд/м², 60 Гц)",950 ₽,790 ₽,/catalog/displei/displey-dlya-oppo-a6-4g-cph2817-v-sbore-s-tachskrinom-chernyy-or/,2026-09-10 10:49:45
Дисплей для Realme 16 5G (RMX5171) в сборе с тачскрином Черный - OR,5400 ₽,4570 ₽,/catalog/displei/displey-dlya-realme-16-5g-rmx5171-v-sbore-s-tachskrinom-chernyy-or/,2026-09-10 10:49:45
"Дисплей для OPPO A6x 4G (CPH2819) в сборе с тачскрином Черный - OR (HD+, 300 Кд/м², 60 Гц)",1100 ₽,890 ₽,/catalog/displei/displey-dlya-oppo-a6x-4g-cph2819-v-sbore-s-tachskrinom-chernyy-or/,2026-09-10 10:49:45
Дисплей для OnePlus 7T (HD1900) в сборе с тачскрином Черный - (OLED),2300 ₽,1890 ₽,/catalog/displei/displey-dlya-oneplus-7t-hd1900-v-sbore-s-tachskrinom-chernyy-oled/,2026-09-10 10:49:45
"Дисплей для Vivo Y05 4G (V2556) в сборе с тачскрином Черный - OR (HD+, 300 Кд/м², 90 Гц)",1200 ₽,960 ₽,/catalog/displei/displey-dlya-vivo-y05-4g-v2556-v-sbore-s-tachskrinom-chernyy-or-hd-300-kd-m-90-gts/,2026-09-10 10:49:45
Дисплей для Wiko T50 в сборе с тачскрином Черный - Оптима,1200 ₽,1020 ₽,/catalog/displei/displey-dlya-wiko-t50-v-sbore-s-tachskrinom-chernyy-optima/,2026-09-10 10:49:45
Дисплей для Realme 13+ 5G (RMX5000/RMX5002) в сборе с тачскрином Черный - (In-Cell),1100 ₽,880 ₽,/catalog/displei/displey-dlya-realme-13-5g-rmx5000-rmx5002-v-sbore-s-tachskrinom-chernyy-in-cell/,2026-09-10 10:49:45
Дисплей для Blackview BV5800/BV5800 Pro в сборе с тачскрином Черный - Оптима,1560 ₽,1360 ₽,/catalog/displei/displey-dlya-blackview-bv5800-bv5800-pro-v-sbore-s-tachskrinom-chernyy-optima/,2026-09-10 10:49:45
